2026-02-12 11:19:09,227 - INFO - ============================================================
2026-02-12 11:19:09,227 - INFO - Starting PDF Crawler
2026-02-12 11:19:09,227 - INFO - Start URL: https://www.technology1.com/company/investors
2026-02-12 11:19:09,227 - INFO - Max Depth: 3
2026-02-12 11:19:09,227 - INFO - Allowed Domains: www.technology1.com
2026-02-12 11:19:09,227 - INFO - Output Directory: pdfs
2026-02-12 11:19:09,227 - INFO - ============================================================
2026-02-12 11:19:09,227 - INFO - 
[Phase 1] Crawling pages...
2026-02-12 11:19:09,227 - INFO - Crawling (depth 0): https://www.technology1.com/company/investors
2026-02-12 11:19:14,400 - ERROR - Failed to crawl https://www.technology1.com/company/investors: 403 Client Error: Forbidden for url: https://www.technology1.com/company/investors
2026-02-12 11:19:14,400 - INFO - 
[Phase 2] Downloading 0 PDF(s)...
2026-02-12 11:19:14,400 - INFO - 
[Phase 3] Writing manifest...
2026-02-12 11:19:14,400 - INFO - Manifest written to: pdfs\manifest.json
2026-02-12 11:19:36,305 - INFO - ============================================================
2026-02-12 11:19:36,305 - INFO - Starting PDF Crawler
2026-02-12 11:19:36,305 - INFO - Start URL: https://www.technology1.com/company/investors
2026-02-12 11:19:36,305 - INFO - Max Depth: 3
2026-02-12 11:19:36,305 - INFO - Allowed Domains: www.technology1.com
2026-02-12 11:19:36,305 - INFO - Output Directory: pdfs
2026-02-12 11:19:36,305 - INFO - ============================================================
2026-02-12 11:19:36,305 - INFO - 
[Phase 1] Crawling pages...
2026-02-12 11:19:36,305 - INFO - Crawling (depth 0): https://www.technology1.com/company/investors
2026-02-12 11:19:36,809 - ERROR - Failed to crawl https://www.technology1.com/company/investors: 403 Client Error: Forbidden for url: https://www.technology1.com/company/investors
2026-02-12 11:19:36,825 - INFO - 
[Phase 2] Downloading 0 PDF(s)...
2026-02-12 11:19:36,825 - INFO - 
[Phase 3] Writing manifest...
2026-02-12 11:19:36,825 - INFO - Manifest written to: pdfs\manifest.json
2026-02-12 11:20:52,199 - INFO - ============================================================
2026-02-12 11:20:52,199 - INFO - Starting PDF Crawler
2026-02-12 11:20:52,199 - INFO - Start URL: https://www.technology1.com/company/investors
2026-02-12 11:20:52,199 - INFO - Max Depth: 3
2026-02-12 11:20:52,199 - INFO - Allowed Domains: www.technology1.com
2026-02-12 11:20:52,199 - INFO - Output Directory: pdfs
2026-02-12 11:20:52,213 - INFO - ============================================================
2026-02-12 11:20:52,213 - INFO - 
[Phase 1] Crawling pages...
2026-02-12 11:20:52,213 - INFO - Crawling (depth 0): https://www.technology1.com/company/investors
2026-02-12 11:20:52,667 - ERROR - Failed to crawl https://www.technology1.com/company/investors: 403 Client Error: Forbidden for url: https://www.technology1.com/company/investors
2026-02-12 11:20:52,667 - INFO - 
[Phase 2] Downloading 0 PDF(s)...
2026-02-12 11:20:52,667 - INFO - 
[Phase 3] Writing manifest...
2026-02-12 11:20:52,667 - INFO - Manifest written to: pdfs\manifest.json
2026-02-12 11:23:17,024 - INFO - ============================================================
2026-02-12 11:23:17,024 - INFO - Starting PDF Crawler
2026-02-12 11:23:17,024 - INFO - Start URL: https://www.technology1.com/company/investors
2026-02-12 11:23:17,024 - INFO - Max Depth: 3
2026-02-12 11:23:17,024 - INFO - Allowed Domains: www.technology1.com
2026-02-12 11:23:17,024 - INFO - Output Directory: pdfs
2026-02-12 11:23:17,024 - INFO - ============================================================
2026-02-12 11:23:17,024 - INFO - 
[Phase 1] Crawling pages...
2026-02-12 11:23:17,024 - INFO - Crawling (depth 0): https://www.technology1.com/company/investors
2026-02-12 11:23:17,491 - ERROR - Failed to crawl https://www.technology1.com/company/investors: 403 Client Error: Forbidden for url: https://www.technology1.com/company/investors
2026-02-12 11:23:17,491 - INFO - 
[Phase 2] Downloading 0 PDF(s)...
2026-02-12 11:23:17,491 - INFO - 
[Phase 3] Writing manifest...
2026-02-12 11:23:17,491 - INFO - Manifest written to: pdfs\manifest.json
2026-02-12 11:28:47,199 - INFO - ============================================================
2026-02-12 11:28:47,199 - INFO - Starting PDF Crawler
2026-02-12 11:28:47,199 - INFO - Start URL: https://www.technology1.com/company/investors
2026-02-12 11:28:47,199 - INFO - Max Depth: 3
2026-02-12 11:28:47,199 - INFO - Allowed Domains: www.technology1.com
2026-02-12 11:28:47,199 - INFO - Output Directory: pdfs
2026-02-12 11:28:47,199 - INFO - ============================================================
2026-02-12 11:28:47,199 - INFO - 
[Phase 1] Crawling pages...
2026-02-12 11:28:47,199 - INFO - Crawling (depth 0): https://www.technology1.com/company/investors
2026-02-12 11:28:48,578 - ERROR - Failed to crawl https://www.technology1.com/company/investors: 403 Client Error: Forbidden for url: https://www.technology1.com/company/investors
2026-02-12 11:28:48,578 - INFO - 
[Phase 2] Downloading 0 PDF(s)...
2026-02-12 11:28:48,578 - INFO - 
[Phase 3] Writing manifest...
2026-02-12 11:28:48,594 - INFO - Manifest written to: pdfs\manifest.json
2026-02-12 11:35:27,073 - INFO - ============================================================
2026-02-12 11:35:27,073 - INFO - Starting PDF Crawler (Selenium)
2026-02-12 11:35:27,073 - INFO - Start URL: https://www.technology1.com/company/investors
2026-02-12 11:35:27,073 - INFO - Max Depth: 3
2026-02-12 11:35:27,073 - INFO - Allowed Domains: www.technology1.com
2026-02-12 11:35:27,073 - INFO - Output Directory: pdfs
2026-02-12 11:35:27,073 - INFO - Headless Mode: False
2026-02-12 11:35:27,073 - INFO - ============================================================
2026-02-12 11:35:27,073 - INFO - Initializing browser...
2026-02-12 11:35:40,809 - INFO - 
[Phase 1] Crawling pages...
2026-02-12 11:35:40,809 - INFO - Crawling (depth 0): https://www.technology1.com/company/investors
2026-02-12 11:35:58,601 - INFO - Found 0 new PDF(s) on https://www.technology1.com/company/investors
2026-02-12 11:35:58,601 - INFO - Crawling (depth 1): https://www.technology1.com/industries/asset-and-project-intensive/resources
2026-02-12 11:36:04,499 - INFO - Found 0 new PDF(s) on https://www.technology1.com/industries/asset-and-project-intensive/resources
2026-02-12 11:36:04,499 - INFO - Crawling (depth 2): https://www.technology1.com/company/about-us/history
2026-02-12 11:36:08,927 - INFO - Found 0 new PDF(s) on https://www.technology1.com/company/about-us/history
2026-02-12 11:36:08,927 - INFO - Crawling (depth 3): https://www.technology1.com/products/enterprise-content-management
2026-02-12 11:36:15,004 - INFO - Found 0 new PDF(s) on https://www.technology1.com/products/enterprise-content-management
2026-02-12 11:36:15,006 - INFO - Crawling (depth 3): https://www.technology1.com/company/life-at-techone/life-at-technologyone
2026-02-12 11:36:22,758 - INFO - Found 0 new PDF(s) on https://www.technology1.com/company/life-at-techone/life-at-technologyone
2026-02-12 11:36:22,758 - INFO - Crawling (depth 3): https://www.technology1.com/industries/education
2026-02-12 11:36:35,378 - INFO - Found 0 new PDF(s) on https://www.technology1.com/industries/education
2026-02-12 11:36:35,386 - INFO - Crawling (depth 3): https://www.technology1.com/company/investors/corporate-governance
2026-02-12 11:36:47,911 - INFO - Found 20 new PDF(s) on https://www.technology1.com/company/investors/corporate-governance
2026-02-12 11:36:47,911 - INFO - Crawling (depth 3): https://www.technology1.com/privacy-policy
2026-02-12 11:36:53,070 - INFO - Found 2 new PDF(s) on https://www.technology1.com/privacy-policy
2026-02-12 11:36:53,070 - INFO - Crawling (depth 3): https://www.technology1.com/industries/financial-and-corporate/resources
2026-02-12 11:36:59,061 - INFO - Found 0 new PDF(s) on https://www.technology1.com/industries/financial-and-corporate/resources
2026-02-12 11:36:59,061 - INFO - Crawling (depth 3): https://www.technology1.com/industries/asset-and-project-intensive/book-a-demo
2026-02-12 11:37:27,958 - INFO - Found 0 new PDF(s) on https://www.technology1.com/industries/asset-and-project-intensive/book-a-demo
2026-02-12 11:37:27,958 - INFO - Crawling (depth 3): https://www.technology1.com/saas-plus/support-and-training
2026-02-12 11:37:58,646 - INFO - Found 0 new PDF(s) on https://www.technology1.com/saas-plus/support-and-training
2026-02-12 11:37:58,646 - INFO - Crawling (depth 3): https://www.technology1.com/company/about-us/core-beliefs
2026-02-12 11:38:06,214 - INFO - Found 0 new PDF(s) on https://www.technology1.com/company/about-us/core-beliefs
2026-02-12 11:38:06,214 - INFO - Crawling (depth 3): https://www.technology1.com/products/corporate-performance-management
2026-02-12 11:38:11,651 - INFO - Found 0 new PDF(s) on https://www.technology1.com/products/corporate-performance-management
2026-02-12 11:38:11,651 - INFO - Crawling (depth 3): https://www.technology1.com/products/financials
2026-02-12 11:38:16,939 - INFO - Found 0 new PDF(s) on https://www.technology1.com/products/financials
2026-02-12 11:38:16,939 - INFO - Crawling (depth 3): https://www.technology1.com/saas-plus/security
2026-02-12 11:38:24,761 - INFO - Found 7 new PDF(s) on https://www.technology1.com/saas-plus/security
2026-02-12 11:38:24,761 - INFO - Crawling (depth 3): https://www.technology1.com/company/life-at-techone
2026-02-12 11:38:31,376 - INFO - Found 0 new PDF(s) on https://www.technology1.com/company/life-at-techone
2026-02-12 11:38:31,376 - INFO - Crawling (depth 3): https://www.technology1.com/industries/local-government
2026-02-12 11:38:38,384 - INFO - Found 0 new PDF(s) on https://www.technology1.com/industries/local-government
2026-02-12 11:38:38,384 - INFO - Crawling (depth 3): https://www.technology1.com/industries/financial-and-corporate/solution
2026-02-12 11:38:43,196 - INFO - Found 0 new PDF(s) on https://www.technology1.com/industries/financial-and-corporate/solution
2026-02-12 11:38:43,196 - INFO - Crawling (depth 3): https://www.technology1.com/products/human-resources-and-payroll
2026-02-12 11:38:50,769 - INFO - Found 0 new PDF(s) on https://www.technology1.com/products/human-resources-and-payroll
2026-02-12 11:38:50,769 - INFO - Crawling (depth 3): https://www.technology1.com/products/supply-chain-management
2026-02-12 11:38:56,879 - INFO - Found 0 new PDF(s) on https://www.technology1.com/products/supply-chain-management
2026-02-12 11:38:56,879 - INFO - Crawling (depth 3): https://www.technology1.com/saas-plus/erp-in-30-days
2026-02-12 11:39:01,389 - INFO - Found 0 new PDF(s) on https://www.technology1.com/saas-plus/erp-in-30-days
2026-02-12 11:39:01,389 - INFO - Crawling (depth 3): https://www.technology1.com/company/foundation
2026-02-12 11:39:10,842 - INFO - Found 0 new PDF(s) on https://www.technology1.com/company/foundation
2026-02-12 11:39:10,842 - INFO - Crawling (depth 3): https://www.technology1.com/resources/case-studies
2026-02-12 11:39:16,101 - INFO - Found 0 new PDF(s) on https://www.technology1.com/resources/case-studies
2026-02-12 11:39:16,101 - INFO - Crawling (depth 3): https://www.technology1.com/products/performance-planning
2026-02-12 11:39:21,641 - INFO - Found 0 new PDF(s) on https://www.technology1.com/products/performance-planning
2026-02-12 11:39:21,641 - INFO - Crawling (depth 3): https://www.technology1.com/industries/government/resources
2026-02-12 11:39:28,249 - INFO - Found 0 new PDF(s) on https://www.technology1.com/industries/government/resources
2026-02-12 11:39:28,249 - INFO - Crawling (depth 3): https://www.technology1.com/products/property-and-rating
2026-02-12 11:39:33,420 - INFO - Found 0 new PDF(s) on https://www.technology1.com/products/property-and-rating
2026-02-12 11:39:33,420 - INFO - Crawling (depth 3): https://www.technology1.com/industries/local-government/solution
2026-02-12 11:39:38,410 - INFO - Found 0 new PDF(s) on https://www.technology1.com/industries/local-government/solution
2026-02-12 11:39:38,410 - INFO - Crawling (depth 3): https://www.technology1.com/products/enterprise-budgeting
2026-02-12 11:39:43,483 - INFO - Found 0 new PDF(s) on https://www.technology1.com/products/enterprise-budgeting
2026-02-12 11:39:43,483 - INFO - Crawling (depth 3): https://www.technology1.com/industries/health-and-community-services/book-a-demo
2026-02-12 11:39:47,860 - INFO - Found 0 new PDF(s) on https://www.technology1.com/industries/health-and-community-services/book-a-demo
2026-02-12 11:39:47,860 - INFO - Crawling (depth 3): https://www.technology1.com/products/student-management
2026-02-12 11:39:53,798 - INFO - Found 0 new PDF(s) on https://www.technology1.com/products/student-management
2026-02-12 11:39:53,798 - INFO - Crawling (depth 3): https://www.technology1.com/company/investors/board-of-directors
2026-02-12 11:39:57,927 - INFO - Found 0 new PDF(s) on https://www.technology1.com/company/investors/board-of-directors
2026-02-12 11:39:57,927 - INFO - Crawling (depth 3): https://www.technology1.com/industries/financial-and-corporate
2026-02-12 11:40:04,196 - INFO - Found 0 new PDF(s) on https://www.technology1.com/industries/financial-and-corporate
2026-02-12 11:40:04,196 - INFO - Crawling (depth 3): https://www.technology1.com/company/life-at-techone/technologyone-at-work
2026-02-12 11:40:09,526 - INFO - Found 0 new PDF(s) on https://www.technology1.com/company/life-at-techone/technologyone-at-work
2026-02-12 11:40:09,526 - INFO - Crawling (depth 3): https://www.technology1.com/saas-plus
2026-02-12 11:40:14,110 - INFO - Found 0 new PDF(s) on https://www.technology1.com/saas-plus
2026-02-12 11:40:14,110 - INFO - Crawling (depth 3): https://www.technology1.com/products/plus
2026-02-12 11:40:40,875 - INFO - Found 0 new PDF(s) on https://www.technology1.com/products/plus
2026-02-12 11:40:40,875 - INFO - Crawling (depth 3): https://www.technology1.com/company/about-us/values
2026-02-12 11:40:51,898 - INFO - Found 0 new PDF(s) on https://www.technology1.com/company/about-us/values
2026-02-12 11:40:51,898 - INFO - Crawling (depth 3): https://www.technology1.com/products/dxp-student
2026-02-12 11:40:57,380 - INFO - Found 0 new PDF(s) on https://www.technology1.com/products/dxp-student
2026-02-12 11:40:57,380 - INFO - Crawling (depth 3): https://www.technology1.com/industries/health-and-community-services/solution
2026-02-12 11:41:02,071 - INFO - Found 0 new PDF(s) on https://www.technology1.com/industries/health-and-community-services/solution
2026-02-12 11:41:02,071 - INFO - Crawling (depth 3): https://www.technology1.com/industries/education/book-a-demo
2026-02-12 11:41:06,427 - INFO - Found 0 new PDF(s) on https://www.technology1.com/industries/education/book-a-demo
2026-02-12 11:41:06,427 - INFO - Crawling (depth 3): https://www.technology1.com/industries/health-and-community-services/resources
2026-02-12 11:41:11,144 - INFO - Found 0 new PDF(s) on https://www.technology1.com/industries/health-and-community-services/resources
2026-02-12 11:41:11,144 - INFO - Crawling (depth 3): https://www.technology1.com/industries/local-government/resources
2026-02-12 11:41:16,778 - INFO - Found 0 new PDF(s) on https://www.technology1.com/industries/local-government/resources
2026-02-12 11:41:16,778 - INFO - Crawling (depth 3): https://www.technology1.com/products/dxp-essentials
2026-02-12 11:41:27,564 - INFO - Found 0 new PDF(s) on https://www.technology1.com/products/dxp-essentials
2026-02-12 11:41:27,564 - INFO - Crawling (depth 3): https://www.technology1.com/industries/government/book-a-demo
2026-02-12 11:41:32,245 - INFO - Found 0 new PDF(s) on https://www.technology1.com/industries/government/book-a-demo
2026-02-12 11:41:32,245 - INFO - Crawling (depth 3): https://www.technology1.com/products/dxp-local-government
2026-02-12 11:41:45,344 - INFO - Found 0 new PDF(s) on https://www.technology1.com/products/dxp-local-government
2026-02-12 11:41:45,344 - INFO - Crawling (depth 3): https://www.technology1.com/industries/education/solution
2026-02-12 11:41:50,421 - INFO - Found 0 new PDF(s) on https://www.technology1.com/industries/education/solution
2026-02-12 11:41:50,421 - INFO - Crawling (depth 3): https://www.technology1.com/company/about-us
2026-02-12 11:41:56,492 - INFO - Found 0 new PDF(s) on https://www.technology1.com/company/about-us
2026-02-12 11:41:56,492 - INFO - Crawling (depth 3): https://www.technology1.com
2026-02-12 11:42:01,721 - INFO - Found 0 new PDF(s) on https://www.technology1.com
2026-02-12 11:42:01,721 - INFO - Crawling (depth 3): https://www.technology1.com/industries/financial-and-corporate/book-a-demo
2026-02-12 11:42:07,529 - INFO - Found 0 new PDF(s) on https://www.technology1.com/industries/financial-and-corporate/book-a-demo
2026-02-12 11:42:07,529 - INFO - Crawling (depth 3): https://www.technology1.com/saas-plus/software-releases
2026-02-12 11:42:18,940 - INFO - Found 0 new PDF(s) on https://www.technology1.com/saas-plus/software-releases
2026-02-12 11:42:18,956 - INFO - Crawling (depth 3): https://www.technology1.com/industries/government/solution
2026-02-12 11:42:24,170 - INFO - Found 0 new PDF(s) on https://www.technology1.com/industries/government/solution
2026-02-12 11:42:24,170 - INFO - Crawling (depth 3): https://www.technology1.com/company/life-at-techone/join-the-team
2026-02-12 11:42:27,738 - INFO - Found 0 new PDF(s) on https://www.technology1.com/company/life-at-techone/join-the-team
2026-02-12 11:42:27,738 - INFO - Crawling (depth 3): https://www.technology1.com/industries/local-government/book-a-demo
2026-02-12 11:42:32,584 - INFO - Found 0 new PDF(s) on https://www.technology1.com/industries/local-government/book-a-demo
2026-02-12 11:42:32,584 - INFO - Crawling (depth 3): https://www.technology1.com/saas-plus/our-solutions
2026-02-12 11:42:37,298 - INFO - Found 0 new PDF(s) on https://www.technology1.com/saas-plus/our-solutions
2026-02-12 11:42:37,298 - INFO - Crawling (depth 3): https://www.technology1.com/industries/health-and-community-services
2026-02-12 11:42:44,202 - INFO - Found 0 new PDF(s) on https://www.technology1.com/industries/health-and-community-services
2026-02-12 11:42:44,202 - INFO - Crawling (depth 3): https://www.technology1.com/products/enterprise-cash-receipting
2026-02-12 11:42:49,264 - INFO - Found 0 new PDF(s) on https://www.technology1.com/products/enterprise-cash-receipting
2026-02-12 11:42:49,264 - INFO - Crawling (depth 3): https://www.technology1.com/terms-of-use
2026-02-12 11:42:53,737 - INFO - Found 0 new PDF(s) on https://www.technology1.com/terms-of-use
2026-02-12 11:42:53,737 - INFO - Crawling (depth 3): https://www.technology1.com/industries/education/resources
2026-02-12 11:43:00,777 - INFO - Found 0 new PDF(s) on https://www.technology1.com/industries/education/resources
2026-02-12 11:43:00,777 - INFO - Crawling (depth 3): https://www.technology1.com/saas-plus/book-a-demo
2026-02-12 11:43:05,271 - INFO - Found 0 new PDF(s) on https://www.technology1.com/saas-plus/book-a-demo
2026-02-12 11:43:05,271 - INFO - Crawling (depth 3): https://www.technology1.com/products/business-analytics
2026-02-12 11:43:10,476 - INFO - Found 0 new PDF(s) on https://www.technology1.com/products/business-analytics
2026-02-12 11:43:10,476 - INFO - Crawling (depth 3): https://www.technology1.com/company/investors/financial-calendar
2026-02-12 11:43:16,572 - INFO - Found 0 new PDF(s) on https://www.technology1.com/company/investors/financial-calendar
2026-02-12 11:43:16,572 - INFO - Crawling (depth 3): https://www.technology1.com/resources/filter
2026-02-12 11:43:21,787 - INFO - Found 0 new PDF(s) on https://www.technology1.com/resources/filter
2026-02-12 11:43:21,787 - INFO - Crawling (depth 3): https://www.technology1.com/resources/media-releases
2026-02-12 11:43:26,639 - INFO - Found 0 new PDF(s) on https://www.technology1.com/resources/media-releases
2026-02-12 11:43:26,639 - INFO - Crawling (depth 3): https://www.technology1.com/products/spatial
2026-02-12 11:43:33,110 - INFO - Found 0 new PDF(s) on https://www.technology1.com/products/spatial
2026-02-12 11:43:33,110 - INFO - Crawling (depth 3): https://www.technology1.com/company/events/showcase
2026-02-12 11:43:39,196 - INFO - Found 0 new PDF(s) on https://www.technology1.com/company/events/showcase
2026-02-12 11:43:39,196 - INFO - Crawling (depth 3): https://www.technology1.com/products/enterprise-asset-management
2026-02-12 11:43:43,021 - INFO - Found 0 new PDF(s) on https://www.technology1.com/products/enterprise-asset-management
2026-02-12 11:43:43,021 - INFO - Crawling (depth 3): https://www.technology1.com/company/about-us/our-leaders
2026-02-12 11:43:55,474 - INFO - Found 0 new PDF(s) on https://www.technology1.com/company/about-us/our-leaders
2026-02-12 11:43:55,474 - INFO - Crawling (depth 3): https://www.technology1.com/industries/government
2026-02-12 11:44:01,060 - INFO - Found 0 new PDF(s) on https://www.technology1.com/industries/government
2026-02-12 11:44:01,060 - INFO - Crawling (depth 3): https://www.technology1.com/industries/asset-and-project-intensive/solution
2026-02-12 11:44:05,119 - INFO - Found 0 new PDF(s) on https://www.technology1.com/industries/asset-and-project-intensive/solution
2026-02-12 11:44:05,119 - INFO - Crawling (depth 3): https://www.technology1.com/products/app-builder
2026-02-12 11:44:08,768 - INFO - Found 0 new PDF(s) on https://www.technology1.com/products/app-builder
2026-02-12 11:44:08,778 - INFO - Crawling (depth 3): https://www.technology1.com/products/timetabling-and-scheduling
2026-02-12 11:44:13,058 - INFO - Found 0 new PDF(s) on https://www.technology1.com/products/timetabling-and-scheduling
2026-02-12 11:44:13,062 - INFO - Crawling (depth 3): https://www.technology1.com/company/investors/annual-reports
2026-02-12 11:44:17,894 - INFO - Found 74 new PDF(s) on https://www.technology1.com/company/investors/annual-reports
2026-02-12 11:44:17,894 - INFO - Crawling (depth 3): https://www.technology1.com/company/contact-us
2026-02-12 11:44:34,916 - INFO - Found 0 new PDF(s) on https://www.technology1.com/company/contact-us
2026-02-12 11:44:34,918 - INFO - Crawling (depth 3): https://www.technology1.com/company/life-at-techone/graduates-and-interns
2026-02-12 11:44:40,945 - INFO - Found 0 new PDF(s) on https://www.technology1.com/company/life-at-techone/graduates-and-interns
2026-02-12 11:44:40,945 - INFO - Crawling (depth 3): https://www.technology1.com/resources/media-kit
2026-02-12 11:44:46,833 - INFO - Found 0 new PDF(s) on https://www.technology1.com/resources/media-kit
2026-02-12 11:44:46,837 - INFO - Crawling (depth 3): https://www.technology1.com/resources/articles
2026-02-12 11:44:54,320 - INFO - Found 0 new PDF(s) on https://www.technology1.com/resources/articles
2026-02-12 11:44:54,320 - INFO - Crawling (depth 3): https://www.technology1.com/industries/asset-and-project-intensive
2026-02-12 11:44:59,792 - INFO - Found 0 new PDF(s) on https://www.technology1.com/industries/asset-and-project-intensive
2026-02-12 11:44:59,794 - INFO - Crawling (depth 2): https://www.technology1.com/forms/gated-only-modal-sf
2026-02-12 11:45:04,528 - INFO - Found 0 new PDF(s) on https://www.technology1.com/forms/gated-only-modal-sf
2026-02-12 11:45:04,528 - INFO - Crawling (depth 2): https://www.technology1.com/showcase
2026-02-12 11:45:10,503 - INFO - Found 0 new PDF(s) on https://www.technology1.com/showcase
2026-02-12 11:45:10,503 - INFO - Crawling (depth 3): https://www.technology1.com/company/events/webinars/learn-more?utm_campaign=parent_fy26_showcase&utm_medium=webinar&utm_source=on24&utm_content=ondemand
2026-02-12 11:45:14,834 - INFO - Found 0 new PDF(s) on https://www.technology1.com/company/events/webinars/learn-more?utm_campaign=parent_fy26_showcase&utm_medium=webinar&utm_source=on24&utm_content=ondemand
2026-02-12 11:45:14,834 - INFO - Crawling (depth 3): https://www.technology1.com/company/our-leaders
2026-02-12 11:45:19,379 - INFO - Found 0 new PDF(s) on https://www.technology1.com/company/our-leaders
2026-02-12 11:45:19,383 - INFO - 
[Phase 2] Downloading 103 PDF(s)...
2026-02-12 11:45:19,383 - INFO - Downloading PDF: https://www.technology1.com/__data/assets/pdf_file/0016/130705/TNE-FY20-Results-Presentation.pdf
2026-02-12 11:45:20,861 - ERROR - https://www.technology1.com/__data/assets/pdf_file/0016/130705/TNE-FY20-Results-Presentation.pdf: Download failed: 403 Client Error: Forbidden for url: https://www.technology1.com/__data/assets/pdf_file/0016/130705/TNE-FY20-Results-Presentation.pdf
2026-02-12 11:45:20,864 - INFO - Downloading PDF: https://www.technology1.com/__data/assets/pdf_file/0020/206192/WGEA-Public-Report-Questionnaire.pdf
2026-02-12 11:45:22,291 - ERROR - https://www.technology1.com/__data/assets/pdf_file/0020/206192/WGEA-Public-Report-Questionnaire.pdf: Download failed: 403 Client Error: Forbidden for url: https://www.technology1.com/__data/assets/pdf_file/0020/206192/WGEA-Public-Report-Questionnaire.pdf
2026-02-12 11:45:22,294 - INFO - Downloading PDF: https://www.technology1.com/__data/assets/pdf_file/0017/143216/TNE-Bribery-and-Corruption-Policy-2025-001.pdf
2026-02-12 11:45:23,584 - ERROR - https://www.technology1.com/__data/assets/pdf_file/0017/143216/TNE-Bribery-and-Corruption-Policy-2025-001.pdf: Download failed: 403 Client Error: Forbidden for url: https://www.technology1.com/__data/assets/pdf_file/0017/143216/TNE-Bribery-and-Corruption-Policy-2025-001.pdf
2026-02-12 11:45:23,586 - INFO - Downloading PDF: https://www.technology1.com/__data/assets/pdf_file/0018/119502/2016-Half-Year-Report.pdf
2026-02-12 11:45:25,364 - ERROR - https://www.technology1.com/__data/assets/pdf_file/0018/119502/2016-Half-Year-Report.pdf: Download failed: 403 Client Error: Forbidden for url: https://www.technology1.com/__data/assets/pdf_file/0018/119502/2016-Half-Year-Report.pdf
2026-02-12 11:45:25,370 - INFO - Downloading PDF: https://www.technology1.com/__data/assets/pdf_file/0008/247589/Gender-Pay-Gap-Statement_APRIL-24.pdf
2026-02-12 11:45:26,796 - ERROR - https://www.technology1.com/__data/assets/pdf_file/0008/247589/Gender-Pay-Gap-Statement_APRIL-24.pdf: Download failed: 403 Client Error: Forbidden for url: https://www.technology1.com/__data/assets/pdf_file/0008/247589/Gender-Pay-Gap-Statement_APRIL-24.pdf
2026-02-12 11:45:26,796 - INFO - Downloading PDF: https://www.technology1.com/__data/assets/pdf_file/0005/278312/Half-Year-Results-Presentation-2025-TechnologyOne.pdf
2026-02-12 11:45:28,790 - ERROR - https://www.technology1.com/__data/assets/pdf_file/0005/278312/Half-Year-Results-Presentation-2025-TechnologyOne.pdf: Download failed: 403 Client Error: Forbidden for url: https://www.technology1.com/__data/assets/pdf_file/0005/278312/Half-Year-Results-Presentation-2025-TechnologyOne.pdf
2026-02-12 11:45:28,790 - INFO - Downloading PDF: https://www.technology1.com/__data/assets/pdf_file/0018/251172/2.-TNE-H1-FY24-App4D-Half-Year-Financial-Report.pdf
2026-02-12 11:45:30,179 - ERROR - https://www.technology1.com/__data/assets/pdf_file/0018/251172/2.-TNE-H1-FY24-App4D-Half-Year-Financial-Report.pdf: Download failed: 403 Client Error: Forbidden for url: https://www.technology1.com/__data/assets/pdf_file/0018/251172/2.-TNE-H1-FY24-App4D-Half-Year-Financial-Report.pdf
2026-02-12 11:45:30,184 - INFO - Downloading PDF: https://www.technology1.com/__data/assets/pdf_file/0013/212521/TechnologyOne-2022-Full-Year-Results-Presentation.pdf
2026-02-12 11:45:32,607 - ERROR - https://www.technology1.com/__data/assets/pdf_file/0013/212521/TechnologyOne-2022-Full-Year-Results-Presentation.pdf: Download failed: 403 Client Error: Forbidden for url: https://www.technology1.com/__data/assets/pdf_file/0013/212521/TechnologyOne-2022-Full-Year-Results-Presentation.pdf
2026-02-12 11:45:32,607 - INFO - Downloading PDF: https://www.technology1.com/__data/assets/pdf_file/0007/268801/2024-Annual-Report-TechnologyOne.pdf
2026-02-12 11:45:33,965 - ERROR - https://www.technology1.com/__data/assets/pdf_file/0007/268801/2024-Annual-Report-TechnologyOne.pdf: Download failed: 403 Client Error: Forbidden for url: https://www.technology1.com/__data/assets/pdf_file/0007/268801/2024-Annual-Report-TechnologyOne.pdf
2026-02-12 11:45:33,965 - INFO - Downloading PDF: https://www.technology1.com/__data/assets/pdf_file/0007/164293/FY21-Full-Year-Results-announcement.pdf
2026-02-12 11:45:35,401 - ERROR - https://www.technology1.com/__data/assets/pdf_file/0007/164293/FY21-Full-Year-Results-announcement.pdf: Download failed: 403 Client Error: Forbidden for url: https://www.technology1.com/__data/assets/pdf_file/0007/164293/FY21-Full-Year-Results-announcement.pdf
2026-02-12 11:45:35,411 - INFO - Downloading PDF: https://www.technology1.com/__data/assets/pdf_file/0007/119509/TechnologyOne-2015-Notice-of-Meeting.pdf
2026-02-12 11:45:36,680 - ERROR - https://www.technology1.com/__data/assets/pdf_file/0007/119509/TechnologyOne-2015-Notice-of-Meeting.pdf: Download failed: 403 Client Error: Forbidden for url: https://www.technology1.com/__data/assets/pdf_file/0007/119509/TechnologyOne-2015-Notice-of-Meeting.pdf
2026-02-12 11:45:36,684 - INFO - Downloading PDF: https://www.technology1.com/__data/assets/pdf_file/0007/119491/2018-Full-Year-Results-Presentation-1.pdf
2026-02-12 11:45:38,020 - ERROR - https://www.technology1.com/__data/assets/pdf_file/0007/119491/2018-Full-Year-Results-Presentation-1.pdf: Download failed: 403 Client Error: Forbidden for url: https://www.technology1.com/__data/assets/pdf_file/0007/119491/2018-Full-Year-Results-Presentation-1.pdf
2026-02-12 11:45:38,020 - INFO - Downloading PDF: https://www.technology1.com/__data/assets/pdf_file/0018/206190/WGEA-Public-Report-Employee-Data-Tables.pdf
2026-02-12 11:45:39,305 - ERROR - https://www.technology1.com/__data/assets/pdf_file/0018/206190/WGEA-Public-Report-Employee-Data-Tables.pdf: Download failed: 403 Client Error: Forbidden for url: https://www.technology1.com/__data/assets/pdf_file/0018/206190/WGEA-Public-Report-Employee-Data-Tables.pdf
2026-02-12 11:45:39,305 - INFO - Downloading PDF: https://www.technology1.com/__data/assets/pdf_file/0006/119499/TechnologyOne_2017_AnnualReport.pdf
2026-02-12 11:45:40,592 - ERROR - https://www.technology1.com/__data/assets/pdf_file/0006/119499/TechnologyOne_2017_AnnualReport.pdf: Download failed: 403 Client Error: Forbidden for url: https://www.technology1.com/__data/assets/pdf_file/0006/119499/TechnologyOne_2017_AnnualReport.pdf
2026-02-12 11:45:40,595 - INFO - Downloading PDF: https://www.technology1.com/__data/assets/pdf_file/0008/295316/Full-Year-Results-Presentation-2025-TechnologyOne.pdf
2026-02-12 11:45:42,053 - ERROR - https://www.technology1.com/__data/assets/pdf_file/0008/295316/Full-Year-Results-Presentation-2025-TechnologyOne.pdf: Download failed: 403 Client Error: Forbidden for url: https://www.technology1.com/__data/assets/pdf_file/0008/295316/Full-Year-Results-Presentation-2025-TechnologyOne.pdf
2026-02-12 11:45:42,061 - INFO - Downloading PDF: https://www.technology1.com/__data/assets/pdf_file/0007/301201/TNE-2025-AGM-Virtual-Meeting-Guide.pdf
2026-02-12 11:45:43,398 - ERROR - https://www.technology1.com/__data/assets/pdf_file/0007/301201/TNE-2025-AGM-Virtual-Meeting-Guide.pdf: Download failed: 403 Client Error: Forbidden for url: https://www.technology1.com/__data/assets/pdf_file/0007/301201/TNE-2025-AGM-Virtual-Meeting-Guide.pdf
2026-02-12 11:45:43,405 - INFO - Downloading PDF: https://www.technology1.com/__data/assets/pdf_file/0009/119484/20190521-TNE-H1-2019-ASX-Results-Release-Final.pdf
2026-02-12 11:45:44,955 - ERROR - https://www.technology1.com/__data/assets/pdf_file/0009/119484/20190521-TNE-H1-2019-ASX-Results-Release-Final.pdf: Download failed: 403 Client Error: Forbidden for url: https://www.technology1.com/__data/assets/pdf_file/0009/119484/20190521-TNE-H1-2019-ASX-Results-Release-Final.pdf
2026-02-12 11:45:44,955 - INFO - Downloading PDF: https://www.technology1.com/__data/assets/pdf_file/0018/251127/2024-Half-Year-Results-ASX-Announcement-TechnologyOne.pdf
2026-02-12 11:45:46,301 - ERROR - https://www.technology1.com/__data/assets/pdf_file/0018/251127/2024-Half-Year-Results-ASX-Announcement-TechnologyOne.pdf: Download failed: 403 Client Error: Forbidden for url: https://www.technology1.com/__data/assets/pdf_file/0018/251127/2024-Half-Year-Results-ASX-Announcement-TechnologyOne.pdf
2026-02-12 11:45:46,304 - INFO - Downloading PDF: https://www.technology1.com/__data/assets/pdf_file/0008/119852/TNE-Whistleblower-Policy-Statement.pdf
2026-02-12 11:45:47,529 - ERROR - https://www.technology1.com/__data/assets/pdf_file/0008/119852/TNE-Whistleblower-Policy-Statement.pdf: Download failed: 403 Client Error: Forbidden for url: https://www.technology1.com/__data/assets/pdf_file/0008/119852/TNE-Whistleblower-Policy-Statement.pdf
2026-02-12 11:45:47,529 - INFO - Downloading PDF: https://www.technology1.com/__data/assets/pdf_file/0018/130392/Technology_One_Limited_Constitution.pdf
2026-02-12 11:45:48,768 - ERROR - https://www.technology1.com/__data/assets/pdf_file/0018/130392/Technology_One_Limited_Constitution.pdf: Download failed: 403 Client Error: Forbidden for url: https://www.technology1.com/__data/assets/pdf_file/0018/130392/Technology_One_Limited_Constitution.pdf
2026-02-12 11:45:48,768 - INFO - Downloading PDF: https://www.technology1.com/__data/assets/pdf_file/0005/119498/2017-12-17-AGM-Presn.031-tues-morn-FINAL-5.0am.pdf
2026-02-12 11:45:50,106 - ERROR - https://www.technology1.com/__data/assets/pdf_file/0005/119498/2017-12-17-AGM-Presn.031-tues-morn-FINAL-5.0am.pdf: Download failed: 403 Client Error: Forbidden for url: https://www.technology1.com/__data/assets/pdf_file/0005/119498/2017-12-17-AGM-Presn.031-tues-morn-FINAL-5.0am.pdf
2026-02-12 11:45:50,108 - INFO - Downloading PDF: https://www.technology1.com/__data/assets/pdf_file/0004/119506/TechnologyOne-2015-Full-Year-Results-presentation.pdf
2026-02-12 11:45:51,396 - ERROR - https://www.technology1.com/__data/assets/pdf_file/0004/119506/TechnologyOne-2015-Full-Year-Results-presentation.pdf: Download failed: 403 Client Error: Forbidden for url: https://www.technology1.com/__data/assets/pdf_file/0004/119506/TechnologyOne-2015-Full-Year-Results-presentation.pdf
2026-02-12 11:45:51,398 - INFO - Downloading PDF: https://www.technology1.com/__data/assets/pdf_file/0019/240355/2023-Annual-Report.pdf
2026-02-12 11:45:52,560 - ERROR - https://www.technology1.com/__data/assets/pdf_file/0019/240355/2023-Annual-Report.pdf: Download failed: 403 Client Error: Forbidden for url: https://www.technology1.com/__data/assets/pdf_file/0019/240355/2023-Annual-Report.pdf
2026-02-12 11:45:52,560 - INFO - Downloading PDF: https://www.technology1.com/__data/assets/pdf_file/0015/117222/TNE-NGC-Charter-FY23.pdf
2026-02-12 11:45:53,838 - ERROR - https://www.technology1.com/__data/assets/pdf_file/0015/117222/TNE-NGC-Charter-FY23.pdf: Download failed: 403 Client Error: Forbidden for url: https://www.technology1.com/__data/assets/pdf_file/0015/117222/TNE-NGC-Charter-FY23.pdf
2026-02-12 11:45:53,840 - INFO - Downloading PDF: https://www.technology1.com/__data/assets/pdf_file/0019/130717/TNE-H1-FY20-Results-Presentation.pdf
2026-02-12 11:45:55,164 - ERROR - https://www.technology1.com/__data/assets/pdf_file/0019/130717/TNE-H1-FY20-Results-Presentation.pdf: Download failed: 403 Client Error: Forbidden for url: https://www.technology1.com/__data/assets/pdf_file/0019/130717/TNE-H1-FY20-Results-Presentation.pdf
2026-02-12 11:45:55,166 - INFO - Downloading PDF: https://www.technology1.com/__data/assets/pdf_file/0005/119489/2018-Half-Year-Report.pdf
2026-02-12 11:45:56,811 - ERROR - https://www.technology1.com/__data/assets/pdf_file/0005/119489/2018-Half-Year-Report.pdf: Download failed: 403 Client Error: Forbidden for url: https://www.technology1.com/__data/assets/pdf_file/0005/119489/2018-Half-Year-Report.pdf
2026-02-12 11:45:56,811 - INFO - Downloading PDF: https://www.technology1.com/__data/assets/pdf_file/0017/181304/FY21-Annual-Report.pdf
2026-02-12 11:45:58,109 - ERROR - https://www.technology1.com/__data/assets/pdf_file/0017/181304/FY21-Annual-Report.pdf: Download failed: 403 Client Error: Forbidden for url: https://www.technology1.com/__data/assets/pdf_file/0017/181304/FY21-Annual-Report.pdf
2026-02-12 11:45:58,111 - INFO - Downloading PDF: https://www.technology1.com/__data/assets/pdf_file/0018/119511/TechnologyOne-2015-Annual-Report.pdf
2026-02-12 11:45:59,346 - ERROR - https://www.technology1.com/__data/assets/pdf_file/0018/119511/TechnologyOne-2015-Annual-Report.pdf: Download failed: 403 Client Error: Forbidden for url: https://www.technology1.com/__data/assets/pdf_file/0018/119511/TechnologyOne-2015-Annual-Report.pdf
2026-02-12 11:45:59,347 - INFO - Downloading PDF: https://www.technology1.com/__data/assets/pdf_file/0009/150579/FY21-Half-Year-Results-Announcement.pdf
2026-02-12 11:46:00,688 - ERROR - https://www.technology1.com/__data/assets/pdf_file/0009/150579/FY21-Half-Year-Results-Announcement.pdf: Download failed: 403 Client Error: Forbidden for url: https://www.technology1.com/__data/assets/pdf_file/0009/150579/FY21-Half-Year-Results-Announcement.pdf
2026-02-12 11:46:00,688 - INFO - Downloading PDF: https://www.technology1.com/__data/assets/pdf_file/0018/117225/TNE-Board-Charter-FY23.pdf
2026-02-12 11:46:01,998 - ERROR - https://www.technology1.com/__data/assets/pdf_file/0018/117225/TNE-Board-Charter-FY23.pdf: Download failed: 403 Client Error: Forbidden for url: https://www.technology1.com/__data/assets/pdf_file/0018/117225/TNE-Board-Charter-FY23.pdf
2026-02-12 11:46:01,998 - INFO - Downloading PDF: https://www.technology1.com/__data/assets/pdf_file/0010/269695/TNE-NoM-and-Proxy-Form-FY24.pdf
2026-02-12 11:46:03,238 - ERROR - https://www.technology1.com/__data/assets/pdf_file/0010/269695/TNE-NoM-and-Proxy-Form-FY24.pdf: Download failed: 403 Client Error: Forbidden for url: https://www.technology1.com/__data/assets/pdf_file/0010/269695/TNE-NoM-and-Proxy-Form-FY24.pdf
2026-02-12 11:46:03,238 - INFO - Downloading PDF: https://www.technology1.com/__data/assets/pdf_file/0007/242674/TNE-FY23-AGM-Virtual-Meeting-Guide.pdf
2026-02-12 11:46:04,480 - ERROR - https://www.technology1.com/__data/assets/pdf_file/0007/242674/TNE-FY23-AGM-Virtual-Meeting-Guide.pdf: Download failed: 403 Client Error: Forbidden for url: https://www.technology1.com/__data/assets/pdf_file/0007/242674/TNE-FY23-AGM-Virtual-Meeting-Guide.pdf
2026-02-12 11:46:04,480 - INFO - Downloading PDF: https://www.technology1.com/__data/assets/pdf_file/0003/119496/TechnologyOne-2017-Full-Year-Results-Presentation.pdf
2026-02-12 11:46:05,788 - ERROR - https://www.technology1.com/__data/assets/pdf_file/0003/119496/TechnologyOne-2017-Full-Year-Results-Presentation.pdf: Download failed: 403 Client Error: Forbidden for url: https://www.technology1.com/__data/assets/pdf_file/0003/119496/TechnologyOne-2017-Full-Year-Results-Presentation.pdf
2026-02-12 11:46:05,788 - INFO - Downloading PDF: https://www.technology1.com/__data/assets/pdf_file/0017/130391/TNE-Modern-Slavery-Policy-2025.pdf
2026-02-12 11:46:07,141 - ERROR - https://www.technology1.com/__data/assets/pdf_file/0017/130391/TNE-Modern-Slavery-Policy-2025.pdf: Download failed: 403 Client Error: Forbidden for url: https://www.technology1.com/__data/assets/pdf_file/0017/130391/TNE-Modern-Slavery-Policy-2025.pdf
2026-02-12 11:46:07,149 - INFO - Downloading PDF: https://www.technology1.com/__data/assets/pdf_file/0011/269696/2025_TNE-VM-Online-Guide.pdf
2026-02-12 11:46:08,398 - ERROR - https://www.technology1.com/__data/assets/pdf_file/0011/269696/2025_TNE-VM-Online-Guide.pdf: Download failed: 403 Client Error: Forbidden for url: https://www.technology1.com/__data/assets/pdf_file/0011/269696/2025_TNE-VM-Online-Guide.pdf
2026-02-12 11:46:08,406 - INFO - Downloading PDF: https://www.technology1.com/__data/assets/pdf_file/0003/119487/FY19-Annual-Report.pdf
2026-02-12 11:46:09,628 - ERROR - https://www.technology1.com/__data/assets/pdf_file/0003/119487/FY19-Annual-Report.pdf: Download failed: 403 Client Error: Forbidden for url: https://www.technology1.com/__data/assets/pdf_file/0003/119487/FY19-Annual-Report.pdf
2026-02-12 11:46:09,633 - INFO - Downloading PDF: https://www.technology1.com/__data/assets/pdf_file/0019/119503/TechnologyOne_2016_Notice_of_Annual_General_Meeting.pdf
2026-02-12 11:46:10,903 - ERROR - https://www.technology1.com/__data/assets/pdf_file/0019/119503/TechnologyOne_2016_Notice_of_Annual_General_Meeting.pdf: Download failed: 403 Client Error: Forbidden for url: https://www.technology1.com/__data/assets/pdf_file/0019/119503/TechnologyOne_2016_Notice_of_Annual_General_Meeting.pdf
2026-02-12 11:46:10,908 - INFO - Downloading PDF: https://www.technology1.com/__data/assets/pdf_file/0009/156591/Cyber-Essentials-Certificate-2025.pdf
2026-02-12 11:46:12,212 - ERROR - https://www.technology1.com/__data/assets/pdf_file/0009/156591/Cyber-Essentials-Certificate-2025.pdf: Download failed: 403 Client Error: Forbidden for url: https://www.technology1.com/__data/assets/pdf_file/0009/156591/Cyber-Essentials-Certificate-2025.pdf
2026-02-12 11:46:12,218 - INFO - Downloading PDF: https://www.technology1.com/__data/assets/pdf_file/0016/117232/TNE-Continuous-Disclosure-Policy-2025.pdf
2026-02-12 11:46:13,928 - ERROR - https://www.technology1.com/__data/assets/pdf_file/0016/117232/TNE-Continuous-Disclosure-Policy-2025.pdf: Download failed: 403 Client Error: Forbidden for url: https://www.technology1.com/__data/assets/pdf_file/0016/117232/TNE-Continuous-Disclosure-Policy-2025.pdf
2026-02-12 11:46:13,928 - INFO - Downloading PDF: https://www.technology1.com/__data/assets/pdf_file/0015/142071/TNE-FY20-Full-Year-Results-Release.pdf
2026-02-12 11:46:15,218 - ERROR - https://www.technology1.com/__data/assets/pdf_file/0015/142071/TNE-FY20-Full-Year-Results-Release.pdf: Download failed: 403 Client Error: Forbidden for url: https://www.technology1.com/__data/assets/pdf_file/0015/142071/TNE-FY20-Full-Year-Results-Release.pdf
2026-02-12 11:46:15,228 - INFO - Downloading PDF: https://www.technology1.com/__data/assets/pdf_file/0019/150580/FY21-Half-Year-Results-Presentation.pdf
2026-02-12 11:46:16,335 - ERROR - https://www.technology1.com/__data/assets/pdf_file/0019/150580/FY21-Half-Year-Results-Presentation.pdf: Download failed: 403 Client Error: Forbidden for url: https://www.technology1.com/__data/assets/pdf_file/0019/150580/FY21-Half-Year-Results-Presentation.pdf
2026-02-12 11:46:16,337 - INFO - Downloading PDF: https://www.technology1.com/__data/assets/pdf_file/0010/119485/191119-TNE-FY19-Results-Roadshow.115.pdf
2026-02-12 11:46:17,330 - ERROR - https://www.technology1.com/__data/assets/pdf_file/0010/119485/191119-TNE-FY19-Results-Roadshow.115.pdf: Download failed: 403 Client Error: Forbidden for url: https://www.technology1.com/__data/assets/pdf_file/0010/119485/191119-TNE-FY19-Results-Roadshow.115.pdf
2026-02-12 11:46:17,330 - INFO - Downloading PDF: https://www.technology1.com/__data/assets/pdf_file/0006/278313/Half-Year-Results-Report-and-Appendix-4D.pdf
2026-02-12 11:46:18,337 - ERROR - https://www.technology1.com/__data/assets/pdf_file/0006/278313/Half-Year-Results-Report-and-Appendix-4D.pdf: Download failed: 403 Client Error: Forbidden for url: https://www.technology1.com/__data/assets/pdf_file/0006/278313/Half-Year-Results-Report-and-Appendix-4D.pdf
2026-02-12 11:46:18,337 - INFO - Downloading PDF: https://www.technology1.com/__data/assets/pdf_file/0018/117234/Diversity-Policy-TechnologyOne.pdf
2026-02-12 11:46:19,303 - ERROR - https://www.technology1.com/__data/assets/pdf_file/0018/117234/Diversity-Policy-TechnologyOne.pdf: Download failed: 403 Client Error: Forbidden for url: https://www.technology1.com/__data/assets/pdf_file/0018/117234/Diversity-Policy-TechnologyOne.pdf
2026-02-12 11:46:19,303 - INFO - Downloading PDF: https://www.technology1.com/__data/assets/pdf_file/0012/212520/TechnologyOne-2022-Full-Year-Results-Announcement.pdf
2026-02-12 11:46:20,287 - ERROR - https://www.technology1.com/__data/assets/pdf_file/0012/212520/TechnologyOne-2022-Full-Year-Results-Announcement.pdf: Download failed: 403 Client Error: Forbidden for url: https://www.technology1.com/__data/assets/pdf_file/0012/212520/TechnologyOne-2022-Full-Year-Results-Announcement.pdf
2026-02-12 11:46:20,289 - INFO - Downloading PDF: https://www.technology1.com/__data/assets/pdf_file/0008/119492/2018-Annual-General-Meeting-Notice-of-Meeting.pdf
2026-02-12 11:46:21,300 - ERROR - https://www.technology1.com/__data/assets/pdf_file/0008/119492/2018-Annual-General-Meeting-Notice-of-Meeting.pdf: Download failed: 403 Client Error: Forbidden for url: https://www.technology1.com/__data/assets/pdf_file/0008/119492/2018-Annual-General-Meeting-Notice-of-Meeting.pdf
2026-02-12 11:46:21,300 - INFO - Downloading PDF: https://www.technology1.com/__data/assets/pdf_file/0007/238543/FY23-full-year-results-presentation.pdf
2026-02-12 11:46:22,263 - ERROR - https://www.technology1.com/__data/assets/pdf_file/0007/238543/FY23-full-year-results-presentation.pdf: Download failed: 403 Client Error: Forbidden for url: https://www.technology1.com/__data/assets/pdf_file/0007/238543/FY23-full-year-results-presentation.pdf
2026-02-12 11:46:22,264 - INFO - Downloading PDF: https://www.technology1.com/__data/assets/pdf_file/0006/281985/CourseLoop-Cyber-Essentials-Certificate-2025.pdf
2026-02-12 11:46:23,631 - ERROR - https://www.technology1.com/__data/assets/pdf_file/0006/281985/CourseLoop-Cyber-Essentials-Certificate-2025.pdf: Download failed: 403 Client Error: Forbidden for url: https://www.technology1.com/__data/assets/pdf_file/0006/281985/CourseLoop-Cyber-Essentials-Certificate-2025.pdf
2026-02-12 11:46:23,631 - INFO - Downloading PDF: https://www.technology1.com/__data/assets/pdf_file/0011/119486/191119-TNE-FY2019-Results-Release-Final.pdf
2026-02-12 11:46:24,903 - ERROR - https://www.technology1.com/__data/assets/pdf_file/0011/119486/191119-TNE-FY2019-Results-Release-Final.pdf: Download failed: 403 Client Error: Forbidden for url: https://www.technology1.com/__data/assets/pdf_file/0011/119486/191119-TNE-FY2019-Results-Release-Final.pdf
2026-02-12 11:46:24,912 - INFO - Downloading PDF: https://www.technology1.com/__data/assets/pdf_file/0007/136681/ISO27001.pdf
2026-02-12 11:46:26,267 - ERROR - https://www.technology1.com/__data/assets/pdf_file/0007/136681/ISO27001.pdf: Download failed: 403 Client Error: Forbidden for url: https://www.technology1.com/__data/assets/pdf_file/0007/136681/ISO27001.pdf
2026-02-12 11:46:26,275 - INFO - Downloading PDF: https://www.technology1.com/__data/assets/pdf_file/0009/278307/Half-Year-Results-ASX-Announcement-2025-TechnologyOne.pdf
2026-02-12 11:46:27,503 - ERROR - https://www.technology1.com/__data/assets/pdf_file/0009/278307/Half-Year-Results-ASX-Announcement-2025-TechnologyOne.pdf: Download failed: 403 Client Error: Forbidden for url: https://www.technology1.com/__data/assets/pdf_file/0009/278307/Half-Year-Results-ASX-Announcement-2025-TechnologyOne.pdf
2026-02-12 11:46:27,503 - INFO - Downloading PDF: https://www.technology1.com/__data/assets/pdf_file/0016/143224/FY20-Annual-Report.pdf
2026-02-12 11:46:28,755 - ERROR - https://www.technology1.com/__data/assets/pdf_file/0016/143224/FY20-Annual-Report.pdf: Download failed: 403 Client Error: Forbidden for url: https://www.technology1.com/__data/assets/pdf_file/0016/143224/FY20-Annual-Report.pdf
2026-02-12 11:46:28,757 - INFO - Downloading PDF: https://www.technology1.com/__data/assets/pdf_file/0006/238542/2023-FY-ASX-Announcement.pdf
2026-02-12 11:46:29,959 - ERROR - https://www.technology1.com/__data/assets/pdf_file/0006/238542/2023-FY-ASX-Announcement.pdf: Download failed: 403 Client Error: Forbidden for url: https://www.technology1.com/__data/assets/pdf_file/0006/238542/2023-FY-ASX-Announcement.pdf
2026-02-12 11:46:29,965 - INFO - Downloading PDF: https://www.technology1.com/__data/assets/pdf_file/0004/142294/Sustainability-Report-FY25.pdf
2026-02-12 11:46:31,372 - ERROR - https://www.technology1.com/__data/assets/pdf_file/0004/142294/Sustainability-Report-FY25.pdf: Download failed: 403 Client Error: Forbidden for url: https://www.technology1.com/__data/assets/pdf_file/0004/142294/Sustainability-Report-FY25.pdf
2026-02-12 11:46:31,378 - INFO - Downloading PDF: https://www.technology1.com/__data/assets/pdf_file/0006/119508/CORP_Half-Year-Report_2015_LR.pdf
2026-02-12 11:46:32,794 - ERROR - https://www.technology1.com/__data/assets/pdf_file/0006/119508/CORP_Half-Year-Report_2015_LR.pdf: Download failed: 403 Client Error: Forbidden for url: https://www.technology1.com/__data/assets/pdf_file/0006/119508/CORP_Half-Year-Report_2015_LR.pdf
2026-02-12 11:46:32,794 - INFO - Downloading PDF: https://www.technology1.com/__data/assets/pdf_file/0005/119507/2015-Half-Year-Results-Presentation.pdf
2026-02-12 11:46:34,140 - ERROR - https://www.technology1.com/__data/assets/pdf_file/0005/119507/2015-Half-Year-Results-Presentation.pdf: Download failed: 403 Client Error: Forbidden for url: https://www.technology1.com/__data/assets/pdf_file/0005/119507/2015-Half-Year-Results-Presentation.pdf
2026-02-12 11:46:34,156 - INFO - Downloading PDF: https://www.technology1.com/__data/assets/pdf_file/0017/117224/TNE-ARC-Charter-FY23.pdf
2026-02-12 11:46:35,465 - ERROR - https://www.technology1.com/__data/assets/pdf_file/0017/117224/TNE-ARC-Charter-FY23.pdf: Download failed: 403 Client Error: Forbidden for url: https://www.technology1.com/__data/assets/pdf_file/0017/117224/TNE-ARC-Charter-FY23.pdf
2026-02-12 11:46:35,474 - INFO - Downloading PDF: https://www.technology1.com/_media/documents/pdf/legal/Event-Terms-and-Conditions.pdf
2026-02-12 11:46:36,938 - ERROR - https://www.technology1.com/_media/documents/pdf/legal/Event-Terms-and-Conditions.pdf: Download failed: 403 Client Error: Forbidden for url: https://www.technology1.com/_media/documents/pdf/legal/Event-Terms-and-Conditions.pdf
2026-02-12 11:46:36,946 - INFO - Downloading PDF: https://www.technology1.com/__data/assets/pdf_file/0009/267822/FY24-ASX-Results-Release.pdf
2026-02-12 11:46:38,235 - ERROR - https://www.technology1.com/__data/assets/pdf_file/0009/267822/FY24-ASX-Results-Release.pdf: Download failed: 403 Client Error: Forbidden for url: https://www.technology1.com/__data/assets/pdf_file/0009/267822/FY24-ASX-Results-Release.pdf
2026-02-12 11:46:38,235 - INFO - Downloading PDF: https://www.technology1.com/__data/assets/pdf_file/0004/193873/TechnologyOne-FY22-Half-Year-Results-Presentation.pdf
2026-02-12 11:46:39,548 - ERROR - https://www.technology1.com/__data/assets/pdf_file/0004/193873/TechnologyOne-FY22-Half-Year-Results-Presentation.pdf: Download failed: 403 Client Error: Forbidden for url: https://www.technology1.com/__data/assets/pdf_file/0004/193873/TechnologyOne-FY22-Half-Year-Results-Presentation.pdf
2026-02-12 11:46:39,548 - INFO - Downloading PDF: https://www.technology1.com/__data/assets/pdf_file/0018/206244/TNE-Supplier-Code-of-Conduct-2025.pdf
2026-02-12 11:46:41,028 - ERROR - https://www.technology1.com/__data/assets/pdf_file/0018/206244/TNE-Supplier-Code-of-Conduct-2025.pdf: Download failed: 403 Client Error: Forbidden for url: https://www.technology1.com/__data/assets/pdf_file/0018/206244/TNE-Supplier-Code-of-Conduct-2025.pdf
2026-02-12 11:46:41,028 - INFO - Downloading PDF: https://www.technology1.com/__data/assets/pdf_file/0008/281969/CourseLoop-Cyber-Essentials-Plus-Certificate-2025.pdf
2026-02-12 11:46:42,564 - ERROR - https://www.technology1.com/__data/assets/pdf_file/0008/281969/CourseLoop-Cyber-Essentials-Plus-Certificate-2025.pdf: Download failed: 403 Client Error: Forbidden for url: https://www.technology1.com/__data/assets/pdf_file/0008/281969/CourseLoop-Cyber-Essentials-Plus-Certificate-2025.pdf
2026-02-12 11:46:42,621 - INFO - Downloading PDF: https://www.technology1.com/__data/assets/pdf_file/0019/117235/TNE-Code-of-Business-Conduct.pdf
2026-02-12 11:46:43,915 - ERROR - https://www.technology1.com/__data/assets/pdf_file/0019/117235/TNE-Code-of-Business-Conduct.pdf: Download failed: 403 Client Error: Forbidden for url: https://www.technology1.com/__data/assets/pdf_file/0019/117235/TNE-Code-of-Business-Conduct.pdf
2026-02-12 11:46:43,915 - INFO - Downloading PDF: https://www.technology1.com/__data/assets/pdf_file/0020/142292/Corporate-Governance-Statement.pdf
2026-02-12 11:46:45,813 - ERROR - https://www.technology1.com/__data/assets/pdf_file/0020/142292/Corporate-Governance-Statement.pdf: Download failed: 403 Client Error: Forbidden for url: https://www.technology1.com/__data/assets/pdf_file/0020/142292/Corporate-Governance-Statement.pdf
2026-02-12 11:46:45,813 - INFO - Downloading PDF: https://www.technology1.com/__data/assets/pdf_file/0003/119505/TechnologyOne_2016_AnnualReport.pdf
2026-02-12 11:46:47,065 - ERROR - https://www.technology1.com/__data/assets/pdf_file/0003/119505/TechnologyOne_2016_AnnualReport.pdf: Download failed: 403 Client Error: Forbidden for url: https://www.technology1.com/__data/assets/pdf_file/0003/119505/TechnologyOne_2016_AnnualReport.pdf
2026-02-12 11:46:47,065 - INFO - Downloading PDF: https://www.technology1.com/__data/assets/pdf_file/0005/193874/TechnologyOne-FY22-Half-Year-Results-Announcement.pdf
2026-02-12 11:46:48,298 - ERROR - https://www.technology1.com/__data/assets/pdf_file/0005/193874/TechnologyOne-FY22-Half-Year-Results-Announcement.pdf: Download failed: 403 Client Error: Forbidden for url: https://www.technology1.com/__data/assets/pdf_file/0005/193874/TechnologyOne-FY22-Half-Year-Results-Announcement.pdf
2026-02-12 11:46:48,301 - INFO - Downloading PDF: https://www.technology1.com/__data/assets/pdf_file/0014/223601/TNE-Half-Year-Results-Announcement-2023.pdf
2026-02-12 11:46:49,552 - ERROR - https://www.technology1.com/__data/assets/pdf_file/0014/223601/TNE-Half-Year-Results-Announcement-2023.pdf: Download failed: 403 Client Error: Forbidden for url: https://www.technology1.com/__data/assets/pdf_file/0014/223601/TNE-Half-Year-Results-Announcement-2023.pdf
2026-02-12 11:46:49,573 - INFO - Downloading PDF: https://www.technology1.com/__data/assets/pdf_file/0006/301200/2025-AGM-Notice-of-Meeting-with-Proxy-Form.pdf
2026-02-12 11:46:50,870 - ERROR - https://www.technology1.com/__data/assets/pdf_file/0006/301200/2025-AGM-Notice-of-Meeting-with-Proxy-Form.pdf: Download failed: 403 Client Error: Forbidden for url: https://www.technology1.com/__data/assets/pdf_file/0006/301200/2025-AGM-Notice-of-Meeting-with-Proxy-Form.pdf
2026-02-12 11:46:50,872 - INFO - Downloading PDF: https://www.technology1.com/__data/assets/pdf_file/0017/119501/Technology-One_2016_Full-Year-Results-Chairmans-Presentation.pdf
2026-02-12 11:46:52,610 - ERROR - https://www.technology1.com/__data/assets/pdf_file/0017/119501/Technology-One_2016_Full-Year-Results-Chairmans-Presentation.pdf: Download failed: 403 Client Error: Forbidden for url: https://www.technology1.com/__data/assets/pdf_file/0017/119501/Technology-One_2016_Full-Year-Results-Chairmans-Presentation.pdf
2026-02-12 11:46:52,613 - INFO - Downloading PDF: https://www.technology1.com/__data/assets/pdf_file/0011/116588/TechnologyOne-Privacy-Policy.pdf
2026-02-12 11:46:53,943 - ERROR - https://www.technology1.com/__data/assets/pdf_file/0011/116588/TechnologyOne-Privacy-Policy.pdf: Download failed: 403 Client Error: Forbidden for url: https://www.technology1.com/__data/assets/pdf_file/0011/116588/TechnologyOne-Privacy-Policy.pdf
2026-02-12 11:46:53,945 - INFO - Downloading PDF: https://www.technology1.com/__data/assets/pdf_file/0015/223602/TNE-2023-Half-Year-Results-Presentation.pdf
2026-02-12 11:46:55,273 - ERROR - https://www.technology1.com/__data/assets/pdf_file/0015/223602/TNE-2023-Half-Year-Results-Presentation.pdf: Download failed: 403 Client Error: Forbidden for url: https://www.technology1.com/__data/assets/pdf_file/0015/223602/TNE-2023-Half-Year-Results-Presentation.pdf
2026-02-12 11:46:55,273 - INFO - Downloading PDF: https://www.technology1.com/__data/assets/pdf_file/0020/215066/TNE-rTSR-Methodology.pdf
2026-02-12 11:46:59,739 - ERROR - https://www.technology1.com/__data/assets/pdf_file/0020/215066/TNE-rTSR-Methodology.pdf: Download failed: 403 Client Error: Forbidden for url: https://www.technology1.com/__data/assets/pdf_file/0020/215066/TNE-rTSR-Methodology.pdf
2026-02-12 11:46:59,769 - INFO - Downloading PDF: https://www.technology1.com/__data/assets/pdf_file/0010/156592/Cyber-Essentials-Plus-Certificate-2025.pdf
2026-02-12 11:47:00,993 - ERROR - https://www.technology1.com/__data/assets/pdf_file/0010/156592/Cyber-Essentials-Plus-Certificate-2025.pdf: Download failed: 403 Client Error: Forbidden for url: https://www.technology1.com/__data/assets/pdf_file/0010/156592/Cyber-Essentials-Plus-Certificate-2025.pdf
2026-02-12 11:47:01,000 - INFO - Downloading PDF: https://www.technology1.com/__data/assets/pdf_file/0006/119490/2018-TNE-IFRS-Presentation.pdf
2026-02-12 11:47:02,243 - ERROR - https://www.technology1.com/__data/assets/pdf_file/0006/119490/2018-TNE-IFRS-Presentation.pdf: Download failed: 403 Client Error: Forbidden for url: https://www.technology1.com/__data/assets/pdf_file/0006/119490/2018-TNE-IFRS-Presentation.pdf
2026-02-12 11:47:02,244 - INFO - Downloading PDF: https://www.technology1.com/__data/assets/pdf_file/0005/215456/230222-TNE-Omnibus-Incentive-Plan-v05-FINAL-Cln.pdf
2026-02-12 11:47:04,792 - ERROR - https://www.technology1.com/__data/assets/pdf_file/0005/215456/230222-TNE-Omnibus-Incentive-Plan-v05-FINAL-Cln.pdf: Download failed: 403 Client Error: Forbidden for url: https://www.technology1.com/__data/assets/pdf_file/0005/215456/230222-TNE-Omnibus-Incentive-Plan-v05-FINAL-Cln.pdf
2026-02-12 11:47:04,792 - INFO - Downloading PDF: https://www.technology1.com/__data/assets/pdf_file/0004/119497/TechnologyOne_2017_Notice_Of_Meeting_Annual_General_Meeting.pdf
2026-02-12 11:47:06,058 - ERROR - https://www.technology1.com/__data/assets/pdf_file/0004/119497/TechnologyOne_2017_Notice_Of_Meeting_Annual_General_Meeting.pdf: Download failed: 403 Client Error: Forbidden for url: https://www.technology1.com/__data/assets/pdf_file/0004/119497/TechnologyOne_2017_Notice_Of_Meeting_Annual_General_Meeting.pdf
2026-02-12 11:47:06,068 - INFO - Downloading PDF: https://www.technology1.com/__data/assets/pdf_file/0009/295317/TNE-FY25-Results-Release-ASX.pdf
2026-02-12 11:47:07,389 - ERROR - https://www.technology1.com/__data/assets/pdf_file/0009/295317/TNE-FY25-Results-Release-ASX.pdf: Download failed: 403 Client Error: Forbidden for url: https://www.technology1.com/__data/assets/pdf_file/0009/295317/TNE-FY25-Results-Release-ASX.pdf
2026-02-12 11:47:07,398 - INFO - Downloading PDF: https://www.technology1.com/__data/assets/pdf_file/0011/295229/TechnologyOne_AI-Policy.pdf
2026-02-12 11:47:08,653 - ERROR - https://www.technology1.com/__data/assets/pdf_file/0011/295229/TechnologyOne_AI-Policy.pdf: Download failed: 403 Client Error: Forbidden for url: https://www.technology1.com/__data/assets/pdf_file/0011/295229/TechnologyOne_AI-Policy.pdf
2026-02-12 11:47:08,653 - INFO - Downloading PDF: https://www.technology1.com/__data/assets/pdf_file/0017/119510/TechnologyOne-AGM-Presentation.pdf
2026-02-12 11:47:09,895 - ERROR - https://www.technology1.com/__data/assets/pdf_file/0017/119510/TechnologyOne-AGM-Presentation.pdf: Download failed: 403 Client Error: Forbidden for url: https://www.technology1.com/__data/assets/pdf_file/0017/119510/TechnologyOne-AGM-Presentation.pdf
2026-02-12 11:47:09,913 - INFO - Downloading PDF: https://www.technology1.com/__data/assets/pdf_file/0006/164292/211123-3-TNE-FY21-Results-Presentation.pdf
2026-02-12 11:47:11,342 - ERROR - https://www.technology1.com/__data/assets/pdf_file/0006/164292/211123-3-TNE-FY21-Results-Presentation.pdf: Download failed: 403 Client Error: Forbidden for url: https://www.technology1.com/__data/assets/pdf_file/0006/164292/211123-3-TNE-FY21-Results-Presentation.pdf
2026-02-12 11:47:11,342 - INFO - Downloading PDF: https://www.technology1.com/__data/assets/pdf_file/0008/119483/3.-TNE-H1-2019-Results-Presentation.pdf
2026-02-12 11:47:12,781 - ERROR - https://www.technology1.com/__data/assets/pdf_file/0008/119483/3.-TNE-H1-2019-Results-Presentation.pdf: Download failed: 403 Client Error: Forbidden for url: https://www.technology1.com/__data/assets/pdf_file/0008/119483/3.-TNE-H1-2019-Results-Presentation.pdf
2026-02-12 11:47:12,786 - INFO - Downloading PDF: https://www.technology1.com/__data/assets/pdf_file/0004/300010/TechnologyOne-Annual-Report-2025.pdf
2026-02-12 11:47:14,215 - ERROR - https://www.technology1.com/__data/assets/pdf_file/0004/300010/TechnologyOne-Annual-Report-2025.pdf: Download failed: 403 Client Error: Forbidden for url: https://www.technology1.com/__data/assets/pdf_file/0004/300010/TechnologyOne-Annual-Report-2025.pdf
2026-02-12 11:47:14,215 - INFO - Downloading PDF: https://www.technology1.com/__data/assets/pdf_file/0004/119488/2018-Half-Year-Presentation.pdf
2026-02-12 11:47:15,548 - ERROR - https://www.technology1.com/__data/assets/pdf_file/0004/119488/2018-Half-Year-Presentation.pdf: Download failed: 403 Client Error: Forbidden for url: https://www.technology1.com/__data/assets/pdf_file/0004/119488/2018-Half-Year-Presentation.pdf
2026-02-12 11:47:15,548 - INFO - Downloading PDF: https://www.technology1.com/__data/assets/pdf_file/0020/119504/TechnologyOne_2016_AGM_Presentation.pdf
2026-02-12 11:47:16,815 - ERROR - https://www.technology1.com/__data/assets/pdf_file/0020/119504/TechnologyOne_2016_AGM_Presentation.pdf: Download failed: 403 Client Error: Forbidden for url: https://www.technology1.com/__data/assets/pdf_file/0020/119504/TechnologyOne_2016_AGM_Presentation.pdf
2026-02-12 11:47:16,815 - INFO - Downloading PDF: https://www.technology1.com/__data/assets/pdf_file/0004/215455/2022-Annual-General-Meeting-Notice-of-Meeting-TechnologyOne.pdf
2026-02-12 11:47:18,101 - ERROR - https://www.technology1.com/__data/assets/pdf_file/0004/215455/2022-Annual-General-Meeting-Notice-of-Meeting-TechnologyOne.pdf: Download failed: 403 Client Error: Forbidden for url: https://www.technology1.com/__data/assets/pdf_file/0004/215455/2022-Annual-General-Meeting-Notice-of-Meeting-TechnologyOne.pdf
2026-02-12 11:47:18,110 - INFO - Downloading PDF: https://www.technology1.com/__data/assets/pdf_file/0009/119493/2018-Annual-Report.pdf
2026-02-12 11:47:20,297 - ERROR - https://www.technology1.com/__data/assets/pdf_file/0009/119493/2018-Annual-Report.pdf: Download failed: 403 Client Error: Forbidden for url: https://www.technology1.com/__data/assets/pdf_file/0009/119493/2018-Annual-Report.pdf
2026-02-12 11:47:20,297 - INFO - Downloading PDF: https://www.technology1.com/__data/assets/pdf_file/0011/300008/TechnologyOne-FY25-Appendix-4E.pdf
2026-02-12 11:47:21,608 - ERROR - https://www.technology1.com/__data/assets/pdf_file/0011/300008/TechnologyOne-FY25-Appendix-4E.pdf: Download failed: 403 Client Error: Forbidden for url: https://www.technology1.com/__data/assets/pdf_file/0011/300008/TechnologyOne-FY25-Appendix-4E.pdf
2026-02-12 11:47:21,608 - INFO - Downloading PDF: https://www.technology1.com/__data/assets/pdf_file/0006/215457/Virtual-Meeting-Online-Guide.pdf
2026-02-12 11:47:23,023 - ERROR - https://www.technology1.com/__data/assets/pdf_file/0006/215457/Virtual-Meeting-Online-Guide.pdf: Download failed: 403 Client Error: Forbidden for url: https://www.technology1.com/__data/assets/pdf_file/0006/215457/Virtual-Meeting-Online-Guide.pdf
2026-02-12 11:47:23,023 - INFO - Downloading PDF: https://www.technology1.com/__data/assets/pdf_file/0016/119500/2016-Roadshow-Half-Year-Presentation_FINAL.pdf
2026-02-12 11:47:24,343 - ERROR - https://www.technology1.com/__data/assets/pdf_file/0016/119500/2016-Roadshow-Half-Year-Presentation_FINAL.pdf: Download failed: 403 Client Error: Forbidden for url: https://www.technology1.com/__data/assets/pdf_file/0016/119500/2016-Roadshow-Half-Year-Presentation_FINAL.pdf
2026-02-12 11:47:24,343 - INFO - Downloading PDF: https://www.technology1.com/__data/assets/pdf_file/0004/246757/TNE-Modern-Slavery-Statement-FY25.pdf
2026-02-12 11:47:25,608 - ERROR - https://www.technology1.com/__data/assets/pdf_file/0004/246757/TNE-Modern-Slavery-Statement-FY25.pdf: Download failed: 403 Client Error: Forbidden for url: https://www.technology1.com/__data/assets/pdf_file/0004/246757/TNE-Modern-Slavery-Statement-FY25.pdf
2026-02-12 11:47:25,608 - INFO - Downloading PDF: https://www.technology1.com/__data/assets/pdf_file/0010/119494/TechnologyOne-2017-Half-Year-Results-Presentation.pdf
2026-02-12 11:47:27,011 - ERROR - https://www.technology1.com/__data/assets/pdf_file/0010/119494/TechnologyOne-2017-Half-Year-Results-Presentation.pdf: Download failed: 403 Client Error: Forbidden for url: https://www.technology1.com/__data/assets/pdf_file/0010/119494/TechnologyOne-2017-Half-Year-Results-Presentation.pdf
2026-02-12 11:47:27,011 - INFO - Downloading PDF: https://www.technology1.com/__data/assets/pdf_file/0010/267823/FY24-Results-Presentation.pdf
2026-02-12 11:47:28,393 - ERROR - https://www.technology1.com/__data/assets/pdf_file/0010/267823/FY24-Results-Presentation.pdf: Download failed: 403 Client Error: Forbidden for url: https://www.technology1.com/__data/assets/pdf_file/0010/267823/FY24-Results-Presentation.pdf
2026-02-12 11:47:28,400 - INFO - Downloading PDF: https://www.technology1.com/__data/assets/pdf_file/0011/119495/TechnologyOne_2017_Half_year_report.pdf
2026-02-12 11:47:29,778 - ERROR - https://www.technology1.com/__data/assets/pdf_file/0011/119495/TechnologyOne_2017_Half_year_report.pdf: Download failed: 403 Client Error: Forbidden for url: https://www.technology1.com/__data/assets/pdf_file/0011/119495/TechnologyOne_2017_Half_year_report.pdf
2026-02-12 11:47:29,778 - INFO - Downloading PDF: https://www.technology1.com/__data/assets/pdf_file/0008/136682/ISO27018.pdf
2026-02-12 11:47:31,109 - ERROR - https://www.technology1.com/__data/assets/pdf_file/0008/136682/ISO27018.pdf: Download failed: 403 Client Error: Forbidden for url: https://www.technology1.com/__data/assets/pdf_file/0008/136682/ISO27018.pdf
2026-02-12 11:47:31,109 - INFO - Downloading PDF: https://www.technology1.com/__data/assets/pdf_file/0012/269859/TNE-Proposed-Constitution-FY24.pdf
2026-02-12 11:47:32,444 - ERROR - https://www.technology1.com/__data/assets/pdf_file/0012/269859/TNE-Proposed-Constitution-FY24.pdf: Download failed: 403 Client Error: Forbidden for url: https://www.technology1.com/__data/assets/pdf_file/0012/269859/TNE-Proposed-Constitution-FY24.pdf
2026-02-12 11:47:32,444 - INFO - Downloading PDF: https://www.technology1.com/__data/assets/pdf_file/0016/181303/FY21-Notice-of-Meeting.pdf
2026-02-12 11:47:33,777 - ERROR - https://www.technology1.com/__data/assets/pdf_file/0016/181303/FY21-Notice-of-Meeting.pdf: Download failed: 403 Client Error: Forbidden for url: https://www.technology1.com/__data/assets/pdf_file/0016/181303/FY21-Notice-of-Meeting.pdf
2026-02-12 11:47:33,777 - INFO - Downloading PDF: https://www.technology1.com/__data/assets/pdf_file/0016/117223/TNE-REM-Ctee-Charter-FY23.pdf
2026-02-12 11:47:35,714 - ERROR - https://www.technology1.com/__data/assets/pdf_file/0016/117223/TNE-REM-Ctee-Charter-FY23.pdf: Download failed: 403 Client Error: Forbidden for url: https://www.technology1.com/__data/assets/pdf_file/0016/117223/TNE-REM-Ctee-Charter-FY23.pdf
2026-02-12 11:47:35,714 - INFO - Downloading PDF: https://www.technology1.com/__data/assets/pdf_file/0018/143532/FY20-Annual-General-Meeting-Notice-of-Meeting.pdf
2026-02-12 11:47:36,984 - ERROR - https://www.technology1.com/__data/assets/pdf_file/0018/143532/FY20-Annual-General-Meeting-Notice-of-Meeting.pdf: Download failed: 403 Client Error: Forbidden for url: https://www.technology1.com/__data/assets/pdf_file/0018/143532/FY20-Annual-General-Meeting-Notice-of-Meeting.pdf
2026-02-12 11:47:36,984 - INFO - Downloading PDF: https://www.technology1.com/__data/assets/pdf_file/0011/242669/TNE-Notice-of-Meeting-and-Proxy-Form-FY23-AGM.pdf
2026-02-12 11:47:38,267 - ERROR - https://www.technology1.com/__data/assets/pdf_file/0011/242669/TNE-Notice-of-Meeting-and-Proxy-Form-FY23-AGM.pdf: Download failed: 403 Client Error: Forbidden for url: https://www.technology1.com/__data/assets/pdf_file/0011/242669/TNE-Notice-of-Meeting-and-Proxy-Form-FY23-AGM.pdf
2026-02-12 11:47:38,283 - INFO - Downloading PDF: https://www.technology1.com/__data/assets/pdf_file/0019/130708/TNE-H1-FY20-Half-Year-Results-Release.pdf
2026-02-12 11:47:39,608 - ERROR - https://www.technology1.com/__data/assets/pdf_file/0019/130708/TNE-H1-FY20-Half-Year-Results-Release.pdf: Download failed: 403 Client Error: Forbidden for url: https://www.technology1.com/__data/assets/pdf_file/0019/130708/TNE-H1-FY20-Half-Year-Results-Release.pdf
2026-02-12 11:47:39,624 - INFO - Downloading PDF: https://www.technology1.com/__data/assets/pdf_file/0015/117231/TNE-Share-Trading-Policy-Blackout-Periods-FY25-006.pdf
2026-02-12 11:47:41,043 - ERROR - https://www.technology1.com/__data/assets/pdf_file/0015/117231/TNE-Share-Trading-Policy-Blackout-Periods-FY25-006.pdf: Download failed: 403 Client Error: Forbidden for url: https://www.technology1.com/__data/assets/pdf_file/0015/117231/TNE-Share-Trading-Policy-Blackout-Periods-FY25-006.pdf
2026-02-12 11:47:41,043 - INFO - Downloading PDF: https://www.technology1.com/__data/assets/pdf_file/0019/251128/2024-Half-Year-Results-TechnologyOne.pdf
2026-02-12 11:47:42,376 - ERROR - https://www.technology1.com/__data/assets/pdf_file/0019/251128/2024-Half-Year-Results-TechnologyOne.pdf: Download failed: 403 Client Error: Forbidden for url: https://www.technology1.com/__data/assets/pdf_file/0019/251128/2024-Half-Year-Results-TechnologyOne.pdf
2026-02-12 11:47:42,376 - INFO - Downloading PDF: https://www.technology1.com/__data/assets/pdf_file/0011/273926/FY24_AGM-MASTER-SLIDES-ASX.pdf
2026-02-12 11:47:43,726 - ERROR - https://www.technology1.com/__data/assets/pdf_file/0011/273926/FY24_AGM-MASTER-SLIDES-ASX.pdf: Download failed: 403 Client Error: Forbidden for url: https://www.technology1.com/__data/assets/pdf_file/0011/273926/FY24_AGM-MASTER-SLIDES-ASX.pdf
2026-02-12 11:47:43,726 - INFO - 
[Phase 3] Writing manifest...
2026-02-12 11:47:43,726 - INFO - Manifest written to: pdfs\manifest.json
2026-02-12 11:50:51,088 - INFO - ============================================================
2026-02-12 11:50:51,088 - INFO - Starting PDF Crawler (Selenium)
2026-02-12 11:50:51,088 - INFO - Start URL: https://www.technology1.com/company/investors
2026-02-12 11:50:51,088 - INFO - Max Depth: 3
2026-02-12 11:50:51,088 - INFO - Allowed Domains: www.technology1.com
2026-02-12 11:50:51,088 - INFO - Output Directory: pdfs
2026-02-12 11:50:51,088 - INFO - Headless Mode: False
2026-02-12 11:50:51,088 - INFO - ============================================================
2026-02-12 11:50:51,088 - INFO - Initializing browser...
2026-02-12 11:50:51,801 - INFO - 
[Phase 1] Crawling pages...
2026-02-12 11:50:51,801 - INFO - Crawling (depth 0): https://www.technology1.com/company/investors
2026-02-12 11:51:02,175 - INFO - Found 0 new PDF(s) on https://www.technology1.com/company/investors
2026-02-12 11:51:02,175 - INFO - Crawling (depth 1): https://www.technology1.com/products/enterprise-asset-management
2026-02-12 11:51:07,468 - INFO - Found 0 new PDF(s) on https://www.technology1.com/products/enterprise-asset-management
2026-02-12 11:51:07,468 - INFO - Crawling (depth 2): https://www.technology1.com/company/foundation
2026-02-12 11:51:24,615 - INFO - Found 1 new PDF(s) on https://www.technology1.com/company/foundation
2026-02-12 11:51:24,615 - INFO - Crawling (depth 3): https://www.technology1.com/products/performance-planning
2026-02-12 11:51:33,348 - INFO - Found 0 new PDF(s) on https://www.technology1.com/products/performance-planning
2026-02-12 11:51:33,350 - INFO - Crawling (depth 3): https://www.technology1.com/company/investors/corporate-governance
2026-02-12 11:51:42,578 - INFO - Found 19 new PDF(s) on https://www.technology1.com/company/investors/corporate-governance
2026-02-12 11:51:42,578 - INFO - Crawling (depth 3): https://www.technology1.com/products/plus
2026-02-12 11:52:13,093 - ERROR - Failed to extract links from https://www.technology1.com/products/plus: Message: timeout: Timed out receiving message from renderer: 29.733
  (Session info: chrome=144.0.7559.133)
Stacktrace:
Symbols not available. Dumping unresolved backtrace:
	0x7ff72c64f3d5
	0x7ff72c64f430
	0x7ff72c3f10bd
	0x7ff72c3ddda9
	0x7ff72c3dda91
	0x7ff72c3db6c1
	0x7ff72c3dbfff
	0x7ff72c3eb45a
	0x7ff72c402377
	0x7ff72c409a7a
	0x7ff72c3dc7c1
	0x7ff72c4020a4
	0x7ff72c49a082
	0x7ff72c43cb0c
	0x7ff72c43da53
	0x7ff72c92b470
	0x7ff72c92586d
	0x7ff72c94621a
	0x7ff72c66b235
	0x7ff72c673a5c
	0x7ff72c658844
	0x7ff72c6589f6
	0x7ff72c63eb87
	0x7ffedd87e8d7
	0x7ffedf16c40c

2026-02-12 11:52:13,095 - INFO - Found 0 new PDF(s) on https://www.technology1.com/products/plus
2026-02-12 11:52:13,095 - INFO - Crawling (depth 3): https://www.technology1.com/industries/health-and-community-services/resources
2026-02-12 11:52:27,721 - INFO - Found 0 new PDF(s) on https://www.technology1.com/industries/health-and-community-services/resources
2026-02-12 11:52:27,721 - INFO - Crawling (depth 3): https://www.technology1.com/resources/case-studies
2026-02-12 11:52:34,626 - INFO - Found 0 new PDF(s) on https://www.technology1.com/resources/case-studies
2026-02-12 11:52:34,626 - INFO - Crawling (depth 3): https://www.technology1.com/products/human-resources-and-payroll
2026-02-12 11:52:45,038 - INFO - Found 0 new PDF(s) on https://www.technology1.com/products/human-resources-and-payroll
2026-02-12 11:52:45,038 - INFO - Crawling (depth 3): https://www.technology1.com/industries/asset-and-project-intensive/solution
2026-02-12 11:52:53,556 - INFO - Found 0 new PDF(s) on https://www.technology1.com/industries/asset-and-project-intensive/solution
2026-02-12 11:52:53,556 - INFO - Crawling (depth 3): https://www.technology1.com/company/life-at-techone
2026-02-12 11:53:06,102 - INFO - Found 0 new PDF(s) on https://www.technology1.com/company/life-at-techone
2026-02-12 11:53:06,102 - INFO - Crawling (depth 3): https://www.technology1.com/products/app-builder
2026-02-12 11:53:12,480 - INFO - Found 0 new PDF(s) on https://www.technology1.com/products/app-builder
2026-02-12 11:53:12,480 - INFO - Crawling (depth 3): https://www.technology1.com/company/life-at-techone/technologyone-at-work
2026-02-12 11:53:18,064 - INFO - Found 0 new PDF(s) on https://www.technology1.com/company/life-at-techone/technologyone-at-work
2026-02-12 11:53:18,064 - INFO - Crawling (depth 3): https://www.technology1.com/products/property-and-rating
2026-02-12 11:53:23,290 - INFO - Found 0 new PDF(s) on https://www.technology1.com/products/property-and-rating
2026-02-12 11:53:23,290 - INFO - Crawling (depth 3): https://www.technology1.com/company/life-at-techone/graduates-and-interns
2026-02-12 11:53:28,302 - INFO - Found 0 new PDF(s) on https://www.technology1.com/company/life-at-techone/graduates-and-interns
2026-02-12 11:53:28,302 - INFO - Crawling (depth 3): https://www.technology1.com/privacy-policy
2026-02-12 11:53:31,620 - INFO - Found 2 new PDF(s) on https://www.technology1.com/privacy-policy
2026-02-12 11:53:31,620 - INFO - Crawling (depth 3): https://www.technology1.com/products/spatial
2026-02-12 11:53:36,409 - INFO - Found 0 new PDF(s) on https://www.technology1.com/products/spatial
2026-02-12 11:53:36,409 - INFO - Crawling (depth 3): https://www.technology1.com/industries/financial-and-corporate
2026-02-12 11:53:41,591 - INFO - Found 0 new PDF(s) on https://www.technology1.com/industries/financial-and-corporate
2026-02-12 11:53:41,591 - INFO - Crawling (depth 3): https://www.technology1.com/industries/financial-and-corporate/book-a-demo
2026-02-12 11:53:45,976 - INFO - Found 0 new PDF(s) on https://www.technology1.com/industries/financial-and-corporate/book-a-demo
2026-02-12 11:53:45,976 - INFO - Crawling (depth 3): https://www.technology1.com/company/about-us/values
2026-02-12 11:53:55,358 - INFO - Found 0 new PDF(s) on https://www.technology1.com/company/about-us/values
2026-02-12 11:53:55,358 - INFO - Crawling (depth 3): https://www.technology1.com/industries/asset-and-project-intensive/book-a-demo
2026-02-12 11:53:59,390 - INFO - Found 0 new PDF(s) on https://www.technology1.com/industries/asset-and-project-intensive/book-a-demo
2026-02-12 11:53:59,390 - INFO - Crawling (depth 3): https://www.technology1.com/industries/financial-and-corporate/resources
2026-02-12 11:54:05,266 - INFO - Found 0 new PDF(s) on https://www.technology1.com/industries/financial-and-corporate/resources
2026-02-12 11:54:05,266 - INFO - Crawling (depth 3): https://www.technology1.com/company/our-leaders
2026-02-12 11:54:18,703 - INFO - Found 0 new PDF(s) on https://www.technology1.com/company/our-leaders
2026-02-12 11:54:18,703 - INFO - Crawling (depth 3): https://www.technology1.com/industries/education/solution
2026-02-12 11:54:24,105 - INFO - Found 0 new PDF(s) on https://www.technology1.com/industries/education/solution
2026-02-12 11:54:24,105 - INFO - Crawling (depth 3): https://www.technology1.com/industries/health-and-community-services/solution
2026-02-12 11:54:27,594 - INFO - Found 0 new PDF(s) on https://www.technology1.com/industries/health-and-community-services/solution
2026-02-12 11:54:27,594 - INFO - Crawling (depth 3): https://www.technology1.com/products/business-analytics
2026-02-12 11:54:31,670 - INFO - Found 0 new PDF(s) on https://www.technology1.com/products/business-analytics
2026-02-12 11:54:31,670 - INFO - Crawling (depth 3): https://www.technology1.com/saas-plus/our-solutions
2026-02-12 11:54:35,577 - INFO - Found 0 new PDF(s) on https://www.technology1.com/saas-plus/our-solutions
2026-02-12 11:54:35,577 - INFO - Crawling (depth 3): https://www.technology1.com/industries/asset-and-project-intensive
2026-02-12 11:54:38,321 - INFO - Found 0 new PDF(s) on https://www.technology1.com/industries/asset-and-project-intensive
2026-02-12 11:54:38,321 - INFO - Crawling (depth 3): https://www.technology1.com/industries/government/book-a-demo
2026-02-12 11:54:41,929 - INFO - Found 0 new PDF(s) on https://www.technology1.com/industries/government/book-a-demo
2026-02-12 11:54:41,929 - INFO - Crawling (depth 3): https://www.technology1.com/resources/media-kit
2026-02-12 11:54:47,015 - INFO - Found 0 new PDF(s) on https://www.technology1.com/resources/media-kit
2026-02-12 11:54:47,015 - INFO - Crawling (depth 3): https://www.technology1.com/products/enterprise-content-management
2026-02-12 11:54:52,310 - INFO - Found 0 new PDF(s) on https://www.technology1.com/products/enterprise-content-management
2026-02-12 11:54:52,310 - INFO - Crawling (depth 3): https://www.technology1.com/resources/filter
2026-02-12 11:54:55,996 - INFO - Found 0 new PDF(s) on https://www.technology1.com/resources/filter
2026-02-12 11:54:55,996 - INFO - Crawling (depth 3): https://www.technology1.com/company/life-at-techone/life-at-technologyone
2026-02-12 11:55:00,414 - INFO - Found 0 new PDF(s) on https://www.technology1.com/company/life-at-techone/life-at-technologyone
2026-02-12 11:55:00,416 - INFO - Crawling (depth 3): https://www.technology1.com/industries/health-and-community-services/book-a-demo
2026-02-12 11:55:06,745 - INFO - Found 0 new PDF(s) on https://www.technology1.com/industries/health-and-community-services/book-a-demo
2026-02-12 11:55:06,745 - INFO - Crawling (depth 3): https://www.technology1.com/terms-of-use
2026-02-12 11:55:10,278 - INFO - Found 0 new PDF(s) on https://www.technology1.com/terms-of-use
2026-02-12 11:55:10,278 - INFO - Crawling (depth 3): https://www.technology1.com/industries/health-and-community-services
2026-02-12 11:55:16,050 - INFO - Found 0 new PDF(s) on https://www.technology1.com/industries/health-and-community-services
2026-02-12 11:55:16,050 - INFO - Crawling (depth 3): https://www.technology1.com/industries/government/resources
2026-02-12 11:55:20,810 - INFO - Found 0 new PDF(s) on https://www.technology1.com/industries/government/resources
2026-02-12 11:55:20,810 - INFO - Crawling (depth 3): https://www.technology1.com/industries/asset-and-project-intensive/resources
2026-02-12 11:55:24,545 - INFO - Found 0 new PDF(s) on https://www.technology1.com/industries/asset-and-project-intensive/resources
2026-02-12 11:55:24,545 - INFO - Crawling (depth 3): https://www.technology1.com/products/supply-chain-management
2026-02-12 11:55:29,906 - INFO - Found 0 new PDF(s) on https://www.technology1.com/products/supply-chain-management
2026-02-12 11:55:29,906 - INFO - Crawling (depth 3): https://www.technology1.com/saas-plus/software-releases
2026-02-12 11:55:36,658 - INFO - Found 0 new PDF(s) on https://www.technology1.com/saas-plus/software-releases
2026-02-12 11:55:36,658 - INFO - Crawling (depth 3): https://www.technology1.com
2026-02-12 11:55:41,874 - INFO - Found 0 new PDF(s) on https://www.technology1.com
2026-02-12 11:55:41,874 - INFO - Crawling (depth 3): https://www.technology1.com/company/life-at-techone/join-the-team
2026-02-12 11:55:46,461 - INFO - Found 0 new PDF(s) on https://www.technology1.com/company/life-at-techone/join-the-team
2026-02-12 11:55:46,461 - INFO - Crawling (depth 3): https://www.technology1.com/industries/government/solution
2026-02-12 11:55:50,225 - INFO - Found 0 new PDF(s) on https://www.technology1.com/industries/government/solution
2026-02-12 11:55:50,225 - INFO - Crawling (depth 3): https://www.technology1.com/products/dxp-local-government
2026-02-12 11:55:55,920 - INFO - Found 0 new PDF(s) on https://www.technology1.com/products/dxp-local-government
2026-02-12 11:55:55,920 - INFO - Crawling (depth 3): https://www.technology1.com/products/dxp-student
2026-02-12 11:56:00,601 - INFO - Found 0 new PDF(s) on https://www.technology1.com/products/dxp-student
2026-02-12 11:56:00,601 - INFO - Crawling (depth 3): https://www.technology1.com/industries/local-government
2026-02-12 11:56:06,145 - INFO - Found 0 new PDF(s) on https://www.technology1.com/industries/local-government
2026-02-12 11:56:06,145 - INFO - Crawling (depth 3): https://www.technology1.com/industries/education/book-a-demo
2026-02-12 11:56:09,536 - INFO - Found 0 new PDF(s) on https://www.technology1.com/industries/education/book-a-demo
2026-02-12 11:56:09,536 - INFO - Crawling (depth 3): https://www.technology1.com/products/enterprise-budgeting
2026-02-12 11:56:13,977 - INFO - Found 0 new PDF(s) on https://www.technology1.com/products/enterprise-budgeting
2026-02-12 11:56:13,978 - INFO - Crawling (depth 3): https://www.technology1.com/products/financials
2026-02-12 11:56:18,793 - INFO - Found 0 new PDF(s) on https://www.technology1.com/products/financials
2026-02-12 11:56:18,794 - INFO - Crawling (depth 3): https://www.technology1.com/products/dxp-essentials
2026-02-12 11:56:23,147 - INFO - Found 0 new PDF(s) on https://www.technology1.com/products/dxp-essentials
2026-02-12 11:56:23,147 - INFO - Crawling (depth 3): https://www.technology1.com/company/contact-us
2026-02-12 11:56:39,724 - INFO - Found 0 new PDF(s) on https://www.technology1.com/company/contact-us
2026-02-12 11:56:39,724 - INFO - Crawling (depth 3): https://www.technology1.com/industries/education
2026-02-12 11:56:44,073 - INFO - Found 0 new PDF(s) on https://www.technology1.com/industries/education
2026-02-12 11:56:44,073 - INFO - Crawling (depth 3): https://www.technology1.com/products/enterprise-cash-receipting
2026-02-12 11:56:49,111 - INFO - Found 0 new PDF(s) on https://www.technology1.com/products/enterprise-cash-receipting
2026-02-12 11:56:49,114 - INFO - Crawling (depth 3): https://www.technology1.com/industries/education/resources
2026-02-12 11:56:54,687 - INFO - Found 0 new PDF(s) on https://www.technology1.com/industries/education/resources
2026-02-12 11:56:54,687 - INFO - Crawling (depth 3): https://www.technology1.com/company/about-us/history
2026-02-12 11:56:58,336 - INFO - Found 0 new PDF(s) on https://www.technology1.com/company/about-us/history
2026-02-12 11:56:58,337 - INFO - Crawling (depth 3): https://www.technology1.com/resources/articles
2026-02-12 11:57:02,372 - INFO - Found 0 new PDF(s) on https://www.technology1.com/resources/articles
2026-02-12 11:57:02,372 - INFO - Crawling (depth 3): https://www.technology1.com/products/student-management
2026-02-12 11:57:07,191 - INFO - Found 0 new PDF(s) on https://www.technology1.com/products/student-management
2026-02-12 11:57:07,193 - INFO - Crawling (depth 3): https://www.technology1.com/saas-plus/erp-in-30-days
2026-02-12 11:57:10,880 - INFO - Found 0 new PDF(s) on https://www.technology1.com/saas-plus/erp-in-30-days
2026-02-12 11:57:10,880 - INFO - Crawling (depth 3): https://www.technology1.com/saas-plus/support-and-training
2026-02-12 11:57:18,210 - INFO - Found 0 new PDF(s) on https://www.technology1.com/saas-plus/support-and-training
2026-02-12 11:57:18,210 - INFO - Crawling (depth 3): https://www.technology1.com/industries/local-government/resources
2026-02-12 11:57:23,711 - INFO - Found 0 new PDF(s) on https://www.technology1.com/industries/local-government/resources
2026-02-12 11:57:23,711 - INFO - Crawling (depth 3): https://www.technology1.com/industries/financial-and-corporate/solution
2026-02-12 11:57:27,168 - INFO - Found 0 new PDF(s) on https://www.technology1.com/industries/financial-and-corporate/solution
2026-02-12 11:57:27,168 - INFO - Crawling (depth 3): https://www.technology1.com/company/about-us
2026-02-12 11:57:32,323 - INFO - Found 0 new PDF(s) on https://www.technology1.com/company/about-us
2026-02-12 11:57:32,323 - INFO - Crawling (depth 3): https://www.technology1.com/company/investors/annual-reports
2026-02-12 11:57:35,889 - INFO - Found 74 new PDF(s) on https://www.technology1.com/company/investors/annual-reports
2026-02-12 11:57:35,889 - INFO - Crawling (depth 3): https://www.technology1.com/resources/media-releases
2026-02-12 11:57:38,814 - INFO - Found 0 new PDF(s) on https://www.technology1.com/resources/media-releases
2026-02-12 11:57:38,814 - INFO - Crawling (depth 3): https://www.technology1.com/products/corporate-performance-management
2026-02-12 11:57:42,717 - INFO - Found 0 new PDF(s) on https://www.technology1.com/products/corporate-performance-management
2026-02-12 11:57:42,717 - INFO - Crawling (depth 3): https://www.technology1.com/company/events/showcase
2026-02-12 11:57:47,148 - INFO - Found 0 new PDF(s) on https://www.technology1.com/company/events/showcase
2026-02-12 11:57:47,148 - INFO - Crawling (depth 3): https://www.technology1.com/industries/local-government/book-a-demo
2026-02-12 11:57:51,829 - INFO - Found 0 new PDF(s) on https://www.technology1.com/industries/local-government/book-a-demo
2026-02-12 11:57:51,829 - INFO - Crawling (depth 3): https://www.technology1.com/products/timetabling-and-scheduling
2026-02-12 11:57:56,292 - INFO - Found 0 new PDF(s) on https://www.technology1.com/products/timetabling-and-scheduling
2026-02-12 11:57:56,292 - INFO - Crawling (depth 3): https://www.technology1.com/industries/local-government/solution
2026-02-12 11:57:59,215 - INFO - Found 0 new PDF(s) on https://www.technology1.com/industries/local-government/solution
2026-02-12 11:57:59,215 - INFO - Crawling (depth 3): https://www.technology1.com/industries/government
2026-02-12 11:58:04,700 - INFO - Found 0 new PDF(s) on https://www.technology1.com/industries/government
2026-02-12 11:58:04,700 - INFO - Crawling (depth 3): https://www.technology1.com/company/investors/board-of-directors
2026-02-12 11:58:09,452 - INFO - Found 0 new PDF(s) on https://www.technology1.com/company/investors/board-of-directors
2026-02-12 11:58:09,452 - INFO - Crawling (depth 3): https://www.technology1.com/company/about-us/core-beliefs
2026-02-12 11:58:15,064 - INFO - Found 0 new PDF(s) on https://www.technology1.com/company/about-us/core-beliefs
2026-02-12 11:58:15,064 - INFO - Crawling (depth 3): https://www.technology1.com/saas-plus
2026-02-12 11:58:19,767 - INFO - Found 0 new PDF(s) on https://www.technology1.com/saas-plus
2026-02-12 11:58:19,767 - INFO - Crawling (depth 3): https://www.technology1.com/company/investors/financial-calendar
2026-02-12 11:58:23,209 - INFO - Found 0 new PDF(s) on https://www.technology1.com/company/investors/financial-calendar
2026-02-12 11:58:23,209 - INFO - Crawling (depth 3): https://www.technology1.com/saas-plus/security
2026-02-12 11:58:29,487 - INFO - Found 7 new PDF(s) on https://www.technology1.com/saas-plus/security
2026-02-12 11:58:29,487 - INFO - Crawling (depth 2): https://www.technology1.com/products/enterprise-asset-management/resources
2026-02-12 11:58:34,485 - INFO - Found 0 new PDF(s) on https://www.technology1.com/products/enterprise-asset-management/resources
2026-02-12 11:58:34,485 - INFO - Crawling (depth 3): https://www.technology1.com/forms/gated-only-modal-sf
2026-02-12 11:58:38,881 - INFO - Found 0 new PDF(s) on https://www.technology1.com/forms/gated-only-modal-sf
2026-02-12 11:58:38,881 - INFO - Crawling (depth 3): https://www.technology1.com/products/enterprise-asset-management/features
2026-02-12 11:58:43,953 - INFO - Found 0 new PDF(s) on https://www.technology1.com/products/enterprise-asset-management/features
2026-02-12 11:58:43,953 - INFO - Crawling (depth 3): https://www.technology1.com/products/enterprise-asset-management/book-a-demo
2026-02-12 11:58:47,857 - INFO - Found 0 new PDF(s) on https://www.technology1.com/products/enterprise-asset-management/book-a-demo
2026-02-12 11:58:47,857 - INFO - Crawling (depth 3): https://www.technology1.com/showcase
2026-02-12 11:58:52,256 - INFO - Found 0 new PDF(s) on https://www.technology1.com/showcase
2026-02-12 11:58:52,256 - INFO - 
[Phase 2] Downloading 103 PDF(s)...
2026-02-12 11:58:52,256 - INFO - Downloading PDF: https://www.technology1.com/__data/assets/pdf_file/0019/130708/TNE-H1-FY20-Half-Year-Results-Release.pdf
2026-02-12 11:58:53,937 - ERROR - https://www.technology1.com/__data/assets/pdf_file/0019/130708/TNE-H1-FY20-Half-Year-Results-Release.pdf: Download failed: 403 Client Error: Forbidden for url: https://www.technology1.com/__data/assets/pdf_file/0019/130708/TNE-H1-FY20-Half-Year-Results-Release.pdf
2026-02-12 11:58:53,939 - INFO - Downloading PDF: https://www.technology1.com/__data/assets/pdf_file/0011/242669/TNE-Notice-of-Meeting-and-Proxy-Form-FY23-AGM.pdf
2026-02-12 11:58:55,047 - ERROR - https://www.technology1.com/__data/assets/pdf_file/0011/242669/TNE-Notice-of-Meeting-and-Proxy-Form-FY23-AGM.pdf: Download failed: 403 Client Error: Forbidden for url: https://www.technology1.com/__data/assets/pdf_file/0011/242669/TNE-Notice-of-Meeting-and-Proxy-Form-FY23-AGM.pdf
2026-02-12 11:58:55,056 - INFO - Downloading PDF: https://www.technology1.com/__data/assets/pdf_file/0018/143532/FY20-Annual-General-Meeting-Notice-of-Meeting.pdf
2026-02-12 11:58:56,088 - ERROR - https://www.technology1.com/__data/assets/pdf_file/0018/143532/FY20-Annual-General-Meeting-Notice-of-Meeting.pdf: Download failed: 403 Client Error: Forbidden for url: https://www.technology1.com/__data/assets/pdf_file/0018/143532/FY20-Annual-General-Meeting-Notice-of-Meeting.pdf
2026-02-12 11:58:56,088 - INFO - Downloading PDF: https://www.technology1.com/__data/assets/pdf_file/0019/240355/2023-Annual-Report.pdf
2026-02-12 11:58:57,088 - ERROR - https://www.technology1.com/__data/assets/pdf_file/0019/240355/2023-Annual-Report.pdf: Download failed: 403 Client Error: Forbidden for url: https://www.technology1.com/__data/assets/pdf_file/0019/240355/2023-Annual-Report.pdf
2026-02-12 11:58:57,088 - INFO - Downloading PDF: https://www.technology1.com/__data/assets/pdf_file/0018/119502/2016-Half-Year-Report.pdf
2026-02-12 11:58:58,102 - ERROR - https://www.technology1.com/__data/assets/pdf_file/0018/119502/2016-Half-Year-Report.pdf: Download failed: 403 Client Error: Forbidden for url: https://www.technology1.com/__data/assets/pdf_file/0018/119502/2016-Half-Year-Report.pdf
2026-02-12 11:58:58,102 - INFO - Downloading PDF: https://www.technology1.com/__data/assets/pdf_file/0020/142292/Corporate-Governance-Statement.pdf
2026-02-12 11:58:59,179 - ERROR - https://www.technology1.com/__data/assets/pdf_file/0020/142292/Corporate-Governance-Statement.pdf: Download failed: 403 Client Error: Forbidden for url: https://www.technology1.com/__data/assets/pdf_file/0020/142292/Corporate-Governance-Statement.pdf
2026-02-12 11:58:59,179 - INFO - Downloading PDF: https://www.technology1.com/__data/assets/pdf_file/0017/130391/TNE-Modern-Slavery-Policy-2025.pdf
2026-02-12 11:59:00,185 - ERROR - https://www.technology1.com/__data/assets/pdf_file/0017/130391/TNE-Modern-Slavery-Policy-2025.pdf: Download failed: 403 Client Error: Forbidden for url: https://www.technology1.com/__data/assets/pdf_file/0017/130391/TNE-Modern-Slavery-Policy-2025.pdf
2026-02-12 11:59:00,185 - INFO - Downloading PDF: https://www.technology1.com/__data/assets/pdf_file/0016/117232/TNE-Continuous-Disclosure-Policy-2025.pdf
2026-02-12 11:59:01,297 - ERROR - https://www.technology1.com/__data/assets/pdf_file/0016/117232/TNE-Continuous-Disclosure-Policy-2025.pdf: Download failed: 403 Client Error: Forbidden for url: https://www.technology1.com/__data/assets/pdf_file/0016/117232/TNE-Continuous-Disclosure-Policy-2025.pdf
2026-02-12 11:59:01,297 - INFO - Downloading PDF: https://www.technology1.com/__data/assets/pdf_file/0010/119485/191119-TNE-FY19-Results-Roadshow.115.pdf
2026-02-12 11:59:02,337 - ERROR - https://www.technology1.com/__data/assets/pdf_file/0010/119485/191119-TNE-FY19-Results-Roadshow.115.pdf: Download failed: 403 Client Error: Forbidden for url: https://www.technology1.com/__data/assets/pdf_file/0010/119485/191119-TNE-FY19-Results-Roadshow.115.pdf
2026-02-12 11:59:02,337 - INFO - Downloading PDF: https://www.technology1.com/__data/assets/pdf_file/0018/130392/Technology_One_Limited_Constitution.pdf
2026-02-12 11:59:03,509 - ERROR - https://www.technology1.com/__data/assets/pdf_file/0018/130392/Technology_One_Limited_Constitution.pdf: Download failed: 403 Client Error: Forbidden for url: https://www.technology1.com/__data/assets/pdf_file/0018/130392/Technology_One_Limited_Constitution.pdf
2026-02-12 11:59:03,509 - INFO - Downloading PDF: https://www.technology1.com/__data/assets/pdf_file/0019/150580/FY21-Half-Year-Results-Presentation.pdf
2026-02-12 11:59:04,499 - ERROR - https://www.technology1.com/__data/assets/pdf_file/0019/150580/FY21-Half-Year-Results-Presentation.pdf: Download failed: 403 Client Error: Forbidden for url: https://www.technology1.com/__data/assets/pdf_file/0019/150580/FY21-Half-Year-Results-Presentation.pdf
2026-02-12 11:59:04,499 - INFO - Downloading PDF: https://www.technology1.com/__data/assets/pdf_file/0007/119491/2018-Full-Year-Results-Presentation-1.pdf
2026-02-12 11:59:05,520 - ERROR - https://www.technology1.com/__data/assets/pdf_file/0007/119491/2018-Full-Year-Results-Presentation-1.pdf: Download failed: 403 Client Error: Forbidden for url: https://www.technology1.com/__data/assets/pdf_file/0007/119491/2018-Full-Year-Results-Presentation-1.pdf
2026-02-12 11:59:05,520 - INFO - Downloading PDF: https://www.technology1.com/__data/assets/pdf_file/0010/267823/FY24-Results-Presentation.pdf
2026-02-12 11:59:06,544 - ERROR - https://www.technology1.com/__data/assets/pdf_file/0010/267823/FY24-Results-Presentation.pdf: Download failed: 403 Client Error: Forbidden for url: https://www.technology1.com/__data/assets/pdf_file/0010/267823/FY24-Results-Presentation.pdf
2026-02-12 11:59:06,544 - INFO - Downloading PDF: https://www.technology1.com/__data/assets/pdf_file/0009/295317/TNE-FY25-Results-Release-ASX.pdf
2026-02-12 11:59:07,580 - ERROR - https://www.technology1.com/__data/assets/pdf_file/0009/295317/TNE-FY25-Results-Release-ASX.pdf: Download failed: 403 Client Error: Forbidden for url: https://www.technology1.com/__data/assets/pdf_file/0009/295317/TNE-FY25-Results-Release-ASX.pdf
2026-02-12 11:59:07,580 - INFO - Downloading PDF: https://www.technology1.com/__data/assets/pdf_file/0020/206192/WGEA-Public-Report-Questionnaire.pdf
2026-02-12 11:59:08,590 - ERROR - https://www.technology1.com/__data/assets/pdf_file/0020/206192/WGEA-Public-Report-Questionnaire.pdf: Download failed: 403 Client Error: Forbidden for url: https://www.technology1.com/__data/assets/pdf_file/0020/206192/WGEA-Public-Report-Questionnaire.pdf
2026-02-12 11:59:08,593 - INFO - Downloading PDF: https://www.technology1.com/__data/assets/pdf_file/0012/269859/TNE-Proposed-Constitution-FY24.pdf
2026-02-12 11:59:09,604 - ERROR - https://www.technology1.com/__data/assets/pdf_file/0012/269859/TNE-Proposed-Constitution-FY24.pdf: Download failed: 403 Client Error: Forbidden for url: https://www.technology1.com/__data/assets/pdf_file/0012/269859/TNE-Proposed-Constitution-FY24.pdf
2026-02-12 11:59:09,604 - INFO - Downloading PDF: https://www.technology1.com/__data/assets/pdf_file/0008/281969/CourseLoop-Cyber-Essentials-Plus-Certificate-2025.pdf
2026-02-12 11:59:10,640 - ERROR - https://www.technology1.com/__data/assets/pdf_file/0008/281969/CourseLoop-Cyber-Essentials-Plus-Certificate-2025.pdf: Download failed: 403 Client Error: Forbidden for url: https://www.technology1.com/__data/assets/pdf_file/0008/281969/CourseLoop-Cyber-Essentials-Plus-Certificate-2025.pdf
2026-02-12 11:59:10,640 - INFO - Downloading PDF: https://www.technology1.com/__data/assets/pdf_file/0006/215457/Virtual-Meeting-Online-Guide.pdf
2026-02-12 11:59:11,627 - ERROR - https://www.technology1.com/__data/assets/pdf_file/0006/215457/Virtual-Meeting-Online-Guide.pdf: Download failed: 403 Client Error: Forbidden for url: https://www.technology1.com/__data/assets/pdf_file/0006/215457/Virtual-Meeting-Online-Guide.pdf
2026-02-12 11:59:11,627 - INFO - Downloading PDF: https://www.technology1.com/__data/assets/pdf_file/0005/119507/2015-Half-Year-Results-Presentation.pdf
2026-02-12 11:59:12,641 - ERROR - https://www.technology1.com/__data/assets/pdf_file/0005/119507/2015-Half-Year-Results-Presentation.pdf: Download failed: 403 Client Error: Forbidden for url: https://www.technology1.com/__data/assets/pdf_file/0005/119507/2015-Half-Year-Results-Presentation.pdf
2026-02-12 11:59:12,641 - INFO - Downloading PDF: https://www.technology1.com/__data/assets/pdf_file/0016/130705/TNE-FY20-Results-Presentation.pdf
2026-02-12 11:59:13,651 - ERROR - https://www.technology1.com/__data/assets/pdf_file/0016/130705/TNE-FY20-Results-Presentation.pdf: Download failed: 403 Client Error: Forbidden for url: https://www.technology1.com/__data/assets/pdf_file/0016/130705/TNE-FY20-Results-Presentation.pdf
2026-02-12 11:59:13,651 - INFO - Downloading PDF: https://www.technology1.com/__data/assets/pdf_file/0018/206190/WGEA-Public-Report-Employee-Data-Tables.pdf
2026-02-12 11:59:14,666 - ERROR - https://www.technology1.com/__data/assets/pdf_file/0018/206190/WGEA-Public-Report-Employee-Data-Tables.pdf: Download failed: 403 Client Error: Forbidden for url: https://www.technology1.com/__data/assets/pdf_file/0018/206190/WGEA-Public-Report-Employee-Data-Tables.pdf
2026-02-12 11:59:14,666 - INFO - Downloading PDF: https://www.technology1.com/__data/assets/pdf_file/0012/212520/TechnologyOne-2022-Full-Year-Results-Announcement.pdf
2026-02-12 11:59:15,739 - ERROR - https://www.technology1.com/__data/assets/pdf_file/0012/212520/TechnologyOne-2022-Full-Year-Results-Announcement.pdf: Download failed: 403 Client Error: Forbidden for url: https://www.technology1.com/__data/assets/pdf_file/0012/212520/TechnologyOne-2022-Full-Year-Results-Announcement.pdf
2026-02-12 11:59:15,741 - INFO - Downloading PDF: https://www.technology1.com/__data/assets/pdf_file/0015/117231/TNE-Share-Trading-Policy-Blackout-Periods-FY25-006.pdf
2026-02-12 11:59:16,974 - ERROR - https://www.technology1.com/__data/assets/pdf_file/0015/117231/TNE-Share-Trading-Policy-Blackout-Periods-FY25-006.pdf: Download failed: 403 Client Error: Forbidden for url: https://www.technology1.com/__data/assets/pdf_file/0015/117231/TNE-Share-Trading-Policy-Blackout-Periods-FY25-006.pdf
2026-02-12 11:59:16,990 - INFO - Downloading PDF: https://www.technology1.com/__data/assets/pdf_file/0018/117234/Diversity-Policy-TechnologyOne.pdf
2026-02-12 11:59:18,043 - ERROR - https://www.technology1.com/__data/assets/pdf_file/0018/117234/Diversity-Policy-TechnologyOne.pdf: Download failed: 403 Client Error: Forbidden for url: https://www.technology1.com/__data/assets/pdf_file/0018/117234/Diversity-Policy-TechnologyOne.pdf
2026-02-12 11:59:18,059 - INFO - Downloading PDF: https://www.technology1.com/__data/assets/pdf_file/0006/301200/2025-AGM-Notice-of-Meeting-with-Proxy-Form.pdf
2026-02-12 11:59:19,066 - ERROR - https://www.technology1.com/__data/assets/pdf_file/0006/301200/2025-AGM-Notice-of-Meeting-with-Proxy-Form.pdf: Download failed: 403 Client Error: Forbidden for url: https://www.technology1.com/__data/assets/pdf_file/0006/301200/2025-AGM-Notice-of-Meeting-with-Proxy-Form.pdf
2026-02-12 11:59:19,067 - INFO - Downloading PDF: https://www.technology1.com/__data/assets/pdf_file/0007/238543/FY23-full-year-results-presentation.pdf
2026-02-12 11:59:21,307 - ERROR - https://www.technology1.com/__data/assets/pdf_file/0007/238543/FY23-full-year-results-presentation.pdf: Download failed: 403 Client Error: Forbidden for url: https://www.technology1.com/__data/assets/pdf_file/0007/238543/FY23-full-year-results-presentation.pdf
2026-02-12 11:59:21,307 - INFO - Downloading PDF: https://www.technology1.com/__data/assets/pdf_file/0003/119505/TechnologyOne_2016_AnnualReport.pdf
2026-02-12 11:59:22,598 - ERROR - https://www.technology1.com/__data/assets/pdf_file/0003/119505/TechnologyOne_2016_AnnualReport.pdf: Download failed: 403 Client Error: Forbidden for url: https://www.technology1.com/__data/assets/pdf_file/0003/119505/TechnologyOne_2016_AnnualReport.pdf
2026-02-12 11:59:22,600 - INFO - Downloading PDF: https://www.technology1.com/__data/assets/pdf_file/0008/119852/TNE-Whistleblower-Policy-Statement.pdf
2026-02-12 11:59:23,819 - ERROR - https://www.technology1.com/__data/assets/pdf_file/0008/119852/TNE-Whistleblower-Policy-Statement.pdf: Download failed: 403 Client Error: Forbidden for url: https://www.technology1.com/__data/assets/pdf_file/0008/119852/TNE-Whistleblower-Policy-Statement.pdf
2026-02-12 11:59:23,830 - INFO - Downloading PDF: https://www.technology1.com/__data/assets/pdf_file/0010/269695/TNE-NoM-and-Proxy-Form-FY24.pdf
2026-02-12 11:59:29,245 - ERROR - https://www.technology1.com/__data/assets/pdf_file/0010/269695/TNE-NoM-and-Proxy-Form-FY24.pdf: Download failed: 403 Client Error: Forbidden for url: https://www.technology1.com/__data/assets/pdf_file/0010/269695/TNE-NoM-and-Proxy-Form-FY24.pdf
2026-02-12 11:59:29,245 - INFO - Downloading PDF: https://www.technology1.com/__data/assets/pdf_file/0017/117224/TNE-ARC-Charter-FY23.pdf
2026-02-12 11:59:30,480 - ERROR - https://www.technology1.com/__data/assets/pdf_file/0017/117224/TNE-ARC-Charter-FY23.pdf: Download failed: 403 Client Error: Forbidden for url: https://www.technology1.com/__data/assets/pdf_file/0017/117224/TNE-ARC-Charter-FY23.pdf
2026-02-12 11:59:30,480 - INFO - Downloading PDF: https://www.technology1.com/_media/documents/pdf/legal/Event-Terms-and-Conditions.pdf
2026-02-12 11:59:34,185 - ERROR - https://www.technology1.com/_media/documents/pdf/legal/Event-Terms-and-Conditions.pdf: Download failed: 403 Client Error: Forbidden for url: https://www.technology1.com/_media/documents/pdf/legal/Event-Terms-and-Conditions.pdf
2026-02-12 11:59:34,185 - INFO - Downloading PDF: https://www.technology1.com/__data/assets/pdf_file/0009/119493/2018-Annual-Report.pdf
2026-02-12 11:59:35,346 - ERROR - https://www.technology1.com/__data/assets/pdf_file/0009/119493/2018-Annual-Report.pdf: Download failed: 403 Client Error: Forbidden for url: https://www.technology1.com/__data/assets/pdf_file/0009/119493/2018-Annual-Report.pdf
2026-02-12 11:59:35,346 - INFO - Downloading PDF: https://www.technology1.com/__data/assets/pdf_file/0014/223601/TNE-Half-Year-Results-Announcement-2023.pdf
2026-02-12 11:59:36,365 - ERROR - https://www.technology1.com/__data/assets/pdf_file/0014/223601/TNE-Half-Year-Results-Announcement-2023.pdf: Download failed: 403 Client Error: Forbidden for url: https://www.technology1.com/__data/assets/pdf_file/0014/223601/TNE-Half-Year-Results-Announcement-2023.pdf
2026-02-12 11:59:36,381 - INFO - Downloading PDF: https://www.technology1.com/__data/assets/pdf_file/0011/295229/TechnologyOne_AI-Policy.pdf
2026-02-12 11:59:37,438 - ERROR - https://www.technology1.com/__data/assets/pdf_file/0011/295229/TechnologyOne_AI-Policy.pdf: Download failed: 403 Client Error: Forbidden for url: https://www.technology1.com/__data/assets/pdf_file/0011/295229/TechnologyOne_AI-Policy.pdf
2026-02-12 11:59:37,438 - INFO - Downloading PDF: https://www.technology1.com/__data/assets/pdf_file/0011/119495/TechnologyOne_2017_Half_year_report.pdf
2026-02-12 11:59:38,569 - ERROR - https://www.technology1.com/__data/assets/pdf_file/0011/119495/TechnologyOne_2017_Half_year_report.pdf: Download failed: 403 Client Error: Forbidden for url: https://www.technology1.com/__data/assets/pdf_file/0011/119495/TechnologyOne_2017_Half_year_report.pdf
2026-02-12 11:59:38,569 - INFO - Downloading PDF: https://www.technology1.com/__data/assets/pdf_file/0019/117235/TNE-Code-of-Business-Conduct.pdf
2026-02-12 11:59:39,622 - ERROR - https://www.technology1.com/__data/assets/pdf_file/0019/117235/TNE-Code-of-Business-Conduct.pdf: Download failed: 403 Client Error: Forbidden for url: https://www.technology1.com/__data/assets/pdf_file/0019/117235/TNE-Code-of-Business-Conduct.pdf
2026-02-12 11:59:39,622 - INFO - Downloading PDF: https://www.technology1.com/__data/assets/pdf_file/0008/119492/2018-Annual-General-Meeting-Notice-of-Meeting.pdf
2026-02-12 11:59:40,657 - ERROR - https://www.technology1.com/__data/assets/pdf_file/0008/119492/2018-Annual-General-Meeting-Notice-of-Meeting.pdf: Download failed: 403 Client Error: Forbidden for url: https://www.technology1.com/__data/assets/pdf_file/0008/119492/2018-Annual-General-Meeting-Notice-of-Meeting.pdf
2026-02-12 11:59:40,657 - INFO - Downloading PDF: https://www.technology1.com/__data/assets/pdf_file/0011/269696/2025_TNE-VM-Online-Guide.pdf
2026-02-12 11:59:41,741 - ERROR - https://www.technology1.com/__data/assets/pdf_file/0011/269696/2025_TNE-VM-Online-Guide.pdf: Download failed: 403 Client Error: Forbidden for url: https://www.technology1.com/__data/assets/pdf_file/0011/269696/2025_TNE-VM-Online-Guide.pdf
2026-02-12 11:59:41,741 - INFO - Downloading PDF: https://www.technology1.com/__data/assets/pdf_file/0007/242674/TNE-FY23-AGM-Virtual-Meeting-Guide.pdf
2026-02-12 11:59:42,881 - ERROR - https://www.technology1.com/__data/assets/pdf_file/0007/242674/TNE-FY23-AGM-Virtual-Meeting-Guide.pdf: Download failed: 403 Client Error: Forbidden for url: https://www.technology1.com/__data/assets/pdf_file/0007/242674/TNE-FY23-AGM-Virtual-Meeting-Guide.pdf
2026-02-12 11:59:42,881 - INFO - Downloading PDF: https://www.technology1.com/__data/assets/pdf_file/0016/181303/FY21-Notice-of-Meeting.pdf
2026-02-12 11:59:43,965 - ERROR - https://www.technology1.com/__data/assets/pdf_file/0016/181303/FY21-Notice-of-Meeting.pdf: Download failed: 403 Client Error: Forbidden for url: https://www.technology1.com/__data/assets/pdf_file/0016/181303/FY21-Notice-of-Meeting.pdf
2026-02-12 11:59:43,965 - INFO - Downloading PDF: https://www.technology1.com/__data/assets/pdf_file/0015/142071/TNE-FY20-Full-Year-Results-Release.pdf
2026-02-12 11:59:44,970 - ERROR - https://www.technology1.com/__data/assets/pdf_file/0015/142071/TNE-FY20-Full-Year-Results-Release.pdf: Download failed: 403 Client Error: Forbidden for url: https://www.technology1.com/__data/assets/pdf_file/0015/142071/TNE-FY20-Full-Year-Results-Release.pdf
2026-02-12 11:59:44,970 - INFO - Downloading PDF: https://www.technology1.com/__data/assets/pdf_file/0004/246757/TNE-Modern-Slavery-Statement-FY25.pdf
2026-02-12 11:59:46,132 - ERROR - https://www.technology1.com/__data/assets/pdf_file/0004/246757/TNE-Modern-Slavery-Statement-FY25.pdf: Download failed: 403 Client Error: Forbidden for url: https://www.technology1.com/__data/assets/pdf_file/0004/246757/TNE-Modern-Slavery-Statement-FY25.pdf
2026-02-12 11:59:46,132 - INFO - Downloading PDF: https://www.technology1.com/__data/assets/pdf_file/0003/119487/FY19-Annual-Report.pdf
2026-02-12 11:59:47,151 - ERROR - https://www.technology1.com/__data/assets/pdf_file/0003/119487/FY19-Annual-Report.pdf: Download failed: 403 Client Error: Forbidden for url: https://www.technology1.com/__data/assets/pdf_file/0003/119487/FY19-Annual-Report.pdf
2026-02-12 11:59:47,151 - INFO - Downloading PDF: https://www.technology1.com/__data/assets/pdf_file/0007/164293/FY21-Full-Year-Results-announcement.pdf
2026-02-12 11:59:48,155 - ERROR - https://www.technology1.com/__data/assets/pdf_file/0007/164293/FY21-Full-Year-Results-announcement.pdf: Download failed: 403 Client Error: Forbidden for url: https://www.technology1.com/__data/assets/pdf_file/0007/164293/FY21-Full-Year-Results-announcement.pdf
2026-02-12 11:59:48,155 - INFO - Downloading PDF: https://www.technology1.com/__data/assets/pdf_file/0006/119490/2018-TNE-IFRS-Presentation.pdf
2026-02-12 11:59:49,159 - ERROR - https://www.technology1.com/__data/assets/pdf_file/0006/119490/2018-TNE-IFRS-Presentation.pdf: Download failed: 403 Client Error: Forbidden for url: https://www.technology1.com/__data/assets/pdf_file/0006/119490/2018-TNE-IFRS-Presentation.pdf
2026-02-12 11:59:49,159 - INFO - Downloading PDF: https://www.technology1.com/__data/assets/pdf_file/0018/119511/TechnologyOne-2015-Annual-Report.pdf
2026-02-12 11:59:50,181 - ERROR - https://www.technology1.com/__data/assets/pdf_file/0018/119511/TechnologyOne-2015-Annual-Report.pdf: Download failed: 403 Client Error: Forbidden for url: https://www.technology1.com/__data/assets/pdf_file/0018/119511/TechnologyOne-2015-Annual-Report.pdf
2026-02-12 11:59:50,181 - INFO - Downloading PDF: https://www.technology1.com/__data/assets/pdf_file/0020/215066/TNE-rTSR-Methodology.pdf
2026-02-12 11:59:51,204 - ERROR - https://www.technology1.com/__data/assets/pdf_file/0020/215066/TNE-rTSR-Methodology.pdf: Download failed: 403 Client Error: Forbidden for url: https://www.technology1.com/__data/assets/pdf_file/0020/215066/TNE-rTSR-Methodology.pdf
2026-02-12 11:59:51,205 - INFO - Downloading PDF: https://www.technology1.com/__data/assets/pdf_file/0009/278307/Half-Year-Results-ASX-Announcement-2025-TechnologyOne.pdf
2026-02-12 11:59:52,216 - ERROR - https://www.technology1.com/__data/assets/pdf_file/0009/278307/Half-Year-Results-ASX-Announcement-2025-TechnologyOne.pdf: Download failed: 403 Client Error: Forbidden for url: https://www.technology1.com/__data/assets/pdf_file/0009/278307/Half-Year-Results-ASX-Announcement-2025-TechnologyOne.pdf
2026-02-12 11:59:52,216 - INFO - Downloading PDF: https://www.technology1.com/__data/assets/pdf_file/0018/251172/2.-TNE-H1-FY24-App4D-Half-Year-Financial-Report.pdf
2026-02-12 11:59:53,201 - ERROR - https://www.technology1.com/__data/assets/pdf_file/0018/251172/2.-TNE-H1-FY24-App4D-Half-Year-Financial-Report.pdf: Download failed: 403 Client Error: Forbidden for url: https://www.technology1.com/__data/assets/pdf_file/0018/251172/2.-TNE-H1-FY24-App4D-Half-Year-Financial-Report.pdf
2026-02-12 11:59:53,201 - INFO - Downloading PDF: https://www.technology1.com/__data/assets/pdf_file/0020/119504/TechnologyOne_2016_AGM_Presentation.pdf
2026-02-12 11:59:54,240 - ERROR - https://www.technology1.com/__data/assets/pdf_file/0020/119504/TechnologyOne_2016_AGM_Presentation.pdf: Download failed: 403 Client Error: Forbidden for url: https://www.technology1.com/__data/assets/pdf_file/0020/119504/TechnologyOne_2016_AGM_Presentation.pdf
2026-02-12 11:59:54,240 - INFO - Downloading PDF: https://www.technology1.com/__data/assets/pdf_file/0018/117225/TNE-Board-Charter-FY23.pdf
2026-02-12 11:59:55,258 - ERROR - https://www.technology1.com/__data/assets/pdf_file/0018/117225/TNE-Board-Charter-FY23.pdf: Download failed: 403 Client Error: Forbidden for url: https://www.technology1.com/__data/assets/pdf_file/0018/117225/TNE-Board-Charter-FY23.pdf
2026-02-12 11:59:55,258 - INFO - Downloading PDF: https://www.technology1.com/__data/assets/pdf_file/0006/281985/CourseLoop-Cyber-Essentials-Certificate-2025.pdf
2026-02-12 11:59:56,272 - ERROR - https://www.technology1.com/__data/assets/pdf_file/0006/281985/CourseLoop-Cyber-Essentials-Certificate-2025.pdf: Download failed: 403 Client Error: Forbidden for url: https://www.technology1.com/__data/assets/pdf_file/0006/281985/CourseLoop-Cyber-Essentials-Certificate-2025.pdf
2026-02-12 11:59:56,275 - INFO - Downloading PDF: https://www.technology1.com/__data/assets/pdf_file/0016/143224/FY20-Annual-Report.pdf
2026-02-12 11:59:57,348 - ERROR - https://www.technology1.com/__data/assets/pdf_file/0016/143224/FY20-Annual-Report.pdf: Download failed: 403 Client Error: Forbidden for url: https://www.technology1.com/__data/assets/pdf_file/0016/143224/FY20-Annual-Report.pdf
2026-02-12 11:59:57,348 - INFO - Downloading PDF: https://www.technology1.com/__data/assets/pdf_file/0006/278313/Half-Year-Results-Report-and-Appendix-4D.pdf
2026-02-12 11:59:58,531 - ERROR - https://www.technology1.com/__data/assets/pdf_file/0006/278313/Half-Year-Results-Report-and-Appendix-4D.pdf: Download failed: 403 Client Error: Forbidden for url: https://www.technology1.com/__data/assets/pdf_file/0006/278313/Half-Year-Results-Report-and-Appendix-4D.pdf
2026-02-12 11:59:58,531 - INFO - Downloading PDF: https://www.technology1.com/__data/assets/pdf_file/0019/119503/TechnologyOne_2016_Notice_of_Annual_General_Meeting.pdf
2026-02-12 11:59:59,591 - ERROR - https://www.technology1.com/__data/assets/pdf_file/0019/119503/TechnologyOne_2016_Notice_of_Annual_General_Meeting.pdf: Download failed: 403 Client Error: Forbidden for url: https://www.technology1.com/__data/assets/pdf_file/0019/119503/TechnologyOne_2016_Notice_of_Annual_General_Meeting.pdf
2026-02-12 11:59:59,591 - INFO - Downloading PDF: https://www.technology1.com/__data/assets/pdf_file/0005/119489/2018-Half-Year-Report.pdf
2026-02-12 12:00:00,607 - ERROR - https://www.technology1.com/__data/assets/pdf_file/0005/119489/2018-Half-Year-Report.pdf: Download failed: 403 Client Error: Forbidden for url: https://www.technology1.com/__data/assets/pdf_file/0005/119489/2018-Half-Year-Report.pdf
2026-02-12 12:00:00,607 - INFO - Downloading PDF: https://www.technology1.com/__data/assets/pdf_file/0011/119486/191119-TNE-FY2019-Results-Release-Final.pdf
2026-02-12 12:00:01,607 - ERROR - https://www.technology1.com/__data/assets/pdf_file/0011/119486/191119-TNE-FY2019-Results-Release-Final.pdf: Download failed: 403 Client Error: Forbidden for url: https://www.technology1.com/__data/assets/pdf_file/0011/119486/191119-TNE-FY2019-Results-Release-Final.pdf
2026-02-12 12:00:01,607 - INFO - Downloading PDF: https://www.technology1.com/__data/assets/pdf_file/0015/223602/TNE-2023-Half-Year-Results-Presentation.pdf
2026-02-12 12:00:02,679 - ERROR - https://www.technology1.com/__data/assets/pdf_file/0015/223602/TNE-2023-Half-Year-Results-Presentation.pdf: Download failed: 403 Client Error: Forbidden for url: https://www.technology1.com/__data/assets/pdf_file/0015/223602/TNE-2023-Half-Year-Results-Presentation.pdf
2026-02-12 12:00:02,683 - INFO - Downloading PDF: https://www.technology1.com/__data/assets/pdf_file/0010/119494/TechnologyOne-2017-Half-Year-Results-Presentation.pdf
2026-02-12 12:00:04,013 - ERROR - https://www.technology1.com/__data/assets/pdf_file/0010/119494/TechnologyOne-2017-Half-Year-Results-Presentation.pdf: Download failed: 403 Client Error: Forbidden for url: https://www.technology1.com/__data/assets/pdf_file/0010/119494/TechnologyOne-2017-Half-Year-Results-Presentation.pdf
2026-02-12 12:00:04,013 - INFO - Downloading PDF: https://www.technology1.com/__data/assets/pdf_file/0004/193873/TechnologyOne-FY22-Half-Year-Results-Presentation.pdf
2026-02-12 12:00:05,041 - ERROR - https://www.technology1.com/__data/assets/pdf_file/0004/193873/TechnologyOne-FY22-Half-Year-Results-Presentation.pdf: Download failed: 403 Client Error: Forbidden for url: https://www.technology1.com/__data/assets/pdf_file/0004/193873/TechnologyOne-FY22-Half-Year-Results-Presentation.pdf
2026-02-12 12:00:05,041 - INFO - Downloading PDF: https://www.technology1.com/__data/assets/pdf_file/0005/215456/230222-TNE-Omnibus-Incentive-Plan-v05-FINAL-Cln.pdf
2026-02-12 12:00:06,053 - ERROR - https://www.technology1.com/__data/assets/pdf_file/0005/215456/230222-TNE-Omnibus-Incentive-Plan-v05-FINAL-Cln.pdf: Download failed: 403 Client Error: Forbidden for url: https://www.technology1.com/__data/assets/pdf_file/0005/215456/230222-TNE-Omnibus-Incentive-Plan-v05-FINAL-Cln.pdf
2026-02-12 12:00:06,053 - INFO - Downloading PDF: https://www.technology1.com/__data/assets/pdf_file/0005/119498/2017-12-17-AGM-Presn.031-tues-morn-FINAL-5.0am.pdf
2026-02-12 12:00:07,176 - ERROR - https://www.technology1.com/__data/assets/pdf_file/0005/119498/2017-12-17-AGM-Presn.031-tues-morn-FINAL-5.0am.pdf: Download failed: 403 Client Error: Forbidden for url: https://www.technology1.com/__data/assets/pdf_file/0005/119498/2017-12-17-AGM-Presn.031-tues-morn-FINAL-5.0am.pdf
2026-02-12 12:00:07,177 - INFO - Downloading PDF: https://www.technology1.com/__data/assets/pdf_file/0017/119510/TechnologyOne-AGM-Presentation.pdf
2026-02-12 12:00:08,373 - ERROR - https://www.technology1.com/__data/assets/pdf_file/0017/119510/TechnologyOne-AGM-Presentation.pdf: Download failed: 403 Client Error: Forbidden for url: https://www.technology1.com/__data/assets/pdf_file/0017/119510/TechnologyOne-AGM-Presentation.pdf
2026-02-12 12:00:08,373 - INFO - Downloading PDF: https://www.technology1.com/__data/assets/pdf_file/0005/278312/Half-Year-Results-Presentation-2025-TechnologyOne.pdf
2026-02-12 12:00:09,490 - ERROR - https://www.technology1.com/__data/assets/pdf_file/0005/278312/Half-Year-Results-Presentation-2025-TechnologyOne.pdf: Download failed: 403 Client Error: Forbidden for url: https://www.technology1.com/__data/assets/pdf_file/0005/278312/Half-Year-Results-Presentation-2025-TechnologyOne.pdf
2026-02-12 12:00:09,501 - INFO - Downloading PDF: https://www.technology1.com/__data/assets/pdf_file/0018/251127/2024-Half-Year-Results-ASX-Announcement-TechnologyOne.pdf
2026-02-12 12:00:10,651 - ERROR - https://www.technology1.com/__data/assets/pdf_file/0018/251127/2024-Half-Year-Results-ASX-Announcement-TechnologyOne.pdf: Download failed: 403 Client Error: Forbidden for url: https://www.technology1.com/__data/assets/pdf_file/0018/251127/2024-Half-Year-Results-ASX-Announcement-TechnologyOne.pdf
2026-02-12 12:00:10,651 - INFO - Downloading PDF: https://www.technology1.com/__data/assets/pdf_file/0017/181304/FY21-Annual-Report.pdf
2026-02-12 12:00:13,170 - ERROR - https://www.technology1.com/__data/assets/pdf_file/0017/181304/FY21-Annual-Report.pdf: Download failed: 403 Client Error: Forbidden for url: https://www.technology1.com/__data/assets/pdf_file/0017/181304/FY21-Annual-Report.pdf
2026-02-12 12:00:13,186 - INFO - Downloading PDF: https://www.technology1.com/__data/assets/pdf_file/0004/215455/2022-Annual-General-Meeting-Notice-of-Meeting-TechnologyOne.pdf
2026-02-12 12:00:14,237 - ERROR - https://www.technology1.com/__data/assets/pdf_file/0004/215455/2022-Annual-General-Meeting-Notice-of-Meeting-TechnologyOne.pdf: Download failed: 403 Client Error: Forbidden for url: https://www.technology1.com/__data/assets/pdf_file/0004/215455/2022-Annual-General-Meeting-Notice-of-Meeting-TechnologyOne.pdf
2026-02-12 12:00:14,237 - INFO - Downloading PDF: https://www.technology1.com/__data/assets/pdf_file/0004/300010/TechnologyOne-Annual-Report-2025.pdf
2026-02-12 12:00:15,667 - ERROR - https://www.technology1.com/__data/assets/pdf_file/0004/300010/TechnologyOne-Annual-Report-2025.pdf: Download failed: 403 Client Error: Forbidden for url: https://www.technology1.com/__data/assets/pdf_file/0004/300010/TechnologyOne-Annual-Report-2025.pdf
2026-02-12 12:00:15,667 - INFO - Downloading PDF: https://www.technology1.com/__data/assets/pdf_file/0019/251128/2024-Half-Year-Results-TechnologyOne.pdf
2026-02-12 12:00:16,674 - ERROR - https://www.technology1.com/__data/assets/pdf_file/0019/251128/2024-Half-Year-Results-TechnologyOne.pdf: Download failed: 403 Client Error: Forbidden for url: https://www.technology1.com/__data/assets/pdf_file/0019/251128/2024-Half-Year-Results-TechnologyOne.pdf
2026-02-12 12:00:16,674 - INFO - Downloading PDF: https://www.technology1.com/__data/assets/pdf_file/0015/117222/TNE-NGC-Charter-FY23.pdf
2026-02-12 12:00:17,692 - ERROR - https://www.technology1.com/__data/assets/pdf_file/0015/117222/TNE-NGC-Charter-FY23.pdf: Download failed: 403 Client Error: Forbidden for url: https://www.technology1.com/__data/assets/pdf_file/0015/117222/TNE-NGC-Charter-FY23.pdf
2026-02-12 12:00:17,693 - INFO - Downloading PDF: https://www.technology1.com/__data/assets/pdf_file/0010/156592/Cyber-Essentials-Plus-Certificate-2025.pdf
2026-02-12 12:00:20,668 - ERROR - https://www.technology1.com/__data/assets/pdf_file/0010/156592/Cyber-Essentials-Plus-Certificate-2025.pdf: Download failed: 403 Client Error: Forbidden for url: https://www.technology1.com/__data/assets/pdf_file/0010/156592/Cyber-Essentials-Plus-Certificate-2025.pdf
2026-02-12 12:00:20,668 - INFO - Downloading PDF: https://www.technology1.com/__data/assets/pdf_file/0006/119508/CORP_Half-Year-Report_2015_LR.pdf
2026-02-12 12:00:21,731 - ERROR - https://www.technology1.com/__data/assets/pdf_file/0006/119508/CORP_Half-Year-Report_2015_LR.pdf: Download failed: 403 Client Error: Forbidden for url: https://www.technology1.com/__data/assets/pdf_file/0006/119508/CORP_Half-Year-Report_2015_LR.pdf
2026-02-12 12:00:21,739 - INFO - Downloading PDF: https://www.technology1.com/__data/assets/pdf_file/0007/301201/TNE-2025-AGM-Virtual-Meeting-Guide.pdf
2026-02-12 12:00:22,734 - ERROR - https://www.technology1.com/__data/assets/pdf_file/0007/301201/TNE-2025-AGM-Virtual-Meeting-Guide.pdf: Download failed: 403 Client Error: Forbidden for url: https://www.technology1.com/__data/assets/pdf_file/0007/301201/TNE-2025-AGM-Virtual-Meeting-Guide.pdf
2026-02-12 12:00:22,734 - INFO - Downloading PDF: https://www.technology1.com/__data/assets/pdf_file/0006/238542/2023-FY-ASX-Announcement.pdf
2026-02-12 12:00:23,933 - ERROR - https://www.technology1.com/__data/assets/pdf_file/0006/238542/2023-FY-ASX-Announcement.pdf: Download failed: 403 Client Error: Forbidden for url: https://www.technology1.com/__data/assets/pdf_file/0006/238542/2023-FY-ASX-Announcement.pdf
2026-02-12 12:00:23,944 - INFO - Downloading PDF: https://www.technology1.com/__data/assets/pdf_file/0008/247589/Gender-Pay-Gap-Statement_APRIL-24.pdf
2026-02-12 12:00:25,990 - ERROR - https://www.technology1.com/__data/assets/pdf_file/0008/247589/Gender-Pay-Gap-Statement_APRIL-24.pdf: Download failed: 403 Client Error: Forbidden for url: https://www.technology1.com/__data/assets/pdf_file/0008/247589/Gender-Pay-Gap-Statement_APRIL-24.pdf
2026-02-12 12:00:25,992 - INFO - Downloading PDF: https://www.technology1.com/__data/assets/pdf_file/0016/119500/2016-Roadshow-Half-Year-Presentation_FINAL.pdf
2026-02-12 12:00:27,711 - ERROR - https://www.technology1.com/__data/assets/pdf_file/0016/119500/2016-Roadshow-Half-Year-Presentation_FINAL.pdf: Download failed: 403 Client Error: Forbidden for url: https://www.technology1.com/__data/assets/pdf_file/0016/119500/2016-Roadshow-Half-Year-Presentation_FINAL.pdf
2026-02-12 12:00:27,712 - INFO - Downloading PDF: https://www.technology1.com/__data/assets/pdf_file/0013/212521/TechnologyOne-2022-Full-Year-Results-Presentation.pdf
2026-02-12 12:00:28,852 - ERROR - https://www.technology1.com/__data/assets/pdf_file/0013/212521/TechnologyOne-2022-Full-Year-Results-Presentation.pdf: Download failed: 403 Client Error: Forbidden for url: https://www.technology1.com/__data/assets/pdf_file/0013/212521/TechnologyOne-2022-Full-Year-Results-Presentation.pdf
2026-02-12 12:00:28,854 - INFO - Downloading PDF: https://www.technology1.com/__data/assets/pdf_file/0009/150579/FY21-Half-Year-Results-Announcement.pdf
2026-02-12 12:00:29,906 - ERROR - https://www.technology1.com/__data/assets/pdf_file/0009/150579/FY21-Half-Year-Results-Announcement.pdf: Download failed: 403 Client Error: Forbidden for url: https://www.technology1.com/__data/assets/pdf_file/0009/150579/FY21-Half-Year-Results-Announcement.pdf
2026-02-12 12:00:29,906 - INFO - Downloading PDF: https://www.technology1.com/__data/assets/pdf_file/0007/119509/TechnologyOne-2015-Notice-of-Meeting.pdf
2026-02-12 12:00:30,909 - ERROR - https://www.technology1.com/__data/assets/pdf_file/0007/119509/TechnologyOne-2015-Notice-of-Meeting.pdf: Download failed: 403 Client Error: Forbidden for url: https://www.technology1.com/__data/assets/pdf_file/0007/119509/TechnologyOne-2015-Notice-of-Meeting.pdf
2026-02-12 12:00:30,909 - INFO - Downloading PDF: https://www.technology1.com/__data/assets/pdf_file/0006/164292/211123-3-TNE-FY21-Results-Presentation.pdf
2026-02-12 12:00:33,255 - ERROR - https://www.technology1.com/__data/assets/pdf_file/0006/164292/211123-3-TNE-FY21-Results-Presentation.pdf: Download failed: 403 Client Error: Forbidden for url: https://www.technology1.com/__data/assets/pdf_file/0006/164292/211123-3-TNE-FY21-Results-Presentation.pdf
2026-02-12 12:00:33,255 - INFO - Downloading PDF: https://www.technology1.com/__data/assets/pdf_file/0011/300008/TechnologyOne-FY25-Appendix-4E.pdf
2026-02-12 12:00:34,436 - ERROR - https://www.technology1.com/__data/assets/pdf_file/0011/300008/TechnologyOne-FY25-Appendix-4E.pdf: Download failed: 403 Client Error: Forbidden for url: https://www.technology1.com/__data/assets/pdf_file/0011/300008/TechnologyOne-FY25-Appendix-4E.pdf
2026-02-12 12:00:34,436 - INFO - Downloading PDF: https://www.technology1.com/__data/assets/pdf_file/0007/268801/2024-Annual-Report-TechnologyOne.pdf
2026-02-12 12:00:35,618 - ERROR - https://www.technology1.com/__data/assets/pdf_file/0007/268801/2024-Annual-Report-TechnologyOne.pdf: Download failed: 403 Client Error: Forbidden for url: https://www.technology1.com/__data/assets/pdf_file/0007/268801/2024-Annual-Report-TechnologyOne.pdf
2026-02-12 12:00:35,632 - INFO - Downloading PDF: https://www.technology1.com/__data/assets/pdf_file/0006/119499/TechnologyOne_2017_AnnualReport.pdf
2026-02-12 12:00:36,639 - ERROR - https://www.technology1.com/__data/assets/pdf_file/0006/119499/TechnologyOne_2017_AnnualReport.pdf: Download failed: 403 Client Error: Forbidden for url: https://www.technology1.com/__data/assets/pdf_file/0006/119499/TechnologyOne_2017_AnnualReport.pdf
2026-02-12 12:00:36,639 - INFO - Downloading PDF: https://www.technology1.com/__data/assets/pdf_file/0011/116588/TechnologyOne-Privacy-Policy.pdf
2026-02-12 12:00:37,664 - ERROR - https://www.technology1.com/__data/assets/pdf_file/0011/116588/TechnologyOne-Privacy-Policy.pdf: Download failed: 403 Client Error: Forbidden for url: https://www.technology1.com/__data/assets/pdf_file/0011/116588/TechnologyOne-Privacy-Policy.pdf
2026-02-12 12:00:37,664 - INFO - Downloading PDF: https://www.technology1.com/__data/assets/pdf_file/0009/119484/20190521-TNE-H1-2019-ASX-Results-Release-Final.pdf
2026-02-12 12:00:40,117 - ERROR - https://www.technology1.com/__data/assets/pdf_file/0009/119484/20190521-TNE-H1-2019-ASX-Results-Release-Final.pdf: Download failed: 403 Client Error: Forbidden for url: https://www.technology1.com/__data/assets/pdf_file/0009/119484/20190521-TNE-H1-2019-ASX-Results-Release-Final.pdf
2026-02-12 12:00:40,118 - INFO - Downloading PDF: https://www.technology1.com/__data/assets/pdf_file/0008/119483/3.-TNE-H1-2019-Results-Presentation.pdf
2026-02-12 12:00:41,244 - ERROR - https://www.technology1.com/__data/assets/pdf_file/0008/119483/3.-TNE-H1-2019-Results-Presentation.pdf: Download failed: 403 Client Error: Forbidden for url: https://www.technology1.com/__data/assets/pdf_file/0008/119483/3.-TNE-H1-2019-Results-Presentation.pdf
2026-02-12 12:00:41,247 - INFO - Downloading PDF: https://www.technology1.com/__data/assets/pdf_file/0011/273926/FY24_AGM-MASTER-SLIDES-ASX.pdf
2026-02-12 12:00:42,367 - ERROR - https://www.technology1.com/__data/assets/pdf_file/0011/273926/FY24_AGM-MASTER-SLIDES-ASX.pdf: Download failed: 403 Client Error: Forbidden for url: https://www.technology1.com/__data/assets/pdf_file/0011/273926/FY24_AGM-MASTER-SLIDES-ASX.pdf
2026-02-12 12:00:42,367 - INFO - Downloading PDF: https://www.technology1.com/__data/assets/pdf_file/0003/119496/TechnologyOne-2017-Full-Year-Results-Presentation.pdf
2026-02-12 12:00:43,513 - ERROR - https://www.technology1.com/__data/assets/pdf_file/0003/119496/TechnologyOne-2017-Full-Year-Results-Presentation.pdf: Download failed: 403 Client Error: Forbidden for url: https://www.technology1.com/__data/assets/pdf_file/0003/119496/TechnologyOne-2017-Full-Year-Results-Presentation.pdf
2026-02-12 12:00:43,518 - INFO - Downloading PDF: https://www.technology1.com/__data/assets/pdf_file/0004/119488/2018-Half-Year-Presentation.pdf
2026-02-12 12:00:44,617 - ERROR - https://www.technology1.com/__data/assets/pdf_file/0004/119488/2018-Half-Year-Presentation.pdf: Download failed: 403 Client Error: Forbidden for url: https://www.technology1.com/__data/assets/pdf_file/0004/119488/2018-Half-Year-Presentation.pdf
2026-02-12 12:00:44,617 - INFO - Downloading PDF: https://www.technology1.com/__data/assets/pdf_file/0018/206244/TNE-Supplier-Code-of-Conduct-2025.pdf
2026-02-12 12:00:45,762 - ERROR - https://www.technology1.com/__data/assets/pdf_file/0018/206244/TNE-Supplier-Code-of-Conduct-2025.pdf: Download failed: 403 Client Error: Forbidden for url: https://www.technology1.com/__data/assets/pdf_file/0018/206244/TNE-Supplier-Code-of-Conduct-2025.pdf
2026-02-12 12:00:45,762 - INFO - Downloading PDF: https://www.technology1.com/__data/assets/pdf_file/0017/119501/Technology-One_2016_Full-Year-Results-Chairmans-Presentation.pdf
2026-02-12 12:00:46,782 - ERROR - https://www.technology1.com/__data/assets/pdf_file/0017/119501/Technology-One_2016_Full-Year-Results-Chairmans-Presentation.pdf: Download failed: 403 Client Error: Forbidden for url: https://www.technology1.com/__data/assets/pdf_file/0017/119501/Technology-One_2016_Full-Year-Results-Chairmans-Presentation.pdf
2026-02-12 12:00:46,782 - INFO - Downloading PDF: https://www.technology1.com/__data/assets/pdf_file/0008/295316/Full-Year-Results-Presentation-2025-TechnologyOne.pdf
2026-02-12 12:00:47,802 - ERROR - https://www.technology1.com/__data/assets/pdf_file/0008/295316/Full-Year-Results-Presentation-2025-TechnologyOne.pdf: Download failed: 403 Client Error: Forbidden for url: https://www.technology1.com/__data/assets/pdf_file/0008/295316/Full-Year-Results-Presentation-2025-TechnologyOne.pdf
2026-02-12 12:00:47,809 - INFO - Downloading PDF: https://www.technology1.com/__data/assets/pdf_file/0017/143216/TNE-Bribery-and-Corruption-Policy-2025-001.pdf
2026-02-12 12:00:48,823 - ERROR - https://www.technology1.com/__data/assets/pdf_file/0017/143216/TNE-Bribery-and-Corruption-Policy-2025-001.pdf: Download failed: 403 Client Error: Forbidden for url: https://www.technology1.com/__data/assets/pdf_file/0017/143216/TNE-Bribery-and-Corruption-Policy-2025-001.pdf
2026-02-12 12:00:48,823 - INFO - Downloading PDF: https://www.technology1.com/__data/assets/pdf_file/0004/119497/TechnologyOne_2017_Notice_Of_Meeting_Annual_General_Meeting.pdf
2026-02-12 12:00:49,862 - ERROR - https://www.technology1.com/__data/assets/pdf_file/0004/119497/TechnologyOne_2017_Notice_Of_Meeting_Annual_General_Meeting.pdf: Download failed: 403 Client Error: Forbidden for url: https://www.technology1.com/__data/assets/pdf_file/0004/119497/TechnologyOne_2017_Notice_Of_Meeting_Annual_General_Meeting.pdf
2026-02-12 12:00:49,862 - INFO - Downloading PDF: https://www.technology1.com/__data/assets/pdf_file/0007/136681/ISO27001.pdf
2026-02-12 12:00:50,983 - ERROR - https://www.technology1.com/__data/assets/pdf_file/0007/136681/ISO27001.pdf: Download failed: 403 Client Error: Forbidden for url: https://www.technology1.com/__data/assets/pdf_file/0007/136681/ISO27001.pdf
2026-02-12 12:00:50,983 - INFO - Downloading PDF: https://www.technology1.com/__data/assets/pdf_file/0005/193874/TechnologyOne-FY22-Half-Year-Results-Announcement.pdf
2026-02-12 12:00:52,003 - ERROR - https://www.technology1.com/__data/assets/pdf_file/0005/193874/TechnologyOne-FY22-Half-Year-Results-Announcement.pdf: Download failed: 403 Client Error: Forbidden for url: https://www.technology1.com/__data/assets/pdf_file/0005/193874/TechnologyOne-FY22-Half-Year-Results-Announcement.pdf
2026-02-12 12:00:52,003 - INFO - Downloading PDF: https://www.technology1.com/__data/assets/pdf_file/0019/130717/TNE-H1-FY20-Results-Presentation.pdf
2026-02-12 12:00:53,007 - ERROR - https://www.technology1.com/__data/assets/pdf_file/0019/130717/TNE-H1-FY20-Results-Presentation.pdf: Download failed: 403 Client Error: Forbidden for url: https://www.technology1.com/__data/assets/pdf_file/0019/130717/TNE-H1-FY20-Results-Presentation.pdf
2026-02-12 12:00:53,007 - INFO - Downloading PDF: https://www.technology1.com/__data/assets/pdf_file/0008/136682/ISO27018.pdf
2026-02-12 12:00:54,057 - ERROR - https://www.technology1.com/__data/assets/pdf_file/0008/136682/ISO27018.pdf: Download failed: 403 Client Error: Forbidden for url: https://www.technology1.com/__data/assets/pdf_file/0008/136682/ISO27018.pdf
2026-02-12 12:00:54,057 - INFO - Downloading PDF: https://www.technology1.com/__data/assets/pdf_file/0009/156591/Cyber-Essentials-Certificate-2025.pdf
2026-02-12 12:00:55,068 - ERROR - https://www.technology1.com/__data/assets/pdf_file/0009/156591/Cyber-Essentials-Certificate-2025.pdf: Download failed: 403 Client Error: Forbidden for url: https://www.technology1.com/__data/assets/pdf_file/0009/156591/Cyber-Essentials-Certificate-2025.pdf
2026-02-12 12:00:55,070 - INFO - Downloading PDF: https://www.technology1.com/__data/assets/pdf_file/0009/267822/FY24-ASX-Results-Release.pdf
2026-02-12 12:00:56,178 - ERROR - https://www.technology1.com/__data/assets/pdf_file/0009/267822/FY24-ASX-Results-Release.pdf: Download failed: 403 Client Error: Forbidden for url: https://www.technology1.com/__data/assets/pdf_file/0009/267822/FY24-ASX-Results-Release.pdf
2026-02-12 12:00:56,193 - INFO - Downloading PDF: https://www.technology1.com/__data/assets/pdf_file/0004/142294/Sustainability-Report-FY25.pdf
2026-02-12 12:00:57,172 - ERROR - https://www.technology1.com/__data/assets/pdf_file/0004/142294/Sustainability-Report-FY25.pdf: Download failed: 403 Client Error: Forbidden for url: https://www.technology1.com/__data/assets/pdf_file/0004/142294/Sustainability-Report-FY25.pdf
2026-02-12 12:00:57,172 - INFO - Downloading PDF: https://www.technology1.com/__data/assets/pdf_file/0016/117223/TNE-REM-Ctee-Charter-FY23.pdf
2026-02-12 12:00:58,642 - ERROR - https://www.technology1.com/__data/assets/pdf_file/0016/117223/TNE-REM-Ctee-Charter-FY23.pdf: Download failed: 403 Client Error: Forbidden for url: https://www.technology1.com/__data/assets/pdf_file/0016/117223/TNE-REM-Ctee-Charter-FY23.pdf
2026-02-12 12:00:58,642 - INFO - Downloading PDF: https://www.technology1.com/__data/assets/pdf_file/0004/119506/TechnologyOne-2015-Full-Year-Results-presentation.pdf
2026-02-12 12:01:00,170 - ERROR - https://www.technology1.com/__data/assets/pdf_file/0004/119506/TechnologyOne-2015-Full-Year-Results-presentation.pdf: Download failed: 403 Client Error: Forbidden for url: https://www.technology1.com/__data/assets/pdf_file/0004/119506/TechnologyOne-2015-Full-Year-Results-presentation.pdf
2026-02-12 12:01:00,170 - INFO - 
[Phase 3] Writing manifest...
2026-02-12 12:01:00,170 - INFO - Manifest written to: pdfs\manifest.json
2026-02-12 12:11:20,343 Crawling https://www.technology1.com/company/investors
2026-02-12 12:11:34,520 Crawling https://www.technology1.com/company/investors/corporate-governance
2026-02-12 12:11:38,757 Crawling https://www.technology1.com/company/investors/financial-calendar
2026-02-12 12:11:41,723 Crawling https://www.technology1.com/company/life-at-techone/graduates-and-interns
2026-02-12 12:11:46,216 Crawling https://www.technology1.com/saas-plus
2026-02-12 12:11:52,189 Crawling https://www.technology1.com/products/financials
2026-02-12 12:11:57,667 Crawling https://www.technology1.com/company/foundation
2026-02-12 12:12:13,676 Crawling https://www.technology1.com/products/corporate-performance-management
2026-02-12 12:12:22,478 Crawling https://www.technology1.com/industries/government/solution
2026-02-12 12:12:35,509 Crawling https://www.technology1.com/saas-plus/software-releases
2026-02-12 12:14:32,736 Crawling https://www.technology1.com/company/investors
2026-02-12 12:14:46,709 Crawling https://www.technology1.com/company/contact-us
2026-02-12 12:15:06,370 Crawling https://www.technology1.com/resources/filter
2026-02-12 12:15:09,459 Crawling https://www.technology1.com/saas-plus/software-releases
2026-02-12 12:15:28,939 Crawling https://www.technology1.com/industries/education/resources
2026-02-12 12:15:48,173 Crawling https://www.technology1.com/_media/rss-news
2026-02-12 12:15:51,761 Crawling https://www.technology1.com/terms-of-use
2026-02-12 12:15:55,811 Crawling https://www.technology1.com/industries/government/solution
2026-02-12 12:16:01,992 Crawling https://www.technology1.com/showcase
2026-02-12 12:16:13,135 Crawling https://www.technology1.com/industries/health-and-community-services/solution
2026-02-12 12:16:20,956 Crawling https://www.technology1.com/industries/local-government/book-a-demo
2026-02-12 12:16:25,513 Crawling https://www.technology1.com/industries/local-government/resources
2026-02-12 12:16:44,450 Crawling https://www.technology1.com/industries/government/book-a-demo
2026-02-12 12:16:50,449 Crawling https://www.technology1.com/products/spatial
2026-02-12 12:17:00,737 Crawling https://www.technology1.com/products/timetabling-and-scheduling
2026-02-12 12:17:04,524 Crawling https://www.technology1.com/industries/health-and-community-services
2026-02-12 12:17:09,321 Crawling https://www.technology1.com/products/dxp-local-government
2026-02-12 12:17:15,070 Crawling https://www.technology1.com/products/human-resources-and-payroll
2026-02-12 12:17:19,426 Crawling https://www.technology1.com/company/life-at-techone/join-the-team
2026-02-12 12:17:23,689 Crawling https://www.technology1.com/company/investors/board-of-directors
2026-02-12 12:17:26,921 Crawling https://www.technology1.com/industries/local-government
2026-02-12 12:17:31,663 Crawling https://www.technology1.com/company/about-us/values
2026-02-12 12:17:40,239 Crawling https://www.technology1.com/industries/financial-and-corporate/solution
2026-02-12 12:17:43,215 Crawling https://www.technology1.com/company/investors/annual-reports
2026-02-12 12:17:45,467 Crawling https://www.technology1.com/privacy-policy
2026-02-12 12:17:48,553 Crawling https://www.technology1.com/products/enterprise-content-management
2026-02-12 12:17:52,495 Crawling https://www.technology1.com/industries/education
2026-02-12 12:17:56,541 Crawling https://www.technology1.com/products/dxp-essentials
2026-02-12 12:18:00,847 Crawling https://www.technology1.com/products/dxp-student
2026-02-12 12:18:05,571 Crawling https://www.technology1.com/industries/asset-and-project-intensive/resources
2026-02-12 12:18:08,933 Crawling https://www.technology1.com/company/investors/financial-calendar
2026-02-12 12:18:12,042 Crawling https://www.technology1.com/products/supply-chain-management
2026-02-12 12:18:16,129 Crawling https://www.technology1.com/company/life-at-techone/life-at-technologyone
2026-02-12 12:18:20,918 Crawling https://www.technology1.com/products/enterprise-budgeting
2026-02-12 12:18:25,044 Crawling https://www.technology1.com/products/property-and-rating
2026-02-12 12:18:28,698 Crawling https://www.technology1.com/products/student-management
2026-02-12 12:18:33,489 Crawling https://www.technology1.com/resources/media-kit
2026-02-12 12:18:38,152 Crawling https://www.technology1.com/company/about-us/core-beliefs
2026-02-12 12:18:40,573 Crawling https://www.technology1.com/saas-plus
2026-02-12 12:18:44,043 Crawling https://www.technology1.com/company/life-at-techone/graduates-and-interns
2026-02-12 12:18:48,298 Crawling https://www.technology1.com/industries/asset-and-project-intensive/book-a-demo
2026-02-12 12:18:51,844 Crawling https://www.technology1.com/resources/articles
2026-02-12 12:18:56,530 Crawling https://www.technology1.com/company/investors/corporate-governance
2026-02-12 12:19:00,289 Crawling https://www.technology1.com/industries/government/resources
2026-02-12 12:19:04,719 Crawling https://www.technology1.com/industries/financial-and-corporate
2026-02-12 12:19:09,107 Crawling https://www.technology1.com/industries/health-and-community-services/book-a-demo
2026-02-12 12:19:12,421 Crawling https://www.technology1.com/products/corporate-performance-management
2026-02-12 12:19:16,035 Crawling https://www.technology1.com/products/enterprise-cash-receipting
2026-02-12 12:19:19,793 Crawling https://www.technology1.com/saas-plus/erp-in-30-days
2026-02-12 12:19:22,877 Crawling https://www.technology1.com/company/our-leaders
2026-02-12 12:19:36,268 Crawling https://www.technology1.com/resources/media-releases
2026-02-12 12:19:43,323 Crawling https://www.technology1.com/resources/case-studies
2026-02-12 12:19:49,833 Crawling https://www.technology1.com/saas-plus/our-solutions
2026-02-12 12:19:53,509 Crawling https://www.technology1.com/industries/education/solution
2026-02-12 12:19:58,508 Crawling https://www.technology1.com/products/business-analytics
2026-02-12 12:20:05,204 Crawling https://www.technology1.com/products/enterprise-asset-management
2026-02-12 12:20:10,912 Crawling https://www.technology1.com/products/financials
2026-02-12 12:20:14,894 Crawling https://www.technology1.com/company/about-us
2026-02-12 12:20:22,544 Crawling https://www.technology1.com/industries/government
2026-02-12 12:20:26,844 Crawling https://www.technology1.com/saas-plus/support-and-training
2026-02-12 12:20:36,969 Crawling https://www.technology1.com/industries/local-government/solution
2026-02-12 12:20:41,110 Crawling https://www.technology1.com/industries/education/book-a-demo
2026-02-12 12:20:45,366 Crawling https://www.technology1.com/saas-plus/security
2026-02-12 12:20:52,445 Crawling https://www.technology1.com/company/about-us/history
2026-02-12 12:20:56,527 Crawling https://www.technology1.com/industries/financial-and-corporate/book-a-demo
2026-02-12 12:21:01,583 Crawling https://www.technology1.com/products/performance-planning
2026-02-12 12:21:06,762 Crawling https://www.technology1.com/company/life-at-techone
2026-02-12 12:21:11,986 Crawling https://www.technology1.com/products/app-builder
2026-02-12 12:21:17,114 Crawling https://www.technology1.com/products/plus
2026-02-12 12:23:06,339 - INFO - ============================================================
2026-02-12 12:23:06,339 - INFO - Starting PDF Crawler
2026-02-12 12:23:06,339 - INFO - Start URL: https://www.technology1.com/company/investors
2026-02-12 12:23:06,339 - INFO - Max Depth: 2
2026-02-12 12:23:06,339 - INFO - Allowed Domains: www.technology1.com
2026-02-12 12:23:06,339 - INFO - Output Directory: pdfs
2026-02-12 12:23:06,339 - INFO - ============================================================
2026-02-12 12:23:06,339 - INFO - 
[Phase 1] Crawling pages...
2026-02-12 12:23:06,339 - INFO - Crawling (depth 0): https://www.technology1.com/company/investors
2026-02-12 12:23:14,030 - ERROR - Failed to crawl https://www.technology1.com/company/investors: 403 Client Error: Forbidden for url: https://www.technology1.com/company/investors
2026-02-12 12:23:14,030 - INFO - 
[Phase 2] Downloading 0 PDF(s)...
2026-02-12 12:23:14,030 - INFO - 
[Phase 3] Writing manifest...
2026-02-12 12:23:14,030 - INFO - Manifest written to: pdfs\manifest.json
2026-02-12 12:26:53,394 - INFO - ============================================================
2026-02-12 12:26:53,394 - INFO - Starting PDF Crawler (Selenium)
2026-02-12 12:26:53,394 - INFO - Start URL: https://www.technology1.com/company/investors
2026-02-12 12:26:53,394 - INFO - Max Depth: 3
2026-02-12 12:26:53,394 - INFO - Allowed Domains: www.technology1.com
2026-02-12 12:26:53,394 - INFO - Output Directory: pdfs
2026-02-12 12:26:53,394 - INFO - Headless Mode: False
2026-02-12 12:26:53,394 - INFO - ============================================================
2026-02-12 12:26:53,394 - INFO - Initializing browser...
2026-02-12 12:26:54,049 - INFO - 
[Phase 1] Crawling pages...
2026-02-12 12:26:54,055 - INFO - Crawling (depth 0): https://www.technology1.com/company/investors
2026-02-12 12:26:58,682 - INFO - Found 0 new PDF(s) on https://www.technology1.com/company/investors
2026-02-12 12:26:58,682 - INFO - Crawling (depth 1): https://www.technology1.com/industries/financial-and-corporate/resources
2026-02-12 12:27:02,213 - INFO - Found 0 new PDF(s) on https://www.technology1.com/industries/financial-and-corporate/resources
2026-02-12 12:27:02,214 - INFO - Crawling (depth 2): https://www.technology1.com/products/spatial
2026-02-12 12:27:05,800 - INFO - Found 0 new PDF(s) on https://www.technology1.com/products/spatial
2026-02-12 12:27:05,800 - INFO - Crawling (depth 3): https://www.technology1.com/products/spatial/resources
2026-02-12 12:27:10,265 - INFO - Found 0 new PDF(s) on https://www.technology1.com/products/spatial/resources
2026-02-12 12:27:10,265 - INFO - Crawling (depth 3): https://www.technology1.com/resources/media-releases
2026-02-12 12:27:13,736 - INFO - Found 0 new PDF(s) on https://www.technology1.com/resources/media-releases
2026-02-12 12:27:13,737 - INFO - Crawling (depth 3): https://www.technology1.com/company/life-at-techone/graduates-and-interns
2026-02-12 12:27:16,516 - INFO - Found 1 new PDF(s) on https://www.technology1.com/company/life-at-techone/graduates-and-interns
2026-02-12 12:27:16,517 - INFO - Crawling (depth 3): https://www.technology1.com/saas-plus
2026-02-12 12:27:19,854 - INFO - Found 0 new PDF(s) on https://www.technology1.com/saas-plus
2026-02-12 12:27:19,854 - INFO - Crawling (depth 3): https://www.technology1.com/terms-of-use
2026-02-12 12:27:22,648 - INFO - Found 0 new PDF(s) on https://www.technology1.com/terms-of-use
2026-02-12 12:27:22,648 - INFO - Crawling (depth 3): https://www.technology1.com/products/student-management
2026-02-12 12:27:25,963 - INFO - Found 0 new PDF(s) on https://www.technology1.com/products/student-management
2026-02-12 12:27:25,963 - INFO - Crawling (depth 3): https://www.technology1.com/company/investors/annual-reports
2026-02-12 12:27:28,841 - INFO - Found 74 new PDF(s) on https://www.technology1.com/company/investors/annual-reports
2026-02-12 12:27:28,841 - INFO - Crawling (depth 3): https://www.technology1.com/products/spatial/book-a-demo
2026-02-12 12:27:34,912 - INFO - Found 0 new PDF(s) on https://www.technology1.com/products/spatial/book-a-demo
2026-02-12 12:27:34,912 - INFO - Crawling (depth 3): https://www.technology1.com/products/supply-chain-management
2026-02-12 12:27:38,380 - INFO - Found 0 new PDF(s) on https://www.technology1.com/products/supply-chain-management
2026-02-12 12:27:38,380 - INFO - Crawling (depth 3): https://www.technology1.com/company/investors/financial-calendar
2026-02-12 12:27:41,701 - INFO - Found 0 new PDF(s) on https://www.technology1.com/company/investors/financial-calendar
2026-02-12 12:27:41,701 - INFO - Crawling (depth 3): https://www.technology1.com/products/dxp-essentials
2026-02-12 12:27:45,112 - INFO - Found 0 new PDF(s) on https://www.technology1.com/products/dxp-essentials
2026-02-12 12:27:45,113 - INFO - Crawling (depth 3): https://www.technology1.com/saas-plus/our-solutions
2026-02-12 12:27:50,793 - INFO - Found 0 new PDF(s) on https://www.technology1.com/saas-plus/our-solutions
2026-02-12 12:27:50,793 - INFO - Crawling (depth 3): https://www.technology1.com/saas-plus/software-releases
2026-02-12 12:27:54,162 - INFO - Found 0 new PDF(s) on https://www.technology1.com/saas-plus/software-releases
2026-02-12 12:27:54,162 - INFO - Crawling (depth 3): https://www.technology1.com/industries/financial-and-corporate/solution
2026-02-12 12:27:57,860 - INFO - Found 0 new PDF(s) on https://www.technology1.com/industries/financial-and-corporate/solution
2026-02-12 12:27:57,861 - INFO - Crawling (depth 3): https://www.technology1.com/industries/government/resources
2026-02-12 12:28:07,395 - INFO - Found 0 new PDF(s) on https://www.technology1.com/industries/government/resources
2026-02-12 12:28:07,395 - INFO - Crawling (depth 3): https://www.technology1.com/industries/financial-and-corporate
2026-02-12 12:28:14,047 - INFO - Found 0 new PDF(s) on https://www.technology1.com/industries/financial-and-corporate
2026-02-12 12:28:14,047 - INFO - Crawling (depth 3): https://www.technology1.com/industries/health-and-community-services/resources
2026-02-12 12:28:18,224 - INFO - Found 0 new PDF(s) on https://www.technology1.com/industries/health-and-community-services/resources
2026-02-12 12:28:18,224 - INFO - Crawling (depth 3): https://www.technology1.com/industries/health-and-community-services
2026-02-12 12:28:22,657 - INFO - Found 0 new PDF(s) on https://www.technology1.com/industries/health-and-community-services
2026-02-12 12:28:22,657 - INFO - Crawling (depth 3): https://www.technology1.com/industries/education/book-a-demo
2026-02-12 12:28:26,074 - INFO - Found 0 new PDF(s) on https://www.technology1.com/industries/education/book-a-demo
2026-02-12 12:28:26,074 - INFO - Crawling (depth 3): https://www.technology1.com/industries/asset-and-project-intensive
2026-02-12 12:28:29,838 - INFO - Found 0 new PDF(s) on https://www.technology1.com/industries/asset-and-project-intensive
2026-02-12 12:28:29,838 - INFO - Crawling (depth 3): https://www.technology1.com/company/about-us/history
2026-02-12 12:28:33,152 - INFO - Found 0 new PDF(s) on https://www.technology1.com/company/about-us/history
2026-02-12 12:28:33,152 - INFO - Crawling (depth 3): https://www.technology1.com/company/investors/corporate-governance
2026-02-12 12:28:36,459 - INFO - Found 19 new PDF(s) on https://www.technology1.com/company/investors/corporate-governance
2026-02-12 12:28:36,459 - INFO - Crawling (depth 3): https://www.technology1.com/industries/local-government/book-a-demo
2026-02-12 12:28:41,007 - INFO - Found 0 new PDF(s) on https://www.technology1.com/industries/local-government/book-a-demo
2026-02-12 12:28:41,007 - INFO - Crawling (depth 3): https://www.technology1.com/products/enterprise-asset-management
2026-02-12 12:28:45,429 - INFO - Found 0 new PDF(s) on https://www.technology1.com/products/enterprise-asset-management
2026-02-12 12:28:45,429 - INFO - Crawling (depth 3): https://www.technology1.com/company/about-us
2026-02-12 12:28:48,643 - INFO - Found 0 new PDF(s) on https://www.technology1.com/company/about-us
2026-02-12 12:28:48,643 - INFO - Crawling (depth 3): https://www.technology1.com/resources/case-studies
2026-02-12 12:28:52,223 - INFO - Found 0 new PDF(s) on https://www.technology1.com/resources/case-studies
2026-02-12 12:28:52,223 - INFO - Crawling (depth 3): https://www.technology1.com/resources/media-kit
2026-02-12 12:28:56,411 - INFO - Found 0 new PDF(s) on https://www.technology1.com/resources/media-kit
2026-02-12 12:28:56,411 - INFO - Crawling (depth 3): https://www.technology1.com/industries/asset-and-project-intensive/solution
2026-02-12 12:29:01,341 - INFO - Found 0 new PDF(s) on https://www.technology1.com/industries/asset-and-project-intensive/solution
2026-02-12 12:29:01,341 - INFO - Crawling (depth 3): https://www.technology1.com/resources/articles
2026-02-12 12:29:05,793 - INFO - Found 0 new PDF(s) on https://www.technology1.com/resources/articles
2026-02-12 12:29:05,793 - INFO - Crawling (depth 3): https://www.technology1.com/industries/government/solution
2026-02-12 12:29:08,645 - INFO - Found 0 new PDF(s) on https://www.technology1.com/industries/government/solution
2026-02-12 12:29:08,645 - INFO - Crawling (depth 3): https://www.technology1.com/showcase
2026-02-12 12:29:12,244 - INFO - Found 0 new PDF(s) on https://www.technology1.com/showcase
2026-02-12 12:29:12,244 - INFO - Crawling (depth 3): https://www.technology1.com/industries/government
2026-02-12 12:29:19,148 - INFO - Found 0 new PDF(s) on https://www.technology1.com/industries/government
2026-02-12 12:29:19,148 - INFO - Crawling (depth 3): https://www.technology1.com/company/life-at-techone/life-at-technologyone
2026-02-12 12:29:22,050 - INFO - Found 0 new PDF(s) on https://www.technology1.com/company/life-at-techone/life-at-technologyone
2026-02-12 12:29:22,050 - INFO - Crawling (depth 3): https://www.technology1.com/saas-plus/support-and-training
2026-02-12 12:29:25,460 - INFO - Found 0 new PDF(s) on https://www.technology1.com/saas-plus/support-and-training
2026-02-12 12:29:25,460 - INFO - Crawling (depth 3): https://www.technology1.com/products/enterprise-content-management
2026-02-12 12:29:28,501 - INFO - Found 0 new PDF(s) on https://www.technology1.com/products/enterprise-content-management
2026-02-12 12:29:28,501 - INFO - Crawling (depth 3): https://www.technology1.com/privacy-policy
2026-02-12 12:29:31,949 - INFO - Found 2 new PDF(s) on https://www.technology1.com/privacy-policy
2026-02-12 12:29:31,949 - INFO - Crawling (depth 3): https://www.technology1.com/products/enterprise-cash-receipting
2026-02-12 12:29:36,038 - INFO - Found 0 new PDF(s) on https://www.technology1.com/products/enterprise-cash-receipting
2026-02-12 12:29:36,038 - INFO - Crawling (depth 3): https://www.technology1.com/products/financials
2026-02-12 12:29:38,870 - INFO - Found 0 new PDF(s) on https://www.technology1.com/products/financials
2026-02-12 12:29:38,870 - INFO - Crawling (depth 3): https://www.technology1.com/company/contact-us
2026-02-12 12:29:42,103 - INFO - Found 0 new PDF(s) on https://www.technology1.com/company/contact-us
2026-02-12 12:29:42,104 - INFO - Crawling (depth 3): https://www.technology1.com/company/life-at-techone
2026-02-12 12:29:44,985 - INFO - Found 0 new PDF(s) on https://www.technology1.com/company/life-at-techone
2026-02-12 12:29:44,985 - INFO - Crawling (depth 3): https://www.technology1.com/industries/local-government/solution
2026-02-12 12:29:48,525 - INFO - Found 0 new PDF(s) on https://www.technology1.com/industries/local-government/solution
2026-02-12 12:29:48,525 - INFO - Crawling (depth 3): https://www.technology1.com/products/enterprise-budgeting
2026-02-12 12:29:51,344 - INFO - Found 0 new PDF(s) on https://www.technology1.com/products/enterprise-budgeting
2026-02-12 12:29:51,345 - INFO - Crawling (depth 3): https://www.technology1.com/company/about-us/values
2026-02-12 12:29:54,127 - INFO - Found 0 new PDF(s) on https://www.technology1.com/company/about-us/values
2026-02-12 12:29:54,127 - INFO - Crawling (depth 3): https://www.technology1.com/industries/financial-and-corporate/book-a-demo
2026-02-12 12:29:57,251 - INFO - Found 0 new PDF(s) on https://www.technology1.com/industries/financial-and-corporate/book-a-demo
2026-02-12 12:29:57,251 - INFO - Crawling (depth 3): https://www.technology1.com/company/life-at-techone/join-the-team
2026-02-12 12:30:00,858 - INFO - Found 0 new PDF(s) on https://www.technology1.com/company/life-at-techone/join-the-team
2026-02-12 12:30:00,858 - INFO - Crawling (depth 3): https://www.technology1.com
2026-02-12 12:30:03,651 - INFO - Found 0 new PDF(s) on https://www.technology1.com
2026-02-12 12:30:03,651 - INFO - Crawling (depth 3): https://www.technology1.com/products/spatial/features
2026-02-12 12:30:07,748 - INFO - Found 0 new PDF(s) on https://www.technology1.com/products/spatial/features
2026-02-12 12:30:07,749 - INFO - Crawling (depth 3): https://www.technology1.com/products/performance-planning
2026-02-12 12:30:10,524 - INFO - Found 0 new PDF(s) on https://www.technology1.com/products/performance-planning
2026-02-12 12:30:10,525 - INFO - Crawling (depth 3): https://www.technology1.com/industries/health-and-community-services/book-a-demo
2026-02-12 12:30:13,537 - INFO - Found 0 new PDF(s) on https://www.technology1.com/industries/health-and-community-services/book-a-demo
2026-02-12 12:30:13,537 - INFO - Crawling (depth 3): https://www.technology1.com/products/app-builder
2026-02-12 12:30:16,942 - INFO - Found 0 new PDF(s) on https://www.technology1.com/products/app-builder
2026-02-12 12:30:16,942 - INFO - Crawling (depth 3): https://www.technology1.com/company/about-us/core-beliefs
2026-02-12 12:30:19,711 - INFO - Found 0 new PDF(s) on https://www.technology1.com/company/about-us/core-beliefs
2026-02-12 12:30:19,712 - INFO - Crawling (depth 3): https://www.technology1.com/resources/filter
2026-02-12 12:30:22,517 - INFO - Found 0 new PDF(s) on https://www.technology1.com/resources/filter
2026-02-12 12:30:22,517 - INFO - Crawling (depth 3): https://www.technology1.com/products/business-analytics
2026-02-12 12:30:25,927 - INFO - Found 0 new PDF(s) on https://www.technology1.com/products/business-analytics
2026-02-12 12:30:25,927 - INFO - Crawling (depth 3): https://www.technology1.com/products/dxp-local-government
2026-02-12 12:30:28,705 - INFO - Found 0 new PDF(s) on https://www.technology1.com/products/dxp-local-government
2026-02-12 12:30:28,705 - INFO - Crawling (depth 3): https://www.technology1.com/company/life-at-techone/technologyone-at-work
2026-02-12 12:30:31,540 - INFO - Found 0 new PDF(s) on https://www.technology1.com/company/life-at-techone/technologyone-at-work
2026-02-12 12:30:31,540 - INFO - Crawling (depth 3): https://www.technology1.com/products/dxp-student
2026-02-12 12:30:34,384 - INFO - Found 0 new PDF(s) on https://www.technology1.com/products/dxp-student
2026-02-12 12:30:34,384 - INFO - Crawling (depth 3): https://www.technology1.com/saas-plus/security
2026-02-12 12:30:37,993 - INFO - Found 7 new PDF(s) on https://www.technology1.com/saas-plus/security
2026-02-12 12:30:37,994 - INFO - Crawling (depth 3): https://www.technology1.com/company/investors/board-of-directors
2026-02-12 12:30:41,220 - INFO - Found 0 new PDF(s) on https://www.technology1.com/company/investors/board-of-directors
2026-02-12 12:30:41,220 - INFO - Crawling (depth 3): https://www.technology1.com/products/timetabling-and-scheduling
2026-02-12 12:30:44,049 - INFO - Found 0 new PDF(s) on https://www.technology1.com/products/timetabling-and-scheduling
2026-02-12 12:30:44,049 - INFO - Crawling (depth 3): https://www.technology1.com/industries/asset-and-project-intensive/book-a-demo
2026-02-12 12:30:47,123 - INFO - Found 0 new PDF(s) on https://www.technology1.com/industries/asset-and-project-intensive/book-a-demo
2026-02-12 12:30:47,123 - INFO - Crawling (depth 3): https://www.technology1.com/industries/government/book-a-demo
2026-02-12 12:30:50,382 - INFO - Found 0 new PDF(s) on https://www.technology1.com/industries/government/book-a-demo
2026-02-12 12:30:50,382 - INFO - Crawling (depth 3): https://www.technology1.com/products/human-resources-and-payroll
2026-02-12 12:30:54,281 - INFO - Found 0 new PDF(s) on https://www.technology1.com/products/human-resources-and-payroll
2026-02-12 12:30:54,281 - INFO - Crawling (depth 3): https://www.technology1.com/industries/health-and-community-services/solution
2026-02-12 12:30:57,145 - INFO - Found 0 new PDF(s) on https://www.technology1.com/industries/health-and-community-services/solution
2026-02-12 12:30:57,145 - INFO - Crawling (depth 3): https://www.technology1.com/industries/asset-and-project-intensive/resources
2026-02-12 12:31:00,326 - INFO - Found 0 new PDF(s) on https://www.technology1.com/industries/asset-and-project-intensive/resources
2026-02-12 12:31:00,327 - INFO - Crawling (depth 3): https://www.technology1.com/saas-plus/erp-in-30-days
2026-02-12 12:31:03,334 - INFO - Found 0 new PDF(s) on https://www.technology1.com/saas-plus/erp-in-30-days
2026-02-12 12:31:03,334 - INFO - Crawling (depth 3): https://www.technology1.com/company/our-leaders
2026-02-12 12:31:06,144 - INFO - Found 0 new PDF(s) on https://www.technology1.com/company/our-leaders
2026-02-12 12:31:06,145 - INFO - Crawling (depth 3): https://www.technology1.com/industries/education/resources
2026-02-12 12:31:10,235 - INFO - Found 0 new PDF(s) on https://www.technology1.com/industries/education/resources
2026-02-12 12:31:10,235 - INFO - Crawling (depth 3): https://www.technology1.com/industries/local-government/resources
2026-02-12 12:31:14,304 - INFO - Found 0 new PDF(s) on https://www.technology1.com/industries/local-government/resources
2026-02-12 12:31:14,304 - INFO - Crawling (depth 3): https://www.technology1.com/industries/education/solution
2026-02-12 12:31:19,634 - INFO - Found 0 new PDF(s) on https://www.technology1.com/industries/education/solution
2026-02-12 12:31:19,635 - INFO - Crawling (depth 3): https://www.technology1.com/industries/education
2026-02-12 12:31:22,774 - INFO - Found 0 new PDF(s) on https://www.technology1.com/industries/education
2026-02-12 12:31:22,774 - INFO - Crawling (depth 3): https://www.technology1.com/products/property-and-rating
2026-02-12 12:31:25,697 - INFO - Found 0 new PDF(s) on https://www.technology1.com/products/property-and-rating
2026-02-12 12:31:25,697 - INFO - Crawling (depth 3): https://www.technology1.com/products/plus
2026-02-12 12:31:28,748 - INFO - Found 0 new PDF(s) on https://www.technology1.com/products/plus
2026-02-12 12:31:28,748 - INFO - Crawling (depth 3): https://www.technology1.com/products/corporate-performance-management
2026-02-12 12:31:32,094 - INFO - Found 0 new PDF(s) on https://www.technology1.com/products/corporate-performance-management
2026-02-12 12:31:32,095 - INFO - Crawling (depth 3): https://www.technology1.com/industries/local-government
2026-02-12 12:31:35,937 - INFO - Found 0 new PDF(s) on https://www.technology1.com/industries/local-government
2026-02-12 12:31:35,937 - INFO - Crawling (depth 3): https://www.technology1.com/company/foundation
2026-02-12 12:31:38,759 - INFO - Found 0 new PDF(s) on https://www.technology1.com/company/foundation
2026-02-12 12:31:38,760 - INFO - Crawling (depth 2): https://www.technology1.com/forms/gated-only-modal-sf
2026-02-12 12:31:42,153 - INFO - Found 0 new PDF(s) on https://www.technology1.com/forms/gated-only-modal-sf
2026-02-12 12:31:42,153 - INFO - Crawling (depth 1): https://www.technology1.com/company/events/showcase
2026-02-12 12:31:44,985 - INFO - Found 0 new PDF(s) on https://www.technology1.com/company/events/showcase
2026-02-12 12:31:44,985 - INFO - Crawling (depth 2): https://www.technology1.com/company/events/webinars/learn-more?utm_campaign=parent_fy26_showcase&utm_medium=webinar&utm_source=on24&utm_content=ondemand
2026-02-12 12:31:48,689 - INFO - Found 0 new PDF(s) on https://www.technology1.com/company/events/webinars/learn-more?utm_campaign=parent_fy26_showcase&utm_medium=webinar&utm_source=on24&utm_content=ondemand
2026-02-12 12:31:48,689 - INFO - Crawling (depth 3): https://www.technology1.com/company/events/webinars/learn-more
2026-02-12 12:31:51,944 - INFO - Found 0 new PDF(s) on https://www.technology1.com/company/events/webinars/learn-more
2026-02-12 12:31:51,944 - INFO - Crawling (depth 3): https://www.technology1.com/company/events/webinars
2026-02-12 12:31:55,441 - INFO - Found 0 new PDF(s) on https://www.technology1.com/company/events/webinars
2026-02-12 12:31:55,441 - INFO - 
[Phase 2] Downloading 103 PDF(s)...
2026-02-12 12:31:55,441 - INFO - Downloading PDF: https://www.technology1.com/__data/assets/pdf_file/0006/281985/CourseLoop-Cyber-Essentials-Certificate-2025.pdf
2026-02-12 12:31:56,475 - ERROR - https://www.technology1.com/__data/assets/pdf_file/0006/281985/CourseLoop-Cyber-Essentials-Certificate-2025.pdf: Download failed: 403 Client Error: Forbidden for url: https://www.technology1.com/__data/assets/pdf_file/0006/281985/CourseLoop-Cyber-Essentials-Certificate-2025.pdf
2026-02-12 12:31:56,475 - INFO - Downloading PDF: https://www.technology1.com/__data/assets/pdf_file/0018/119502/2016-Half-Year-Report.pdf
2026-02-12 12:31:57,451 - ERROR - https://www.technology1.com/__data/assets/pdf_file/0018/119502/2016-Half-Year-Report.pdf: Download failed: 403 Client Error: Forbidden for url: https://www.technology1.com/__data/assets/pdf_file/0018/119502/2016-Half-Year-Report.pdf
2026-02-12 12:31:57,453 - INFO - Downloading PDF: https://www.technology1.com/__data/assets/pdf_file/0019/130708/TNE-H1-FY20-Half-Year-Results-Release.pdf
2026-02-12 12:31:58,433 - ERROR - https://www.technology1.com/__data/assets/pdf_file/0019/130708/TNE-H1-FY20-Half-Year-Results-Release.pdf: Download failed: 403 Client Error: Forbidden for url: https://www.technology1.com/__data/assets/pdf_file/0019/130708/TNE-H1-FY20-Half-Year-Results-Release.pdf
2026-02-12 12:31:58,433 - INFO - Downloading PDF: https://www.technology1.com/__data/assets/pdf_file/0007/119509/TechnologyOne-2015-Notice-of-Meeting.pdf
2026-02-12 12:31:59,392 - ERROR - https://www.technology1.com/__data/assets/pdf_file/0007/119509/TechnologyOne-2015-Notice-of-Meeting.pdf: Download failed: 403 Client Error: Forbidden for url: https://www.technology1.com/__data/assets/pdf_file/0007/119509/TechnologyOne-2015-Notice-of-Meeting.pdf
2026-02-12 12:31:59,397 - INFO - Downloading PDF: https://www.technology1.com/__data/assets/pdf_file/0006/301200/2025-AGM-Notice-of-Meeting-with-Proxy-Form.pdf
2026-02-12 12:32:00,375 - ERROR - https://www.technology1.com/__data/assets/pdf_file/0006/301200/2025-AGM-Notice-of-Meeting-with-Proxy-Form.pdf: Download failed: 403 Client Error: Forbidden for url: https://www.technology1.com/__data/assets/pdf_file/0006/301200/2025-AGM-Notice-of-Meeting-with-Proxy-Form.pdf
2026-02-12 12:32:00,375 - INFO - Downloading PDF: https://www.technology1.com/__data/assets/pdf_file/0019/240355/2023-Annual-Report.pdf
2026-02-12 12:32:01,387 - ERROR - https://www.technology1.com/__data/assets/pdf_file/0019/240355/2023-Annual-Report.pdf: Download failed: 403 Client Error: Forbidden for url: https://www.technology1.com/__data/assets/pdf_file/0019/240355/2023-Annual-Report.pdf
2026-02-12 12:32:01,387 - INFO - Downloading PDF: https://www.technology1.com/__data/assets/pdf_file/0005/215456/230222-TNE-Omnibus-Incentive-Plan-v05-FINAL-Cln.pdf
2026-02-12 12:32:02,422 - ERROR - https://www.technology1.com/__data/assets/pdf_file/0005/215456/230222-TNE-Omnibus-Incentive-Plan-v05-FINAL-Cln.pdf: Download failed: 403 Client Error: Forbidden for url: https://www.technology1.com/__data/assets/pdf_file/0005/215456/230222-TNE-Omnibus-Incentive-Plan-v05-FINAL-Cln.pdf
2026-02-12 12:32:02,422 - INFO - Downloading PDF: https://www.technology1.com/__data/assets/pdf_file/0006/119499/TechnologyOne_2017_AnnualReport.pdf
2026-02-12 12:32:03,454 - ERROR - https://www.technology1.com/__data/assets/pdf_file/0006/119499/TechnologyOne_2017_AnnualReport.pdf: Download failed: 403 Client Error: Forbidden for url: https://www.technology1.com/__data/assets/pdf_file/0006/119499/TechnologyOne_2017_AnnualReport.pdf
2026-02-12 12:32:03,454 - INFO - Downloading PDF: https://www.technology1.com/__data/assets/pdf_file/0016/143224/FY20-Annual-Report.pdf
2026-02-12 12:32:04,531 - ERROR - https://www.technology1.com/__data/assets/pdf_file/0016/143224/FY20-Annual-Report.pdf: Download failed: 403 Client Error: Forbidden for url: https://www.technology1.com/__data/assets/pdf_file/0016/143224/FY20-Annual-Report.pdf
2026-02-12 12:32:04,531 - INFO - Downloading PDF: https://www.technology1.com/__data/assets/pdf_file/0007/301201/TNE-2025-AGM-Virtual-Meeting-Guide.pdf
2026-02-12 12:32:05,601 - ERROR - https://www.technology1.com/__data/assets/pdf_file/0007/301201/TNE-2025-AGM-Virtual-Meeting-Guide.pdf: Download failed: 403 Client Error: Forbidden for url: https://www.technology1.com/__data/assets/pdf_file/0007/301201/TNE-2025-AGM-Virtual-Meeting-Guide.pdf
2026-02-12 12:32:05,601 - INFO - Downloading PDF: https://www.technology1.com/__data/assets/pdf_file/0019/251128/2024-Half-Year-Results-TechnologyOne.pdf
2026-02-12 12:32:06,635 - ERROR - https://www.technology1.com/__data/assets/pdf_file/0019/251128/2024-Half-Year-Results-TechnologyOne.pdf: Download failed: 403 Client Error: Forbidden for url: https://www.technology1.com/__data/assets/pdf_file/0019/251128/2024-Half-Year-Results-TechnologyOne.pdf
2026-02-12 12:32:06,635 - INFO - Downloading PDF: https://www.technology1.com/__data/assets/pdf_file/0016/119500/2016-Roadshow-Half-Year-Presentation_FINAL.pdf
2026-02-12 12:32:07,774 - ERROR - https://www.technology1.com/__data/assets/pdf_file/0016/119500/2016-Roadshow-Half-Year-Presentation_FINAL.pdf: Download failed: 403 Client Error: Forbidden for url: https://www.technology1.com/__data/assets/pdf_file/0016/119500/2016-Roadshow-Half-Year-Presentation_FINAL.pdf
2026-02-12 12:32:07,774 - INFO - Downloading PDF: https://www.technology1.com/__data/assets/pdf_file/0011/116588/TechnologyOne-Privacy-Policy.pdf
2026-02-12 12:32:08,766 - ERROR - https://www.technology1.com/__data/assets/pdf_file/0011/116588/TechnologyOne-Privacy-Policy.pdf: Download failed: 403 Client Error: Forbidden for url: https://www.technology1.com/__data/assets/pdf_file/0011/116588/TechnologyOne-Privacy-Policy.pdf
2026-02-12 12:32:08,766 - INFO - Downloading PDF: https://www.technology1.com/__data/assets/pdf_file/0005/119489/2018-Half-Year-Report.pdf
2026-02-12 12:32:09,860 - ERROR - https://www.technology1.com/__data/assets/pdf_file/0005/119489/2018-Half-Year-Report.pdf: Download failed: 403 Client Error: Forbidden for url: https://www.technology1.com/__data/assets/pdf_file/0005/119489/2018-Half-Year-Report.pdf
2026-02-12 12:32:09,860 - INFO - Downloading PDF: https://www.technology1.com/__data/assets/pdf_file/0017/119510/TechnologyOne-AGM-Presentation.pdf
2026-02-12 12:32:11,012 - ERROR - https://www.technology1.com/__data/assets/pdf_file/0017/119510/TechnologyOne-AGM-Presentation.pdf: Download failed: 403 Client Error: Forbidden for url: https://www.technology1.com/__data/assets/pdf_file/0017/119510/TechnologyOne-AGM-Presentation.pdf
2026-02-12 12:32:11,027 - INFO - Downloading PDF: https://www.technology1.com/__data/assets/pdf_file/0016/130705/TNE-FY20-Results-Presentation.pdf
2026-02-12 12:32:11,991 - ERROR - https://www.technology1.com/__data/assets/pdf_file/0016/130705/TNE-FY20-Results-Presentation.pdf: Download failed: 403 Client Error: Forbidden for url: https://www.technology1.com/__data/assets/pdf_file/0016/130705/TNE-FY20-Results-Presentation.pdf
2026-02-12 12:32:11,991 - INFO - Downloading PDF: https://www.technology1.com/__data/assets/pdf_file/0018/206244/TNE-Supplier-Code-of-Conduct-2025.pdf
2026-02-12 12:32:13,908 - ERROR - https://www.technology1.com/__data/assets/pdf_file/0018/206244/TNE-Supplier-Code-of-Conduct-2025.pdf: Download failed: 403 Client Error: Forbidden for url: https://www.technology1.com/__data/assets/pdf_file/0018/206244/TNE-Supplier-Code-of-Conduct-2025.pdf
2026-02-12 12:32:13,909 - INFO - Downloading PDF: https://www.technology1.com/__data/assets/pdf_file/0012/212520/TechnologyOne-2022-Full-Year-Results-Announcement.pdf
2026-02-12 12:32:14,869 - ERROR - https://www.technology1.com/__data/assets/pdf_file/0012/212520/TechnologyOne-2022-Full-Year-Results-Announcement.pdf: Download failed: 403 Client Error: Forbidden for url: https://www.technology1.com/__data/assets/pdf_file/0012/212520/TechnologyOne-2022-Full-Year-Results-Announcement.pdf
2026-02-12 12:32:14,885 - INFO - Downloading PDF: https://www.technology1.com/__data/assets/pdf_file/0020/142292/Corporate-Governance-Statement.pdf
2026-02-12 12:32:16,049 - ERROR - https://www.technology1.com/__data/assets/pdf_file/0020/142292/Corporate-Governance-Statement.pdf: Download failed: 403 Client Error: Forbidden for url: https://www.technology1.com/__data/assets/pdf_file/0020/142292/Corporate-Governance-Statement.pdf
2026-02-12 12:32:16,049 - INFO - Downloading PDF: https://www.technology1.com/__data/assets/pdf_file/0019/117235/TNE-Code-of-Business-Conduct.pdf
2026-02-12 12:32:17,094 - ERROR - https://www.technology1.com/__data/assets/pdf_file/0019/117235/TNE-Code-of-Business-Conduct.pdf: Download failed: 403 Client Error: Forbidden for url: https://www.technology1.com/__data/assets/pdf_file/0019/117235/TNE-Code-of-Business-Conduct.pdf
2026-02-12 12:32:17,100 - INFO - Downloading PDF: https://www.technology1.com/__data/assets/pdf_file/0011/119495/TechnologyOne_2017_Half_year_report.pdf
2026-02-12 12:32:18,068 - ERROR - https://www.technology1.com/__data/assets/pdf_file/0011/119495/TechnologyOne_2017_Half_year_report.pdf: Download failed: 403 Client Error: Forbidden for url: https://www.technology1.com/__data/assets/pdf_file/0011/119495/TechnologyOne_2017_Half_year_report.pdf
2026-02-12 12:32:18,068 - INFO - Downloading PDF: https://www.technology1.com/__data/assets/pdf_file/0018/117225/TNE-Board-Charter-FY23.pdf
2026-02-12 12:32:19,112 - ERROR - https://www.technology1.com/__data/assets/pdf_file/0018/117225/TNE-Board-Charter-FY23.pdf: Download failed: 403 Client Error: Forbidden for url: https://www.technology1.com/__data/assets/pdf_file/0018/117225/TNE-Board-Charter-FY23.pdf
2026-02-12 12:32:19,112 - INFO - Downloading PDF: https://www.technology1.com/__data/assets/pdf_file/0016/117232/TNE-Continuous-Disclosure-Policy-2025.pdf
2026-02-12 12:32:20,094 - ERROR - https://www.technology1.com/__data/assets/pdf_file/0016/117232/TNE-Continuous-Disclosure-Policy-2025.pdf: Download failed: 403 Client Error: Forbidden for url: https://www.technology1.com/__data/assets/pdf_file/0016/117232/TNE-Continuous-Disclosure-Policy-2025.pdf
2026-02-12 12:32:20,094 - INFO - Downloading PDF: https://www.technology1.com/__data/assets/pdf_file/0007/164293/FY21-Full-Year-Results-announcement.pdf
2026-02-12 12:32:21,293 - ERROR - https://www.technology1.com/__data/assets/pdf_file/0007/164293/FY21-Full-Year-Results-announcement.pdf: Download failed: 403 Client Error: Forbidden for url: https://www.technology1.com/__data/assets/pdf_file/0007/164293/FY21-Full-Year-Results-announcement.pdf
2026-02-12 12:32:21,300 - INFO - Downloading PDF: https://www.technology1.com/__data/assets/pdf_file/0010/156592/Cyber-Essentials-Plus-Certificate-2025.pdf
2026-02-12 12:32:22,347 - ERROR - https://www.technology1.com/__data/assets/pdf_file/0010/156592/Cyber-Essentials-Plus-Certificate-2025.pdf: Download failed: 403 Client Error: Forbidden for url: https://www.technology1.com/__data/assets/pdf_file/0010/156592/Cyber-Essentials-Plus-Certificate-2025.pdf
2026-02-12 12:32:22,347 - INFO - Downloading PDF: https://www.technology1.com/__data/assets/pdf_file/0003/119496/TechnologyOne-2017-Full-Year-Results-Presentation.pdf
2026-02-12 12:32:23,325 - ERROR - https://www.technology1.com/__data/assets/pdf_file/0003/119496/TechnologyOne-2017-Full-Year-Results-Presentation.pdf: Download failed: 403 Client Error: Forbidden for url: https://www.technology1.com/__data/assets/pdf_file/0003/119496/TechnologyOne-2017-Full-Year-Results-Presentation.pdf
2026-02-12 12:32:23,326 - INFO - Downloading PDF: https://www.technology1.com/__data/assets/pdf_file/0004/215455/2022-Annual-General-Meeting-Notice-of-Meeting-TechnologyOne.pdf
2026-02-12 12:32:24,316 - ERROR - https://www.technology1.com/__data/assets/pdf_file/0004/215455/2022-Annual-General-Meeting-Notice-of-Meeting-TechnologyOne.pdf: Download failed: 403 Client Error: Forbidden for url: https://www.technology1.com/__data/assets/pdf_file/0004/215455/2022-Annual-General-Meeting-Notice-of-Meeting-TechnologyOne.pdf
2026-02-12 12:32:24,316 - INFO - Downloading PDF: https://www.technology1.com/__data/assets/pdf_file/0007/238543/FY23-full-year-results-presentation.pdf
2026-02-12 12:32:25,292 - ERROR - https://www.technology1.com/__data/assets/pdf_file/0007/238543/FY23-full-year-results-presentation.pdf: Download failed: 403 Client Error: Forbidden for url: https://www.technology1.com/__data/assets/pdf_file/0007/238543/FY23-full-year-results-presentation.pdf
2026-02-12 12:32:25,294 - INFO - Downloading PDF: https://www.technology1.com/__data/assets/pdf_file/0017/181304/FY21-Annual-Report.pdf
2026-02-12 12:32:26,500 - ERROR - https://www.technology1.com/__data/assets/pdf_file/0017/181304/FY21-Annual-Report.pdf: Download failed: 403 Client Error: Forbidden for url: https://www.technology1.com/__data/assets/pdf_file/0017/181304/FY21-Annual-Report.pdf
2026-02-12 12:32:26,500 - INFO - Downloading PDF: https://www.technology1.com/__data/assets/pdf_file/0011/242669/TNE-Notice-of-Meeting-and-Proxy-Form-FY23-AGM.pdf
2026-02-12 12:32:27,486 - ERROR - https://www.technology1.com/__data/assets/pdf_file/0011/242669/TNE-Notice-of-Meeting-and-Proxy-Form-FY23-AGM.pdf: Download failed: 403 Client Error: Forbidden for url: https://www.technology1.com/__data/assets/pdf_file/0011/242669/TNE-Notice-of-Meeting-and-Proxy-Form-FY23-AGM.pdf
2026-02-12 12:32:27,486 - INFO - Downloading PDF: https://www.technology1.com/__data/assets/pdf_file/0010/119485/191119-TNE-FY19-Results-Roadshow.115.pdf
2026-02-12 12:32:28,454 - ERROR - https://www.technology1.com/__data/assets/pdf_file/0010/119485/191119-TNE-FY19-Results-Roadshow.115.pdf: Download failed: 403 Client Error: Forbidden for url: https://www.technology1.com/__data/assets/pdf_file/0010/119485/191119-TNE-FY19-Results-Roadshow.115.pdf
2026-02-12 12:32:28,454 - INFO - Downloading PDF: https://www.technology1.com/__data/assets/pdf_file/0020/215066/TNE-rTSR-Methodology.pdf
2026-02-12 12:32:29,460 - ERROR - https://www.technology1.com/__data/assets/pdf_file/0020/215066/TNE-rTSR-Methodology.pdf: Download failed: 403 Client Error: Forbidden for url: https://www.technology1.com/__data/assets/pdf_file/0020/215066/TNE-rTSR-Methodology.pdf
2026-02-12 12:32:29,460 - INFO - Downloading PDF: https://www.technology1.com/__data/assets/pdf_file/0017/119501/Technology-One_2016_Full-Year-Results-Chairmans-Presentation.pdf
2026-02-12 12:32:30,516 - ERROR - https://www.technology1.com/__data/assets/pdf_file/0017/119501/Technology-One_2016_Full-Year-Results-Chairmans-Presentation.pdf: Download failed: 403 Client Error: Forbidden for url: https://www.technology1.com/__data/assets/pdf_file/0017/119501/Technology-One_2016_Full-Year-Results-Chairmans-Presentation.pdf
2026-02-12 12:32:30,516 - INFO - Downloading PDF: https://www.technology1.com/__data/assets/pdf_file/0010/269695/TNE-NoM-and-Proxy-Form-FY24.pdf
2026-02-12 12:32:31,470 - ERROR - https://www.technology1.com/__data/assets/pdf_file/0010/269695/TNE-NoM-and-Proxy-Form-FY24.pdf: Download failed: 403 Client Error: Forbidden for url: https://www.technology1.com/__data/assets/pdf_file/0010/269695/TNE-NoM-and-Proxy-Form-FY24.pdf
2026-02-12 12:32:31,470 - INFO - Downloading PDF: https://www.technology1.com/__data/assets/pdf_file/0009/150579/FY21-Half-Year-Results-Announcement.pdf
2026-02-12 12:32:32,447 - ERROR - https://www.technology1.com/__data/assets/pdf_file/0009/150579/FY21-Half-Year-Results-Announcement.pdf: Download failed: 403 Client Error: Forbidden for url: https://www.technology1.com/__data/assets/pdf_file/0009/150579/FY21-Half-Year-Results-Announcement.pdf
2026-02-12 12:32:32,447 - INFO - Downloading PDF: https://www.technology1.com/__data/assets/pdf_file/0008/247589/Gender-Pay-Gap-Statement_APRIL-24.pdf
2026-02-12 12:32:33,407 - ERROR - https://www.technology1.com/__data/assets/pdf_file/0008/247589/Gender-Pay-Gap-Statement_APRIL-24.pdf: Download failed: 403 Client Error: Forbidden for url: https://www.technology1.com/__data/assets/pdf_file/0008/247589/Gender-Pay-Gap-Statement_APRIL-24.pdf
2026-02-12 12:32:33,407 - INFO - Downloading PDF: https://www.technology1.com/__data/assets/pdf_file/0008/281969/CourseLoop-Cyber-Essentials-Plus-Certificate-2025.pdf
2026-02-12 12:32:34,557 - ERROR - https://www.technology1.com/__data/assets/pdf_file/0008/281969/CourseLoop-Cyber-Essentials-Plus-Certificate-2025.pdf: Download failed: 403 Client Error: Forbidden for url: https://www.technology1.com/__data/assets/pdf_file/0008/281969/CourseLoop-Cyber-Essentials-Plus-Certificate-2025.pdf
2026-02-12 12:32:34,574 - INFO - Downloading PDF: https://www.technology1.com/__data/assets/pdf_file/0013/212521/TechnologyOne-2022-Full-Year-Results-Presentation.pdf
2026-02-12 12:32:35,529 - ERROR - https://www.technology1.com/__data/assets/pdf_file/0013/212521/TechnologyOne-2022-Full-Year-Results-Presentation.pdf: Download failed: 403 Client Error: Forbidden for url: https://www.technology1.com/__data/assets/pdf_file/0013/212521/TechnologyOne-2022-Full-Year-Results-Presentation.pdf
2026-02-12 12:32:35,529 - INFO - Downloading PDF: https://www.technology1.com/_media/documents/pdf/legal/Event-Terms-and-Conditions.pdf
2026-02-12 12:32:36,517 - ERROR - https://www.technology1.com/_media/documents/pdf/legal/Event-Terms-and-Conditions.pdf: Download failed: 403 Client Error: Forbidden for url: https://www.technology1.com/_media/documents/pdf/legal/Event-Terms-and-Conditions.pdf
2026-02-12 12:32:36,517 - INFO - Downloading PDF: https://www.technology1.com/__data/assets/pdf_file/0008/136682/ISO27018.pdf
2026-02-12 12:32:37,503 - ERROR - https://www.technology1.com/__data/assets/pdf_file/0008/136682/ISO27018.pdf: Download failed: 403 Client Error: Forbidden for url: https://www.technology1.com/__data/assets/pdf_file/0008/136682/ISO27018.pdf
2026-02-12 12:32:37,505 - INFO - Downloading PDF: https://www.technology1.com/__data/assets/pdf_file/0007/136681/ISO27001.pdf
2026-02-12 12:32:38,592 - ERROR - https://www.technology1.com/__data/assets/pdf_file/0007/136681/ISO27001.pdf: Download failed: 403 Client Error: Forbidden for url: https://www.technology1.com/__data/assets/pdf_file/0007/136681/ISO27001.pdf
2026-02-12 12:32:38,592 - INFO - Downloading PDF: https://www.technology1.com/__data/assets/pdf_file/0009/156591/Cyber-Essentials-Certificate-2025.pdf
2026-02-12 12:32:39,590 - ERROR - https://www.technology1.com/__data/assets/pdf_file/0009/156591/Cyber-Essentials-Certificate-2025.pdf: Download failed: 403 Client Error: Forbidden for url: https://www.technology1.com/__data/assets/pdf_file/0009/156591/Cyber-Essentials-Certificate-2025.pdf
2026-02-12 12:32:39,590 - INFO - Downloading PDF: https://www.technology1.com/__data/assets/pdf_file/0008/119483/3.-TNE-H1-2019-Results-Presentation.pdf
2026-02-12 12:32:40,554 - ERROR - https://www.technology1.com/__data/assets/pdf_file/0008/119483/3.-TNE-H1-2019-Results-Presentation.pdf: Download failed: 403 Client Error: Forbidden for url: https://www.technology1.com/__data/assets/pdf_file/0008/119483/3.-TNE-H1-2019-Results-Presentation.pdf
2026-02-12 12:32:40,554 - INFO - Downloading PDF: https://www.technology1.com/__data/assets/pdf_file/0003/119487/FY19-Annual-Report.pdf
2026-02-12 12:32:41,654 - ERROR - https://www.technology1.com/__data/assets/pdf_file/0003/119487/FY19-Annual-Report.pdf: Download failed: 403 Client Error: Forbidden for url: https://www.technology1.com/__data/assets/pdf_file/0003/119487/FY19-Annual-Report.pdf
2026-02-12 12:32:41,654 - INFO - Downloading PDF: https://www.technology1.com/__data/assets/pdf_file/0015/142071/TNE-FY20-Full-Year-Results-Release.pdf
2026-02-12 12:32:42,660 - ERROR - https://www.technology1.com/__data/assets/pdf_file/0015/142071/TNE-FY20-Full-Year-Results-Release.pdf: Download failed: 403 Client Error: Forbidden for url: https://www.technology1.com/__data/assets/pdf_file/0015/142071/TNE-FY20-Full-Year-Results-Release.pdf
2026-02-12 12:32:42,660 - INFO - Downloading PDF: https://www.technology1.com/__data/assets/pdf_file/0006/238542/2023-FY-ASX-Announcement.pdf
2026-02-12 12:32:43,645 - ERROR - https://www.technology1.com/__data/assets/pdf_file/0006/238542/2023-FY-ASX-Announcement.pdf: Download failed: 403 Client Error: Forbidden for url: https://www.technology1.com/__data/assets/pdf_file/0006/238542/2023-FY-ASX-Announcement.pdf
2026-02-12 12:32:43,645 - INFO - Downloading PDF: https://www.technology1.com/__data/assets/pdf_file/0009/267822/FY24-ASX-Results-Release.pdf
2026-02-12 12:32:44,643 - ERROR - https://www.technology1.com/__data/assets/pdf_file/0009/267822/FY24-ASX-Results-Release.pdf: Download failed: 403 Client Error: Forbidden for url: https://www.technology1.com/__data/assets/pdf_file/0009/267822/FY24-ASX-Results-Release.pdf
2026-02-12 12:32:44,643 - INFO - Downloading PDF: https://www.technology1.com/__data/assets/pdf_file/0019/119503/TechnologyOne_2016_Notice_of_Annual_General_Meeting.pdf
2026-02-12 12:32:45,640 - ERROR - https://www.technology1.com/__data/assets/pdf_file/0019/119503/TechnologyOne_2016_Notice_of_Annual_General_Meeting.pdf: Download failed: 403 Client Error: Forbidden for url: https://www.technology1.com/__data/assets/pdf_file/0019/119503/TechnologyOne_2016_Notice_of_Annual_General_Meeting.pdf
2026-02-12 12:32:45,642 - INFO - Downloading PDF: https://www.technology1.com/__data/assets/pdf_file/0005/278312/Half-Year-Results-Presentation-2025-TechnologyOne.pdf
2026-02-12 12:32:47,206 - ERROR - https://www.technology1.com/__data/assets/pdf_file/0005/278312/Half-Year-Results-Presentation-2025-TechnologyOne.pdf: Download failed: 403 Client Error: Forbidden for url: https://www.technology1.com/__data/assets/pdf_file/0005/278312/Half-Year-Results-Presentation-2025-TechnologyOne.pdf
2026-02-12 12:32:47,206 - INFO - Downloading PDF: https://www.technology1.com/__data/assets/pdf_file/0003/119505/TechnologyOne_2016_AnnualReport.pdf
2026-02-12 12:32:48,355 - ERROR - https://www.technology1.com/__data/assets/pdf_file/0003/119505/TechnologyOne_2016_AnnualReport.pdf: Download failed: 403 Client Error: Forbidden for url: https://www.technology1.com/__data/assets/pdf_file/0003/119505/TechnologyOne_2016_AnnualReport.pdf
2026-02-12 12:32:48,371 - INFO - Downloading PDF: https://www.technology1.com/__data/assets/pdf_file/0018/251127/2024-Half-Year-Results-ASX-Announcement-TechnologyOne.pdf
2026-02-12 12:32:49,426 - ERROR - https://www.technology1.com/__data/assets/pdf_file/0018/251127/2024-Half-Year-Results-ASX-Announcement-TechnologyOne.pdf: Download failed: 403 Client Error: Forbidden for url: https://www.technology1.com/__data/assets/pdf_file/0018/251127/2024-Half-Year-Results-ASX-Announcement-TechnologyOne.pdf
2026-02-12 12:32:49,442 - INFO - Downloading PDF: https://www.technology1.com/__data/assets/pdf_file/0011/119486/191119-TNE-FY2019-Results-Release-Final.pdf
2026-02-12 12:32:50,415 - ERROR - https://www.technology1.com/__data/assets/pdf_file/0011/119486/191119-TNE-FY2019-Results-Release-Final.pdf: Download failed: 403 Client Error: Forbidden for url: https://www.technology1.com/__data/assets/pdf_file/0011/119486/191119-TNE-FY2019-Results-Release-Final.pdf
2026-02-12 12:32:50,415 - INFO - Downloading PDF: https://www.technology1.com/__data/assets/pdf_file/0005/119498/2017-12-17-AGM-Presn.031-tues-morn-FINAL-5.0am.pdf
2026-02-12 12:32:51,401 - ERROR - https://www.technology1.com/__data/assets/pdf_file/0005/119498/2017-12-17-AGM-Presn.031-tues-morn-FINAL-5.0am.pdf: Download failed: 403 Client Error: Forbidden for url: https://www.technology1.com/__data/assets/pdf_file/0005/119498/2017-12-17-AGM-Presn.031-tues-morn-FINAL-5.0am.pdf
2026-02-12 12:32:51,401 - INFO - Downloading PDF: https://www.technology1.com/__data/assets/pdf_file/0006/215457/Virtual-Meeting-Online-Guide.pdf
2026-02-12 12:32:52,404 - ERROR - https://www.technology1.com/__data/assets/pdf_file/0006/215457/Virtual-Meeting-Online-Guide.pdf: Download failed: 403 Client Error: Forbidden for url: https://www.technology1.com/__data/assets/pdf_file/0006/215457/Virtual-Meeting-Online-Guide.pdf
2026-02-12 12:32:52,404 - INFO - Downloading PDF: https://www.technology1.com/__data/assets/pdf_file/0004/193873/TechnologyOne-FY22-Half-Year-Results-Presentation.pdf
2026-02-12 12:32:53,375 - ERROR - https://www.technology1.com/__data/assets/pdf_file/0004/193873/TechnologyOne-FY22-Half-Year-Results-Presentation.pdf: Download failed: 403 Client Error: Forbidden for url: https://www.technology1.com/__data/assets/pdf_file/0004/193873/TechnologyOne-FY22-Half-Year-Results-Presentation.pdf
2026-02-12 12:32:53,375 - INFO - Downloading PDF: https://www.technology1.com/__data/assets/pdf_file/0015/117222/TNE-NGC-Charter-FY23.pdf
2026-02-12 12:32:54,351 - ERROR - https://www.technology1.com/__data/assets/pdf_file/0015/117222/TNE-NGC-Charter-FY23.pdf: Download failed: 403 Client Error: Forbidden for url: https://www.technology1.com/__data/assets/pdf_file/0015/117222/TNE-NGC-Charter-FY23.pdf
2026-02-12 12:32:54,351 - INFO - Downloading PDF: https://www.technology1.com/__data/assets/pdf_file/0011/269696/2025_TNE-VM-Online-Guide.pdf
2026-02-12 12:32:55,346 - ERROR - https://www.technology1.com/__data/assets/pdf_file/0011/269696/2025_TNE-VM-Online-Guide.pdf: Download failed: 403 Client Error: Forbidden for url: https://www.technology1.com/__data/assets/pdf_file/0011/269696/2025_TNE-VM-Online-Guide.pdf
2026-02-12 12:32:55,346 - INFO - Downloading PDF: https://www.technology1.com/__data/assets/pdf_file/0008/295316/Full-Year-Results-Presentation-2025-TechnologyOne.pdf
2026-02-12 12:32:56,359 - ERROR - https://www.technology1.com/__data/assets/pdf_file/0008/295316/Full-Year-Results-Presentation-2025-TechnologyOne.pdf: Download failed: 403 Client Error: Forbidden for url: https://www.technology1.com/__data/assets/pdf_file/0008/295316/Full-Year-Results-Presentation-2025-TechnologyOne.pdf
2026-02-12 12:32:56,359 - INFO - Downloading PDF: https://www.technology1.com/__data/assets/pdf_file/0016/181303/FY21-Notice-of-Meeting.pdf
2026-02-12 12:32:57,507 - ERROR - https://www.technology1.com/__data/assets/pdf_file/0016/181303/FY21-Notice-of-Meeting.pdf: Download failed: 403 Client Error: Forbidden for url: https://www.technology1.com/__data/assets/pdf_file/0016/181303/FY21-Notice-of-Meeting.pdf
2026-02-12 12:32:57,517 - INFO - Downloading PDF: https://www.technology1.com/__data/assets/pdf_file/0020/206192/WGEA-Public-Report-Questionnaire.pdf
2026-02-12 12:32:58,495 - ERROR - https://www.technology1.com/__data/assets/pdf_file/0020/206192/WGEA-Public-Report-Questionnaire.pdf: Download failed: 403 Client Error: Forbidden for url: https://www.technology1.com/__data/assets/pdf_file/0020/206192/WGEA-Public-Report-Questionnaire.pdf
2026-02-12 12:32:58,495 - INFO - Downloading PDF: https://www.technology1.com/__data/assets/pdf_file/0009/119493/2018-Annual-Report.pdf
2026-02-12 12:32:59,785 - ERROR - https://www.technology1.com/__data/assets/pdf_file/0009/119493/2018-Annual-Report.pdf: Download failed: 403 Client Error: Forbidden for url: https://www.technology1.com/__data/assets/pdf_file/0009/119493/2018-Annual-Report.pdf
2026-02-12 12:32:59,785 - INFO - Downloading PDF: https://www.technology1.com/__data/assets/pdf_file/0006/119508/CORP_Half-Year-Report_2015_LR.pdf
2026-02-12 12:33:00,767 - ERROR - https://www.technology1.com/__data/assets/pdf_file/0006/119508/CORP_Half-Year-Report_2015_LR.pdf: Download failed: 403 Client Error: Forbidden for url: https://www.technology1.com/__data/assets/pdf_file/0006/119508/CORP_Half-Year-Report_2015_LR.pdf
2026-02-12 12:33:00,767 - INFO - Downloading PDF: https://www.technology1.com/__data/assets/pdf_file/0018/251172/2.-TNE-H1-FY24-App4D-Half-Year-Financial-Report.pdf
2026-02-12 12:33:01,785 - ERROR - https://www.technology1.com/__data/assets/pdf_file/0018/251172/2.-TNE-H1-FY24-App4D-Half-Year-Financial-Report.pdf: Download failed: 403 Client Error: Forbidden for url: https://www.technology1.com/__data/assets/pdf_file/0018/251172/2.-TNE-H1-FY24-App4D-Half-Year-Financial-Report.pdf
2026-02-12 12:33:01,785 - INFO - Downloading PDF: https://www.technology1.com/__data/assets/pdf_file/0006/119490/2018-TNE-IFRS-Presentation.pdf
2026-02-12 12:33:02,769 - ERROR - https://www.technology1.com/__data/assets/pdf_file/0006/119490/2018-TNE-IFRS-Presentation.pdf: Download failed: 403 Client Error: Forbidden for url: https://www.technology1.com/__data/assets/pdf_file/0006/119490/2018-TNE-IFRS-Presentation.pdf
2026-02-12 12:33:02,769 - INFO - Downloading PDF: https://www.technology1.com/__data/assets/pdf_file/0018/119511/TechnologyOne-2015-Annual-Report.pdf
2026-02-12 12:33:03,789 - ERROR - https://www.technology1.com/__data/assets/pdf_file/0018/119511/TechnologyOne-2015-Annual-Report.pdf: Download failed: 403 Client Error: Forbidden for url: https://www.technology1.com/__data/assets/pdf_file/0018/119511/TechnologyOne-2015-Annual-Report.pdf
2026-02-12 12:33:03,789 - INFO - Downloading PDF: https://www.technology1.com/__data/assets/pdf_file/0006/164292/211123-3-TNE-FY21-Results-Presentation.pdf
2026-02-12 12:33:04,777 - ERROR - https://www.technology1.com/__data/assets/pdf_file/0006/164292/211123-3-TNE-FY21-Results-Presentation.pdf: Download failed: 403 Client Error: Forbidden for url: https://www.technology1.com/__data/assets/pdf_file/0006/164292/211123-3-TNE-FY21-Results-Presentation.pdf
2026-02-12 12:33:04,777 - INFO - Downloading PDF: https://www.technology1.com/__data/assets/pdf_file/0010/267823/FY24-Results-Presentation.pdf
2026-02-12 12:33:05,842 - ERROR - https://www.technology1.com/__data/assets/pdf_file/0010/267823/FY24-Results-Presentation.pdf: Download failed: 403 Client Error: Forbidden for url: https://www.technology1.com/__data/assets/pdf_file/0010/267823/FY24-Results-Presentation.pdf
2026-02-12 12:33:05,842 - INFO - Downloading PDF: https://www.technology1.com/__data/assets/pdf_file/0004/246757/TNE-Modern-Slavery-Statement-FY25.pdf
2026-02-12 12:33:08,544 - ERROR - https://www.technology1.com/__data/assets/pdf_file/0004/246757/TNE-Modern-Slavery-Statement-FY25.pdf: Download failed: 403 Client Error: Forbidden for url: https://www.technology1.com/__data/assets/pdf_file/0004/246757/TNE-Modern-Slavery-Statement-FY25.pdf
2026-02-12 12:33:08,548 - INFO - Downloading PDF: https://www.technology1.com/__data/assets/pdf_file/0007/119491/2018-Full-Year-Results-Presentation-1.pdf
2026-02-12 12:33:09,596 - ERROR - https://www.technology1.com/__data/assets/pdf_file/0007/119491/2018-Full-Year-Results-Presentation-1.pdf: Download failed: 403 Client Error: Forbidden for url: https://www.technology1.com/__data/assets/pdf_file/0007/119491/2018-Full-Year-Results-Presentation-1.pdf
2026-02-12 12:33:09,596 - INFO - Downloading PDF: https://www.technology1.com/__data/assets/pdf_file/0009/119484/20190521-TNE-H1-2019-ASX-Results-Release-Final.pdf
2026-02-12 12:33:10,773 - ERROR - https://www.technology1.com/__data/assets/pdf_file/0009/119484/20190521-TNE-H1-2019-ASX-Results-Release-Final.pdf: Download failed: 403 Client Error: Forbidden for url: https://www.technology1.com/__data/assets/pdf_file/0009/119484/20190521-TNE-H1-2019-ASX-Results-Release-Final.pdf
2026-02-12 12:33:10,773 - INFO - Downloading PDF: https://www.technology1.com/__data/assets/pdf_file/0009/278307/Half-Year-Results-ASX-Announcement-2025-TechnologyOne.pdf
2026-02-12 12:33:11,872 - ERROR - https://www.technology1.com/__data/assets/pdf_file/0009/278307/Half-Year-Results-ASX-Announcement-2025-TechnologyOne.pdf: Download failed: 403 Client Error: Forbidden for url: https://www.technology1.com/__data/assets/pdf_file/0009/278307/Half-Year-Results-ASX-Announcement-2025-TechnologyOne.pdf
2026-02-12 12:33:11,872 - INFO - Downloading PDF: https://www.technology1.com/__data/assets/pdf_file/0018/117234/Diversity-Policy-TechnologyOne.pdf
2026-02-12 12:33:12,982 - ERROR - https://www.technology1.com/__data/assets/pdf_file/0018/117234/Diversity-Policy-TechnologyOne.pdf: Download failed: 403 Client Error: Forbidden for url: https://www.technology1.com/__data/assets/pdf_file/0018/117234/Diversity-Policy-TechnologyOne.pdf
2026-02-12 12:33:12,982 - INFO - Downloading PDF: https://www.technology1.com/__data/assets/pdf_file/0019/150580/FY21-Half-Year-Results-Presentation.pdf
2026-02-12 12:33:14,205 - ERROR - https://www.technology1.com/__data/assets/pdf_file/0019/150580/FY21-Half-Year-Results-Presentation.pdf: Download failed: 403 Client Error: Forbidden for url: https://www.technology1.com/__data/assets/pdf_file/0019/150580/FY21-Half-Year-Results-Presentation.pdf
2026-02-12 12:33:14,205 - INFO - Downloading PDF: https://www.technology1.com/__data/assets/pdf_file/0004/142294/Sustainability-Report-FY25.pdf
2026-02-12 12:33:15,388 - ERROR - https://www.technology1.com/__data/assets/pdf_file/0004/142294/Sustainability-Report-FY25.pdf: Download failed: 403 Client Error: Forbidden for url: https://www.technology1.com/__data/assets/pdf_file/0004/142294/Sustainability-Report-FY25.pdf
2026-02-12 12:33:15,388 - INFO - Downloading PDF: https://www.technology1.com/__data/assets/pdf_file/0011/273926/FY24_AGM-MASTER-SLIDES-ASX.pdf
2026-02-12 12:33:16,644 - ERROR - https://www.technology1.com/__data/assets/pdf_file/0011/273926/FY24_AGM-MASTER-SLIDES-ASX.pdf: Download failed: 403 Client Error: Forbidden for url: https://www.technology1.com/__data/assets/pdf_file/0011/273926/FY24_AGM-MASTER-SLIDES-ASX.pdf
2026-02-12 12:33:16,644 - INFO - Downloading PDF: https://www.technology1.com/__data/assets/pdf_file/0018/130392/Technology_One_Limited_Constitution.pdf
2026-02-12 12:33:17,712 - ERROR - https://www.technology1.com/__data/assets/pdf_file/0018/130392/Technology_One_Limited_Constitution.pdf: Download failed: 403 Client Error: Forbidden for url: https://www.technology1.com/__data/assets/pdf_file/0018/130392/Technology_One_Limited_Constitution.pdf
2026-02-12 12:33:17,728 - INFO - Downloading PDF: https://www.technology1.com/__data/assets/pdf_file/0009/295317/TNE-FY25-Results-Release-ASX.pdf
2026-02-12 12:33:18,866 - ERROR - https://www.technology1.com/__data/assets/pdf_file/0009/295317/TNE-FY25-Results-Release-ASX.pdf: Download failed: 403 Client Error: Forbidden for url: https://www.technology1.com/__data/assets/pdf_file/0009/295317/TNE-FY25-Results-Release-ASX.pdf
2026-02-12 12:33:18,868 - INFO - Downloading PDF: https://www.technology1.com/__data/assets/pdf_file/0004/300010/TechnologyOne-Annual-Report-2025.pdf
2026-02-12 12:33:19,862 - ERROR - https://www.technology1.com/__data/assets/pdf_file/0004/300010/TechnologyOne-Annual-Report-2025.pdf: Download failed: 403 Client Error: Forbidden for url: https://www.technology1.com/__data/assets/pdf_file/0004/300010/TechnologyOne-Annual-Report-2025.pdf
2026-02-12 12:33:19,862 - INFO - Downloading PDF: https://www.technology1.com/__data/assets/pdf_file/0017/130391/TNE-Modern-Slavery-Policy-2025.pdf
2026-02-12 12:33:21,056 - ERROR - https://www.technology1.com/__data/assets/pdf_file/0017/130391/TNE-Modern-Slavery-Policy-2025.pdf: Download failed: 403 Client Error: Forbidden for url: https://www.technology1.com/__data/assets/pdf_file/0017/130391/TNE-Modern-Slavery-Policy-2025.pdf
2026-02-12 12:33:21,056 - INFO - Downloading PDF: https://www.technology1.com/__data/assets/pdf_file/0011/300008/TechnologyOne-FY25-Appendix-4E.pdf
2026-02-12 12:33:22,027 - ERROR - https://www.technology1.com/__data/assets/pdf_file/0011/300008/TechnologyOne-FY25-Appendix-4E.pdf: Download failed: 403 Client Error: Forbidden for url: https://www.technology1.com/__data/assets/pdf_file/0011/300008/TechnologyOne-FY25-Appendix-4E.pdf
2026-02-12 12:33:22,027 - INFO - Downloading PDF: https://www.technology1.com/__data/assets/pdf_file/0004/119497/TechnologyOne_2017_Notice_Of_Meeting_Annual_General_Meeting.pdf
2026-02-12 12:33:22,996 - ERROR - https://www.technology1.com/__data/assets/pdf_file/0004/119497/TechnologyOne_2017_Notice_Of_Meeting_Annual_General_Meeting.pdf: Download failed: 403 Client Error: Forbidden for url: https://www.technology1.com/__data/assets/pdf_file/0004/119497/TechnologyOne_2017_Notice_Of_Meeting_Annual_General_Meeting.pdf
2026-02-12 12:33:22,996 - INFO - Downloading PDF: https://www.technology1.com/__data/assets/pdf_file/0005/193874/TechnologyOne-FY22-Half-Year-Results-Announcement.pdf
2026-02-12 12:33:24,031 - ERROR - https://www.technology1.com/__data/assets/pdf_file/0005/193874/TechnologyOne-FY22-Half-Year-Results-Announcement.pdf: Download failed: 403 Client Error: Forbidden for url: https://www.technology1.com/__data/assets/pdf_file/0005/193874/TechnologyOne-FY22-Half-Year-Results-Announcement.pdf
2026-02-12 12:33:24,031 - INFO - Downloading PDF: https://www.technology1.com/__data/assets/pdf_file/0008/119852/TNE-Whistleblower-Policy-Statement.pdf
2026-02-12 12:33:25,167 - ERROR - https://www.technology1.com/__data/assets/pdf_file/0008/119852/TNE-Whistleblower-Policy-Statement.pdf: Download failed: 403 Client Error: Forbidden for url: https://www.technology1.com/__data/assets/pdf_file/0008/119852/TNE-Whistleblower-Policy-Statement.pdf
2026-02-12 12:33:25,167 - INFO - Downloading PDF: https://www.technology1.com/__data/assets/pdf_file/0018/206190/WGEA-Public-Report-Employee-Data-Tables.pdf
2026-02-12 12:33:26,277 - ERROR - https://www.technology1.com/__data/assets/pdf_file/0018/206190/WGEA-Public-Report-Employee-Data-Tables.pdf: Download failed: 403 Client Error: Forbidden for url: https://www.technology1.com/__data/assets/pdf_file/0018/206190/WGEA-Public-Report-Employee-Data-Tables.pdf
2026-02-12 12:33:26,277 - INFO - Downloading PDF: https://www.technology1.com/__data/assets/pdf_file/0016/117223/TNE-REM-Ctee-Charter-FY23.pdf
2026-02-12 12:33:27,308 - ERROR - https://www.technology1.com/__data/assets/pdf_file/0016/117223/TNE-REM-Ctee-Charter-FY23.pdf: Download failed: 403 Client Error: Forbidden for url: https://www.technology1.com/__data/assets/pdf_file/0016/117223/TNE-REM-Ctee-Charter-FY23.pdf
2026-02-12 12:33:27,310 - INFO - Downloading PDF: https://www.technology1.com/__data/assets/pdf_file/0006/278313/Half-Year-Results-Report-and-Appendix-4D.pdf
2026-02-12 12:33:28,501 - ERROR - https://www.technology1.com/__data/assets/pdf_file/0006/278313/Half-Year-Results-Report-and-Appendix-4D.pdf: Download failed: 403 Client Error: Forbidden for url: https://www.technology1.com/__data/assets/pdf_file/0006/278313/Half-Year-Results-Report-and-Appendix-4D.pdf
2026-02-12 12:33:28,501 - INFO - Downloading PDF: https://www.technology1.com/__data/assets/pdf_file/0007/242674/TNE-FY23-AGM-Virtual-Meeting-Guide.pdf
2026-02-12 12:33:29,465 - ERROR - https://www.technology1.com/__data/assets/pdf_file/0007/242674/TNE-FY23-AGM-Virtual-Meeting-Guide.pdf: Download failed: 403 Client Error: Forbidden for url: https://www.technology1.com/__data/assets/pdf_file/0007/242674/TNE-FY23-AGM-Virtual-Meeting-Guide.pdf
2026-02-12 12:33:29,465 - INFO - Downloading PDF: https://www.technology1.com/__data/assets/pdf_file/0008/119492/2018-Annual-General-Meeting-Notice-of-Meeting.pdf
2026-02-12 12:33:30,492 - ERROR - https://www.technology1.com/__data/assets/pdf_file/0008/119492/2018-Annual-General-Meeting-Notice-of-Meeting.pdf: Download failed: 403 Client Error: Forbidden for url: https://www.technology1.com/__data/assets/pdf_file/0008/119492/2018-Annual-General-Meeting-Notice-of-Meeting.pdf
2026-02-12 12:33:30,493 - INFO - Downloading PDF: https://www.technology1.com/__data/assets/pdf_file/0005/119507/2015-Half-Year-Results-Presentation.pdf
2026-02-12 12:33:31,581 - ERROR - https://www.technology1.com/__data/assets/pdf_file/0005/119507/2015-Half-Year-Results-Presentation.pdf: Download failed: 403 Client Error: Forbidden for url: https://www.technology1.com/__data/assets/pdf_file/0005/119507/2015-Half-Year-Results-Presentation.pdf
2026-02-12 12:33:31,581 - INFO - Downloading PDF: https://www.technology1.com/__data/assets/pdf_file/0018/143532/FY20-Annual-General-Meeting-Notice-of-Meeting.pdf
2026-02-12 12:33:32,572 - ERROR - https://www.technology1.com/__data/assets/pdf_file/0018/143532/FY20-Annual-General-Meeting-Notice-of-Meeting.pdf: Download failed: 403 Client Error: Forbidden for url: https://www.technology1.com/__data/assets/pdf_file/0018/143532/FY20-Annual-General-Meeting-Notice-of-Meeting.pdf
2026-02-12 12:33:32,572 - INFO - Downloading PDF: https://www.technology1.com/__data/assets/pdf_file/0012/269859/TNE-Proposed-Constitution-FY24.pdf
2026-02-12 12:33:33,548 - ERROR - https://www.technology1.com/__data/assets/pdf_file/0012/269859/TNE-Proposed-Constitution-FY24.pdf: Download failed: 403 Client Error: Forbidden for url: https://www.technology1.com/__data/assets/pdf_file/0012/269859/TNE-Proposed-Constitution-FY24.pdf
2026-02-12 12:33:33,557 - INFO - Downloading PDF: https://www.technology1.com/__data/assets/pdf_file/0017/117224/TNE-ARC-Charter-FY23.pdf
2026-02-12 12:33:34,697 - ERROR - https://www.technology1.com/__data/assets/pdf_file/0017/117224/TNE-ARC-Charter-FY23.pdf: Download failed: 403 Client Error: Forbidden for url: https://www.technology1.com/__data/assets/pdf_file/0017/117224/TNE-ARC-Charter-FY23.pdf
2026-02-12 12:33:34,697 - INFO - Downloading PDF: https://www.technology1.com/__data/assets/pdf_file/0017/143216/TNE-Bribery-and-Corruption-Policy-2025-001.pdf
2026-02-12 12:33:35,667 - ERROR - https://www.technology1.com/__data/assets/pdf_file/0017/143216/TNE-Bribery-and-Corruption-Policy-2025-001.pdf: Download failed: 403 Client Error: Forbidden for url: https://www.technology1.com/__data/assets/pdf_file/0017/143216/TNE-Bribery-and-Corruption-Policy-2025-001.pdf
2026-02-12 12:33:35,667 - INFO - Downloading PDF: https://www.technology1.com/__data/assets/pdf_file/0015/223602/TNE-2023-Half-Year-Results-Presentation.pdf
2026-02-12 12:33:36,860 - ERROR - https://www.technology1.com/__data/assets/pdf_file/0015/223602/TNE-2023-Half-Year-Results-Presentation.pdf: Download failed: 403 Client Error: Forbidden for url: https://www.technology1.com/__data/assets/pdf_file/0015/223602/TNE-2023-Half-Year-Results-Presentation.pdf
2026-02-12 12:33:36,863 - INFO - Downloading PDF: https://www.technology1.com/__data/assets/pdf_file/0014/223601/TNE-Half-Year-Results-Announcement-2023.pdf
2026-02-12 12:33:37,850 - ERROR - https://www.technology1.com/__data/assets/pdf_file/0014/223601/TNE-Half-Year-Results-Announcement-2023.pdf: Download failed: 403 Client Error: Forbidden for url: https://www.technology1.com/__data/assets/pdf_file/0014/223601/TNE-Half-Year-Results-Announcement-2023.pdf
2026-02-12 12:33:37,860 - INFO - Downloading PDF: https://www.technology1.com/__data/assets/pdf_file/0011/295229/TechnologyOne_AI-Policy.pdf
2026-02-12 12:33:38,851 - ERROR - https://www.technology1.com/__data/assets/pdf_file/0011/295229/TechnologyOne_AI-Policy.pdf: Download failed: 403 Client Error: Forbidden for url: https://www.technology1.com/__data/assets/pdf_file/0011/295229/TechnologyOne_AI-Policy.pdf
2026-02-12 12:33:38,857 - INFO - Downloading PDF: https://www.technology1.com/__data/assets/pdf_file/0004/119488/2018-Half-Year-Presentation.pdf
2026-02-12 12:33:39,883 - ERROR - https://www.technology1.com/__data/assets/pdf_file/0004/119488/2018-Half-Year-Presentation.pdf: Download failed: 403 Client Error: Forbidden for url: https://www.technology1.com/__data/assets/pdf_file/0004/119488/2018-Half-Year-Presentation.pdf
2026-02-12 12:33:39,883 - INFO - Downloading PDF: https://www.technology1.com/__data/assets/pdf_file/0019/130717/TNE-H1-FY20-Results-Presentation.pdf
2026-02-12 12:33:41,008 - ERROR - https://www.technology1.com/__data/assets/pdf_file/0019/130717/TNE-H1-FY20-Results-Presentation.pdf: Download failed: 403 Client Error: Forbidden for url: https://www.technology1.com/__data/assets/pdf_file/0019/130717/TNE-H1-FY20-Results-Presentation.pdf
2026-02-12 12:33:41,008 - INFO - Downloading PDF: https://www.technology1.com/__data/assets/pdf_file/0004/119506/TechnologyOne-2015-Full-Year-Results-presentation.pdf
2026-02-12 12:33:41,994 - ERROR - https://www.technology1.com/__data/assets/pdf_file/0004/119506/TechnologyOne-2015-Full-Year-Results-presentation.pdf: Download failed: 403 Client Error: Forbidden for url: https://www.technology1.com/__data/assets/pdf_file/0004/119506/TechnologyOne-2015-Full-Year-Results-presentation.pdf
2026-02-12 12:33:41,994 - INFO - Downloading PDF: https://www.technology1.com/__data/assets/pdf_file/0007/268801/2024-Annual-Report-TechnologyOne.pdf
2026-02-12 12:33:42,986 - ERROR - https://www.technology1.com/__data/assets/pdf_file/0007/268801/2024-Annual-Report-TechnologyOne.pdf: Download failed: 403 Client Error: Forbidden for url: https://www.technology1.com/__data/assets/pdf_file/0007/268801/2024-Annual-Report-TechnologyOne.pdf
2026-02-12 12:33:42,986 - INFO - Downloading PDF: https://www.technology1.com/__data/assets/pdf_file/0015/117231/TNE-Share-Trading-Policy-Blackout-Periods-FY25-006.pdf
2026-02-12 12:33:43,991 - ERROR - https://www.technology1.com/__data/assets/pdf_file/0015/117231/TNE-Share-Trading-Policy-Blackout-Periods-FY25-006.pdf: Download failed: 403 Client Error: Forbidden for url: https://www.technology1.com/__data/assets/pdf_file/0015/117231/TNE-Share-Trading-Policy-Blackout-Periods-FY25-006.pdf
2026-02-12 12:33:43,991 - INFO - Downloading PDF: https://www.technology1.com/__data/assets/pdf_file/0020/119504/TechnologyOne_2016_AGM_Presentation.pdf
2026-02-12 12:33:44,985 - ERROR - https://www.technology1.com/__data/assets/pdf_file/0020/119504/TechnologyOne_2016_AGM_Presentation.pdf: Download failed: 403 Client Error: Forbidden for url: https://www.technology1.com/__data/assets/pdf_file/0020/119504/TechnologyOne_2016_AGM_Presentation.pdf
2026-02-12 12:33:44,985 - INFO - Downloading PDF: https://www.technology1.com/__data/assets/pdf_file/0010/119494/TechnologyOne-2017-Half-Year-Results-Presentation.pdf
2026-02-12 12:33:46,133 - ERROR - https://www.technology1.com/__data/assets/pdf_file/0010/119494/TechnologyOne-2017-Half-Year-Results-Presentation.pdf: Download failed: 403 Client Error: Forbidden for url: https://www.technology1.com/__data/assets/pdf_file/0010/119494/TechnologyOne-2017-Half-Year-Results-Presentation.pdf
2026-02-12 12:33:46,133 - INFO - 
[Phase 3] Writing manifest...
2026-02-12 12:33:46,133 - INFO - Manifest written to: pdfs\manifest.json
2026-02-12 12:46:39,866 - INFO - ============================================================
2026-02-12 12:46:39,866 - INFO - Starting PDF Crawler (Selenium)
2026-02-12 12:46:39,866 - INFO - Start URL: https://www.technology1.com/company/investors
2026-02-12 12:46:39,866 - INFO - Max Depth: 3
2026-02-12 12:46:39,866 - INFO - Allowed Domains: www.technology1.com
2026-02-12 12:46:39,866 - INFO - Output Directory: pdfs
2026-02-12 12:46:39,866 - INFO - Headless Mode: False
2026-02-12 12:46:39,866 - INFO - ============================================================
2026-02-12 12:46:39,866 - INFO - Initializing browser...
2026-02-12 12:46:39,866 - INFO - ====== WebDriver manager ======
2026-02-12 12:46:42,556 - INFO - Get LATEST chromedriver version for google-chrome
2026-02-12 12:46:43,130 - INFO - Get LATEST chromedriver version for google-chrome
2026-02-12 12:46:43,628 - INFO - There is no [win64] chromedriver "144.0.7559.133" for browser google-chrome "144.0.7559" in cache
2026-02-12 12:46:43,628 - INFO - Get LATEST chromedriver version for google-chrome
2026-02-12 12:46:44,964 - INFO - WebDriver version 144.0.7559.133 selected
2026-02-12 12:46:44,964 - INFO - Modern chrome version https://storage.googleapis.com/chrome-for-testing-public/144.0.7559.133/win32/chromedriver-win32.zip
2026-02-12 12:46:44,964 - INFO - About to download new driver from https://storage.googleapis.com/chrome-for-testing-public/144.0.7559.133/win32/chromedriver-win32.zip
2026-02-12 12:46:45,593 - INFO - Driver downloading response is 200
2026-02-12 12:47:05,095 - INFO - Get LATEST chromedriver version for google-chrome
2026-02-12 12:47:05,714 - INFO - Driver has been saved in cache [C:\Users\Nassim\.wdm\drivers\chromedriver\win64\144.0.7559.133]
2026-02-12 12:47:09,815 - INFO - 
[Phase 1] Crawling pages...
2026-02-12 12:47:09,815 - INFO - Crawling (depth 0): https://www.technology1.com/company/investors
2026-02-12 12:47:15,111 - INFO - Found 0 new PDF(s) on https://www.technology1.com/company/investors
2026-02-12 12:47:15,111 - INFO - Crawling (depth 1): https://www.technology1.com/products/property-and-rating
2026-02-12 12:47:19,181 - INFO - Found 0 new PDF(s) on https://www.technology1.com/products/property-and-rating
2026-02-12 12:47:19,181 - INFO - Crawling (depth 2): https://www.technology1.com/industries/local-government/solution
2026-02-12 12:47:22,671 - INFO - Found 0 new PDF(s) on https://www.technology1.com/industries/local-government/solution
2026-02-12 12:47:22,671 - INFO - Crawling (depth 3): https://www.technology1.com/company/investors/financial-calendar
2026-02-12 12:47:25,487 - INFO - Found 0 new PDF(s) on https://www.technology1.com/company/investors/financial-calendar
2026-02-12 12:47:25,487 - INFO - Crawling (depth 3): https://www.technology1.com/industries/local-government/book-a-demo
2026-02-12 12:47:31,532 - INFO - Found 0 new PDF(s) on https://www.technology1.com/industries/local-government/book-a-demo
2026-02-12 12:47:31,532 - INFO - Crawling (depth 3): https://www.technology1.com/resources/articles
2026-02-12 12:47:34,795 - INFO - Found 0 new PDF(s) on https://www.technology1.com/resources/articles
2026-02-12 12:47:34,795 - INFO - Crawling (depth 3): https://www.technology1.com/company/foundation
2026-02-12 12:47:37,618 - INFO - Found 1 new PDF(s) on https://www.technology1.com/company/foundation
2026-02-12 12:47:37,618 - INFO - Crawling (depth 3): https://www.technology1.com/resources/filter
2026-02-12 12:47:40,404 - INFO - Found 0 new PDF(s) on https://www.technology1.com/resources/filter
2026-02-12 12:47:40,404 - INFO - Crawling (depth 3): https://www.technology1.com/company/life-at-techone/graduates-and-interns
2026-02-12 12:47:43,268 - INFO - Found 0 new PDF(s) on https://www.technology1.com/company/life-at-techone/graduates-and-interns
2026-02-12 12:47:43,268 - INFO - Crawling (depth 3): https://www.technology1.com/industries/health-and-community-services/book-a-demo
2026-02-12 12:47:46,369 - INFO - Found 0 new PDF(s) on https://www.technology1.com/industries/health-and-community-services/book-a-demo
2026-02-12 12:47:46,370 - INFO - Crawling (depth 3): https://www.technology1.com/saas-plus/security
2026-02-12 12:47:50,018 - INFO - Found 7 new PDF(s) on https://www.technology1.com/saas-plus/security
2026-02-12 12:47:50,018 - INFO - Crawling (depth 3): https://www.technology1.com/industries/education/resources
2026-02-12 12:47:54,055 - INFO - Found 0 new PDF(s) on https://www.technology1.com/industries/education/resources
2026-02-12 12:47:54,055 - INFO - Crawling (depth 3): https://www.technology1.com/products/human-resources-and-payroll
2026-02-12 12:47:58,349 - INFO - Found 0 new PDF(s) on https://www.technology1.com/products/human-resources-and-payroll
2026-02-12 12:47:58,349 - INFO - Crawling (depth 3): https://www.technology1.com/company/investors/annual-reports
2026-02-12 12:48:02,676 - INFO - Found 74 new PDF(s) on https://www.technology1.com/company/investors/annual-reports
2026-02-12 12:48:02,676 - INFO - Crawling (depth 3): https://www.technology1.com/saas-plus/erp-in-30-days
2026-02-12 12:48:07,194 - INFO - Found 0 new PDF(s) on https://www.technology1.com/saas-plus/erp-in-30-days
2026-02-12 12:48:07,194 - INFO - Crawling (depth 3): https://www.technology1.com/industries/asset-and-project-intensive/solution
2026-02-12 12:48:10,498 - INFO - Found 0 new PDF(s) on https://www.technology1.com/industries/asset-and-project-intensive/solution
2026-02-12 12:48:10,498 - INFO - Crawling (depth 3): https://www.technology1.com/privacy-policy
2026-02-12 12:48:13,272 - INFO - Found 2 new PDF(s) on https://www.technology1.com/privacy-policy
2026-02-12 12:48:13,273 - INFO - Crawling (depth 3): https://www.technology1.com/company/investors/corporate-governance
2026-02-12 12:48:16,133 - INFO - Found 19 new PDF(s) on https://www.technology1.com/company/investors/corporate-governance
2026-02-12 12:48:16,134 - INFO - Crawling (depth 3): https://www.technology1.com/company/about-us/history
2026-02-12 12:48:20,230 - INFO - Found 0 new PDF(s) on https://www.technology1.com/company/about-us/history
2026-02-12 12:48:20,230 - INFO - Crawling (depth 3): https://www.technology1.com/industries/local-government
2026-02-12 12:48:26,644 - INFO - Found 0 new PDF(s) on https://www.technology1.com/industries/local-government
2026-02-12 12:48:26,644 - INFO - Crawling (depth 3): https://www.technology1.com/saas-plus/security'
2026-02-12 12:48:31,024 - INFO - Found 0 new PDF(s) on https://www.technology1.com/saas-plus/security'
2026-02-12 12:48:31,024 - INFO - Crawling (depth 3): https://www.technology1.com/products/financials
2026-02-12 12:48:34,035 - INFO - Found 0 new PDF(s) on https://www.technology1.com/products/financials
2026-02-12 12:48:34,035 - INFO - Crawling (depth 3): https://www.technology1.com/resources/case-studies
2026-02-12 12:48:37,633 - INFO - Found 0 new PDF(s) on https://www.technology1.com/resources/case-studies
2026-02-12 12:48:37,633 - INFO - Crawling (depth 3): https://www.technology1.com/products/enterprise-content-management
2026-02-12 12:48:40,706 - INFO - Found 0 new PDF(s) on https://www.technology1.com/products/enterprise-content-management
2026-02-12 12:48:40,706 - INFO - Crawling (depth 3): https://www.technology1.com/company/investors/board-of-directors
2026-02-12 12:48:45,307 - INFO - Found 0 new PDF(s) on https://www.technology1.com/company/investors/board-of-directors
2026-02-12 12:48:45,307 - INFO - Crawling (depth 3): https://www.technology1.com/industries/government/book-a-demo
2026-02-12 12:48:48,162 - INFO - Found 0 new PDF(s) on https://www.technology1.com/industries/government/book-a-demo
2026-02-12 12:48:48,162 - INFO - Crawling (depth 3): https://www.technology1.com/products/corporate-performance-management
2026-02-12 12:48:51,098 - INFO - Found 0 new PDF(s) on https://www.technology1.com/products/corporate-performance-management
2026-02-12 12:48:51,098 - INFO - Crawling (depth 3): https://www.technology1.com/company/life-at-techone
2026-02-12 12:48:54,659 - INFO - Found 0 new PDF(s) on https://www.technology1.com/company/life-at-techone
2026-02-12 12:48:54,659 - INFO - Crawling (depth 3): https://www.technology1.com/industries/asset-and-project-intensive/resources
2026-02-12 12:49:01,736 - INFO - Found 0 new PDF(s) on https://www.technology1.com/industries/asset-and-project-intensive/resources
2026-02-12 12:49:01,736 - INFO - Crawling (depth 3): https://www.technology1.com/company/life-at-techone/technologyone-at-work
2026-02-12 12:49:05,058 - INFO - Found 0 new PDF(s) on https://www.technology1.com/company/life-at-techone/technologyone-at-work
2026-02-12 12:49:05,058 - INFO - Crawling (depth 3): https://www.technology1.com/products/enterprise-cash-receipting
2026-02-12 12:49:09,467 - INFO - Found 0 new PDF(s) on https://www.technology1.com/products/enterprise-cash-receipting
2026-02-12 12:49:09,467 - INFO - Crawling (depth 3): https://www.technology1.com/company/life-at-techone/join-the-team
2026-02-12 12:49:12,593 - INFO - Found 0 new PDF(s) on https://www.technology1.com/company/life-at-techone/join-the-team
2026-02-12 12:49:12,593 - INFO - Crawling (depth 3): https://www.technology1.com/products/dxp-student
2026-02-12 12:49:15,529 - INFO - Found 0 new PDF(s) on https://www.technology1.com/products/dxp-student
2026-02-12 12:49:15,529 - INFO - Crawling (depth 3): https://www.technology1.com/resources/articles/are-manual-processes-holding-your-finance-team-back
2026-02-12 12:49:24,250 - INFO - Found 0 new PDF(s) on https://www.technology1.com/resources/articles/are-manual-processes-holding-your-finance-team-back
2026-02-12 12:49:24,250 - INFO - Crawling (depth 3): https://www.technology1.com/industries/health-and-community-services
2026-02-12 12:49:28,468 - INFO - Found 0 new PDF(s) on https://www.technology1.com/industries/health-and-community-services
2026-02-12 12:49:28,468 - INFO - Crawling (depth 3): https://www.technology1.com/industries/government/solution
2026-02-12 12:49:33,207 - INFO - Found 0 new PDF(s) on https://www.technology1.com/industries/government/solution
2026-02-12 12:49:33,207 - INFO - Crawling (depth 3): https://www.technology1.com/industries/asset-and-project-intensive/book-a-demo
2026-02-12 12:49:36,708 - INFO - Found 0 new PDF(s) on https://www.technology1.com/industries/asset-and-project-intensive/book-a-demo
2026-02-12 12:49:36,708 - INFO - Crawling (depth 3): https://www.technology1.com/products/app-builder
2026-02-12 12:49:40,563 - INFO - Found 0 new PDF(s) on https://www.technology1.com/products/app-builder
2026-02-12 12:49:40,563 - INFO - Crawling (depth 3): https://www.technology1.com/terms-of-use
2026-02-12 12:49:43,976 - INFO - Found 0 new PDF(s) on https://www.technology1.com/terms-of-use
2026-02-12 12:49:43,976 - INFO - Crawling (depth 3): https://www.technology1.com/products/student-management
2026-02-12 12:49:46,803 - INFO - Found 0 new PDF(s) on https://www.technology1.com/products/student-management
2026-02-12 12:49:46,804 - INFO - Crawling (depth 3): https://www.technology1.com/resources/media-kit
2026-02-12 12:49:50,819 - INFO - Found 0 new PDF(s) on https://www.technology1.com/resources/media-kit
2026-02-12 12:49:50,819 - INFO - Crawling (depth 3): https://www.technology1.com/products/spatial
2026-02-12 12:49:53,664 - INFO - Found 0 new PDF(s) on https://www.technology1.com/products/spatial
2026-02-12 12:49:53,664 - INFO - Crawling (depth 3): https://www.technology1.com/industries/health-and-community-services/resources
2026-02-12 12:49:56,986 - INFO - Found 0 new PDF(s) on https://www.technology1.com/industries/health-and-community-services/resources
2026-02-12 12:49:56,986 - INFO - Crawling (depth 3): https://www.technology1.com/company/contact-us
2026-02-12 12:50:00,750 - INFO - Found 0 new PDF(s) on https://www.technology1.com/company/contact-us
2026-02-12 12:50:00,750 - INFO - Crawling (depth 3): https://www.technology1.com/industries/health-and-community-services/solution
2026-02-12 12:50:03,628 - INFO - Found 0 new PDF(s) on https://www.technology1.com/industries/health-and-community-services/solution
2026-02-12 12:50:03,628 - INFO - Crawling (depth 3): https://www.technology1.com/products/plus
2026-02-12 12:50:06,682 - INFO - Found 0 new PDF(s) on https://www.technology1.com/products/plus
2026-02-12 12:50:06,682 - INFO - Crawling (depth 3): https://www.technology1.com/company/about-us
2026-02-12 12:50:09,558 - INFO - Found 0 new PDF(s) on https://www.technology1.com/company/about-us
2026-02-12 12:50:09,558 - INFO - Crawling (depth 3): https://www.technology1.com/saas-plus/support-and-training
2026-02-12 12:50:12,642 - INFO - Found 0 new PDF(s) on https://www.technology1.com/saas-plus/support-and-training
2026-02-12 12:50:12,642 - INFO - Crawling (depth 3): https://www.technology1.com/industries/financial-and-corporate/book-a-demo
2026-02-12 12:50:16,221 - INFO - Found 0 new PDF(s) on https://www.technology1.com/industries/financial-and-corporate/book-a-demo
2026-02-12 12:50:16,221 - INFO - Crawling (depth 3): https://www.technology1.com/products/enterprise-budgeting
2026-02-12 12:50:19,072 - INFO - Found 0 new PDF(s) on https://www.technology1.com/products/enterprise-budgeting
2026-02-12 12:50:19,073 - INFO - Crawling (depth 3): https://www.technology1.com/products/supply-chain-management
2026-02-12 12:50:21,920 - INFO - Found 0 new PDF(s) on https://www.technology1.com/products/supply-chain-management
2026-02-12 12:50:21,922 - INFO - Crawling (depth 3): https://www.technology1.com/company/life-at-techone/life-at-technologyone
2026-02-12 12:50:24,857 - INFO - Found 0 new PDF(s) on https://www.technology1.com/company/life-at-techone/life-at-technologyone
2026-02-12 12:50:24,857 - INFO - Crawling (depth 3): https://www.technology1.com/products/dxp-local-government/features
2026-02-12 12:50:29,079 - INFO - Found 0 new PDF(s) on https://www.technology1.com/products/dxp-local-government/features
2026-02-12 12:50:29,079 - INFO - Crawling (depth 3): https://www.technology1.com/industries/local-government/278352
2026-02-12 12:50:32,980 - INFO - Found 0 new PDF(s) on https://www.technology1.com/industries/local-government/278352
2026-02-12 12:50:32,980 - INFO - Crawling (depth 3): https://www.technology1.com/industries/local-government'
2026-02-12 12:50:36,804 - INFO - Found 0 new PDF(s) on https://www.technology1.com/industries/local-government'
2026-02-12 12:50:36,804 - INFO - Crawling (depth 3): https://www.technology1.com/saas-plus
2026-02-12 12:50:40,325 - INFO - Found 0 new PDF(s) on https://www.technology1.com/saas-plus
2026-02-12 12:50:40,325 - INFO - Crawling (depth 3): https://www.technology1.com/products/timetabling-and-scheduling
2026-02-12 12:50:43,098 - INFO - Found 0 new PDF(s) on https://www.technology1.com/products/timetabling-and-scheduling
2026-02-12 12:50:43,098 - INFO - Crawling (depth 3): https://www.technology1.com/products/performance-planning
2026-02-12 12:50:45,902 - INFO - Found 0 new PDF(s) on https://www.technology1.com/products/performance-planning
2026-02-12 12:50:45,903 - INFO - Crawling (depth 3): https://www.technology1.com/industries/local-government/resources
2026-02-12 12:50:49,706 - INFO - Found 0 new PDF(s) on https://www.technology1.com/industries/local-government/resources
2026-02-12 12:50:49,706 - INFO - Crawling (depth 3): https://www.technology1.com/industries/asset-and-project-intensive
2026-02-12 12:50:52,932 - INFO - Found 0 new PDF(s) on https://www.technology1.com/industries/asset-and-project-intensive
2026-02-12 12:50:52,932 - INFO - Crawling (depth 3): https://www.technology1.com/company/about-us/core-beliefs
2026-02-12 12:50:55,746 - INFO - Found 0 new PDF(s) on https://www.technology1.com/company/about-us/core-beliefs
2026-02-12 12:50:55,746 - INFO - Crawling (depth 3): https://www.technology1.com/company/about-us/values
2026-02-12 12:50:58,573 - INFO - Found 0 new PDF(s) on https://www.technology1.com/company/about-us/values
2026-02-12 12:50:58,573 - INFO - Crawling (depth 3): https://www.technology1.com/industries/financial-and-corporate/resources
2026-02-12 12:51:02,054 - INFO - Found 0 new PDF(s) on https://www.technology1.com/industries/financial-and-corporate/resources
2026-02-12 12:51:02,054 - INFO - Crawling (depth 3): https://www.technology1.com/industries/government/resources
2026-02-12 12:51:05,905 - INFO - Found 0 new PDF(s) on https://www.technology1.com/industries/government/resources
2026-02-12 12:51:05,905 - INFO - Crawling (depth 3): https://www.technology1.com/products/business-analytics
2026-02-12 12:51:09,374 - INFO - Found 0 new PDF(s) on https://www.technology1.com/products/business-analytics
2026-02-12 12:51:09,374 - INFO - Crawling (depth 3): https://www.technology1.com/saas-plus/our-solutions
2026-02-12 12:51:12,537 - INFO - Found 0 new PDF(s) on https://www.technology1.com/saas-plus/our-solutions
2026-02-12 12:51:12,537 - INFO - Crawling (depth 3): https://www.technology1.com/resources/articles/how-saas-plus-works
2026-02-12 12:51:17,835 - INFO - Found 0 new PDF(s) on https://www.technology1.com/resources/articles/how-saas-plus-works
2026-02-12 12:51:17,835 - INFO - Crawling (depth 3): https://www.technology1.com/industries/government
2026-02-12 12:51:21,332 - INFO - Found 0 new PDF(s) on https://www.technology1.com/industries/government
2026-02-12 12:51:21,333 - INFO - Crawling (depth 3): https://www.technology1.com/company/our-leaders
2026-02-12 12:51:24,164 - INFO - Found 0 new PDF(s) on https://www.technology1.com/company/our-leaders
2026-02-12 12:51:24,164 - INFO - Crawling (depth 3): https://www.technology1.com/products/dxp-local-government
2026-02-12 12:51:27,017 - INFO - Found 0 new PDF(s) on https://www.technology1.com/products/dxp-local-government
2026-02-12 12:51:27,017 - INFO - Crawling (depth 3): https://www.technology1.com/industries/local-government/book-a-demo'
2026-02-12 12:51:30,885 - INFO - Found 0 new PDF(s) on https://www.technology1.com/industries/local-government/book-a-demo'
2026-02-12 12:51:30,885 - INFO - Crawling (depth 3): https://www.technology1.com/industries/education/solution
2026-02-12 12:51:33,913 - INFO - Found 0 new PDF(s) on https://www.technology1.com/industries/education/solution
2026-02-12 12:51:33,913 - INFO - Crawling (depth 3): https://www.technology1.com/products/dxp-essentials
2026-02-12 12:51:36,765 - INFO - Found 0 new PDF(s) on https://www.technology1.com/products/dxp-essentials
2026-02-12 12:51:36,765 - INFO - Crawling (depth 3): https://www.technology1.com/saas-plus/software-releases
2026-02-12 12:51:39,507 - INFO - Found 0 new PDF(s) on https://www.technology1.com/saas-plus/software-releases
2026-02-12 12:51:39,508 - INFO - Crawling (depth 3): https://www.technology1.com/industries/financial-and-corporate/solution
2026-02-12 12:51:42,325 - INFO - Found 0 new PDF(s) on https://www.technology1.com/industries/financial-and-corporate/solution
2026-02-12 12:51:42,325 - INFO - Crawling (depth 3): https://www.technology1.com/products/enterprise-asset-management
2026-02-12 12:51:45,140 - INFO - Found 0 new PDF(s) on https://www.technology1.com/products/enterprise-asset-management
2026-02-12 12:51:45,140 - INFO - Crawling (depth 3): https://www.technology1.com/industries/education/book-a-demo
2026-02-12 12:51:48,382 - INFO - Found 0 new PDF(s) on https://www.technology1.com/industries/education/book-a-demo
2026-02-12 12:51:48,382 - INFO - Crawling (depth 3): https://www.technology1.com/resources/media-releases
2026-02-12 12:51:51,636 - INFO - Found 0 new PDF(s) on https://www.technology1.com/resources/media-releases
2026-02-12 12:51:51,638 - INFO - Crawling (depth 3): https://www.technology1.com
2026-02-12 12:51:54,437 - INFO - Found 0 new PDF(s) on https://www.technology1.com
2026-02-12 12:51:54,437 - INFO - Crawling (depth 3): https://www.technology1.com/showcase
2026-02-12 12:51:58,286 - INFO - Found 0 new PDF(s) on https://www.technology1.com/showcase
2026-02-12 12:51:58,286 - INFO - Crawling (depth 3): https://www.technology1.com/industries/education
2026-02-12 12:52:01,927 - INFO - Found 0 new PDF(s) on https://www.technology1.com/industries/education
2026-02-12 12:52:01,927 - INFO - Crawling (depth 3): https://www.technology1.com/industries/financial-and-corporate
2026-02-12 12:52:04,993 - INFO - Found 0 new PDF(s) on https://www.technology1.com/industries/financial-and-corporate
2026-02-12 12:52:04,993 - INFO - Crawling (depth 2): https://www.technology1.com/products/property-and-rating/book-a-demo
2026-02-12 12:52:09,396 - INFO - Found 0 new PDF(s) on https://www.technology1.com/products/property-and-rating/book-a-demo
2026-02-12 12:52:09,396 - INFO - Crawling (depth 3): https://www.technology1.com/products/property-and-rating/resources
2026-02-12 12:52:13,557 - INFO - Found 0 new PDF(s) on https://www.technology1.com/products/property-and-rating/resources
2026-02-12 12:52:13,557 - INFO - Crawling (depth 3): https://www.technology1.com/products/property-and-rating/features
2026-02-12 12:52:17,524 - INFO - Found 0 new PDF(s) on https://www.technology1.com/products/property-and-rating/features
2026-02-12 12:52:17,526 - INFO - Crawling (depth 1): https://www.technology1.com/company/events/showcase
2026-02-12 12:52:20,542 - INFO - Found 0 new PDF(s) on https://www.technology1.com/company/events/showcase
2026-02-12 12:52:20,542 - INFO - Crawling (depth 2): https://www.technology1.com/company/events/webinars/learn-more?utm_campaign=parent_fy26_showcase&utm_medium=webinar&utm_source=on24&utm_content=ondemand
2026-02-12 12:52:23,635 - INFO - Found 0 new PDF(s) on https://www.technology1.com/company/events/webinars/learn-more?utm_campaign=parent_fy26_showcase&utm_medium=webinar&utm_source=on24&utm_content=ondemand
2026-02-12 12:52:23,635 - INFO - Crawling (depth 3): https://www.technology1.com/company/events/webinars/learn-more
2026-02-12 12:52:27,052 - INFO - Found 0 new PDF(s) on https://www.technology1.com/company/events/webinars/learn-more
2026-02-12 12:52:27,053 - INFO - Crawling (depth 3): https://www.technology1.com/company/events/webinars
2026-02-12 12:52:30,792 - INFO - Found 0 new PDF(s) on https://www.technology1.com/company/events/webinars
2026-02-12 12:52:30,792 - INFO - 
[Phase 2] Downloading 103 PDF(s)...
2026-02-12 12:52:30,792 - INFO - Downloading PDF: https://www.technology1.com/__data/assets/pdf_file/0011/119495/TechnologyOne_2017_Half_year_report.pdf
2026-02-12 12:52:31,827 - ERROR - https://www.technology1.com/__data/assets/pdf_file/0011/119495/TechnologyOne_2017_Half_year_report.pdf: Download failed: 403 Client Error: Forbidden for url: https://www.technology1.com/__data/assets/pdf_file/0011/119495/TechnologyOne_2017_Half_year_report.pdf
2026-02-12 12:52:31,827 - INFO - Downloading PDF: https://www.technology1.com/__data/assets/pdf_file/0010/267823/FY24-Results-Presentation.pdf
2026-02-12 12:52:32,796 - ERROR - https://www.technology1.com/__data/assets/pdf_file/0010/267823/FY24-Results-Presentation.pdf: Download failed: 403 Client Error: Forbidden for url: https://www.technology1.com/__data/assets/pdf_file/0010/267823/FY24-Results-Presentation.pdf
2026-02-12 12:52:32,812 - INFO - Downloading PDF: https://www.technology1.com/__data/assets/pdf_file/0017/117224/TNE-ARC-Charter-FY23.pdf
2026-02-12 12:52:33,844 - ERROR - https://www.technology1.com/__data/assets/pdf_file/0017/117224/TNE-ARC-Charter-FY23.pdf: Download failed: 403 Client Error: Forbidden for url: https://www.technology1.com/__data/assets/pdf_file/0017/117224/TNE-ARC-Charter-FY23.pdf
2026-02-12 12:52:33,846 - INFO - Downloading PDF: https://www.technology1.com/__data/assets/pdf_file/0016/119500/2016-Roadshow-Half-Year-Presentation_FINAL.pdf
2026-02-12 12:52:34,817 - ERROR - https://www.technology1.com/__data/assets/pdf_file/0016/119500/2016-Roadshow-Half-Year-Presentation_FINAL.pdf: Download failed: 403 Client Error: Forbidden for url: https://www.technology1.com/__data/assets/pdf_file/0016/119500/2016-Roadshow-Half-Year-Presentation_FINAL.pdf
2026-02-12 12:52:34,817 - INFO - Downloading PDF: https://www.technology1.com/__data/assets/pdf_file/0018/119511/TechnologyOne-2015-Annual-Report.pdf
2026-02-12 12:52:35,782 - ERROR - https://www.technology1.com/__data/assets/pdf_file/0018/119511/TechnologyOne-2015-Annual-Report.pdf: Download failed: 403 Client Error: Forbidden for url: https://www.technology1.com/__data/assets/pdf_file/0018/119511/TechnologyOne-2015-Annual-Report.pdf
2026-02-12 12:52:35,782 - INFO - Downloading PDF: https://www.technology1.com/__data/assets/pdf_file/0015/117222/TNE-NGC-Charter-FY23.pdf
2026-02-12 12:52:36,770 - ERROR - https://www.technology1.com/__data/assets/pdf_file/0015/117222/TNE-NGC-Charter-FY23.pdf: Download failed: 403 Client Error: Forbidden for url: https://www.technology1.com/__data/assets/pdf_file/0015/117222/TNE-NGC-Charter-FY23.pdf
2026-02-12 12:52:36,770 - INFO - Downloading PDF: https://www.technology1.com/__data/assets/pdf_file/0008/281969/CourseLoop-Cyber-Essentials-Plus-Certificate-2025.pdf
2026-02-12 12:52:37,744 - ERROR - https://www.technology1.com/__data/assets/pdf_file/0008/281969/CourseLoop-Cyber-Essentials-Plus-Certificate-2025.pdf: Download failed: 403 Client Error: Forbidden for url: https://www.technology1.com/__data/assets/pdf_file/0008/281969/CourseLoop-Cyber-Essentials-Plus-Certificate-2025.pdf
2026-02-12 12:52:37,744 - INFO - Downloading PDF: https://www.technology1.com/__data/assets/pdf_file/0011/295229/TechnologyOne_AI-Policy.pdf
2026-02-12 12:52:38,712 - ERROR - https://www.technology1.com/__data/assets/pdf_file/0011/295229/TechnologyOne_AI-Policy.pdf: Download failed: 403 Client Error: Forbidden for url: https://www.technology1.com/__data/assets/pdf_file/0011/295229/TechnologyOne_AI-Policy.pdf
2026-02-12 12:52:38,712 - INFO - Downloading PDF: https://www.technology1.com/__data/assets/pdf_file/0008/247589/Gender-Pay-Gap-Statement_APRIL-24.pdf
2026-02-12 12:52:39,709 - ERROR - https://www.technology1.com/__data/assets/pdf_file/0008/247589/Gender-Pay-Gap-Statement_APRIL-24.pdf: Download failed: 403 Client Error: Forbidden for url: https://www.technology1.com/__data/assets/pdf_file/0008/247589/Gender-Pay-Gap-Statement_APRIL-24.pdf
2026-02-12 12:52:39,711 - INFO - Downloading PDF: https://www.technology1.com/__data/assets/pdf_file/0019/119503/TechnologyOne_2016_Notice_of_Annual_General_Meeting.pdf
2026-02-12 12:52:40,666 - ERROR - https://www.technology1.com/__data/assets/pdf_file/0019/119503/TechnologyOne_2016_Notice_of_Annual_General_Meeting.pdf: Download failed: 403 Client Error: Forbidden for url: https://www.technology1.com/__data/assets/pdf_file/0019/119503/TechnologyOne_2016_Notice_of_Annual_General_Meeting.pdf
2026-02-12 12:52:40,666 - INFO - Downloading PDF: https://www.technology1.com/__data/assets/pdf_file/0018/119502/2016-Half-Year-Report.pdf
2026-02-12 12:52:41,657 - ERROR - https://www.technology1.com/__data/assets/pdf_file/0018/119502/2016-Half-Year-Report.pdf: Download failed: 403 Client Error: Forbidden for url: https://www.technology1.com/__data/assets/pdf_file/0018/119502/2016-Half-Year-Report.pdf
2026-02-12 12:52:41,657 - INFO - Downloading PDF: https://www.technology1.com/__data/assets/pdf_file/0010/269695/TNE-NoM-and-Proxy-Form-FY24.pdf
2026-02-12 12:52:42,627 - ERROR - https://www.technology1.com/__data/assets/pdf_file/0010/269695/TNE-NoM-and-Proxy-Form-FY24.pdf: Download failed: 403 Client Error: Forbidden for url: https://www.technology1.com/__data/assets/pdf_file/0010/269695/TNE-NoM-and-Proxy-Form-FY24.pdf
2026-02-12 12:52:42,627 - INFO - Downloading PDF: https://www.technology1.com/__data/assets/pdf_file/0007/242674/TNE-FY23-AGM-Virtual-Meeting-Guide.pdf
2026-02-12 12:52:43,602 - ERROR - https://www.technology1.com/__data/assets/pdf_file/0007/242674/TNE-FY23-AGM-Virtual-Meeting-Guide.pdf: Download failed: 403 Client Error: Forbidden for url: https://www.technology1.com/__data/assets/pdf_file/0007/242674/TNE-FY23-AGM-Virtual-Meeting-Guide.pdf
2026-02-12 12:52:43,618 - INFO - Downloading PDF: https://www.technology1.com/__data/assets/pdf_file/0017/143216/TNE-Bribery-and-Corruption-Policy-2025-001.pdf
2026-02-12 12:52:44,605 - ERROR - https://www.technology1.com/__data/assets/pdf_file/0017/143216/TNE-Bribery-and-Corruption-Policy-2025-001.pdf: Download failed: 403 Client Error: Forbidden for url: https://www.technology1.com/__data/assets/pdf_file/0017/143216/TNE-Bribery-and-Corruption-Policy-2025-001.pdf
2026-02-12 12:52:44,605 - INFO - Downloading PDF: https://www.technology1.com/__data/assets/pdf_file/0016/130705/TNE-FY20-Results-Presentation.pdf
2026-02-12 12:52:45,711 - ERROR - https://www.technology1.com/__data/assets/pdf_file/0016/130705/TNE-FY20-Results-Presentation.pdf: Download failed: 403 Client Error: Forbidden for url: https://www.technology1.com/__data/assets/pdf_file/0016/130705/TNE-FY20-Results-Presentation.pdf
2026-02-12 12:52:45,711 - INFO - Downloading PDF: https://www.technology1.com/__data/assets/pdf_file/0006/278313/Half-Year-Results-Report-and-Appendix-4D.pdf
2026-02-12 12:52:46,689 - ERROR - https://www.technology1.com/__data/assets/pdf_file/0006/278313/Half-Year-Results-Report-and-Appendix-4D.pdf: Download failed: 403 Client Error: Forbidden for url: https://www.technology1.com/__data/assets/pdf_file/0006/278313/Half-Year-Results-Report-and-Appendix-4D.pdf
2026-02-12 12:52:46,689 - INFO - Downloading PDF: https://www.technology1.com/__data/assets/pdf_file/0007/268801/2024-Annual-Report-TechnologyOne.pdf
2026-02-12 12:52:47,676 - ERROR - https://www.technology1.com/__data/assets/pdf_file/0007/268801/2024-Annual-Report-TechnologyOne.pdf: Download failed: 403 Client Error: Forbidden for url: https://www.technology1.com/__data/assets/pdf_file/0007/268801/2024-Annual-Report-TechnologyOne.pdf
2026-02-12 12:52:47,676 - INFO - Downloading PDF: https://www.technology1.com/__data/assets/pdf_file/0018/143532/FY20-Annual-General-Meeting-Notice-of-Meeting.pdf
2026-02-12 12:52:48,647 - ERROR - https://www.technology1.com/__data/assets/pdf_file/0018/143532/FY20-Annual-General-Meeting-Notice-of-Meeting.pdf: Download failed: 403 Client Error: Forbidden for url: https://www.technology1.com/__data/assets/pdf_file/0018/143532/FY20-Annual-General-Meeting-Notice-of-Meeting.pdf
2026-02-12 12:52:48,647 - INFO - Downloading PDF: https://www.technology1.com/__data/assets/pdf_file/0016/143224/FY20-Annual-Report.pdf
2026-02-12 12:52:49,646 - ERROR - https://www.technology1.com/__data/assets/pdf_file/0016/143224/FY20-Annual-Report.pdf: Download failed: 403 Client Error: Forbidden for url: https://www.technology1.com/__data/assets/pdf_file/0016/143224/FY20-Annual-Report.pdf
2026-02-12 12:52:49,648 - INFO - Downloading PDF: https://www.technology1.com/__data/assets/pdf_file/0017/119501/Technology-One_2016_Full-Year-Results-Chairmans-Presentation.pdf
2026-02-12 12:52:50,600 - ERROR - https://www.technology1.com/__data/assets/pdf_file/0017/119501/Technology-One_2016_Full-Year-Results-Chairmans-Presentation.pdf: Download failed: 403 Client Error: Forbidden for url: https://www.technology1.com/__data/assets/pdf_file/0017/119501/Technology-One_2016_Full-Year-Results-Chairmans-Presentation.pdf
2026-02-12 12:52:50,600 - INFO - Downloading PDF: https://www.technology1.com/__data/assets/pdf_file/0018/251172/2.-TNE-H1-FY24-App4D-Half-Year-Financial-Report.pdf
2026-02-12 12:52:51,585 - ERROR - https://www.technology1.com/__data/assets/pdf_file/0018/251172/2.-TNE-H1-FY24-App4D-Half-Year-Financial-Report.pdf: Download failed: 403 Client Error: Forbidden for url: https://www.technology1.com/__data/assets/pdf_file/0018/251172/2.-TNE-H1-FY24-App4D-Half-Year-Financial-Report.pdf
2026-02-12 12:52:51,585 - INFO - Downloading PDF: https://www.technology1.com/__data/assets/pdf_file/0011/300008/TechnologyOne-FY25-Appendix-4E.pdf
2026-02-12 12:52:52,577 - ERROR - https://www.technology1.com/__data/assets/pdf_file/0011/300008/TechnologyOne-FY25-Appendix-4E.pdf: Download failed: 403 Client Error: Forbidden for url: https://www.technology1.com/__data/assets/pdf_file/0011/300008/TechnologyOne-FY25-Appendix-4E.pdf
2026-02-12 12:52:52,577 - INFO - Downloading PDF: https://www.technology1.com/__data/assets/pdf_file/0005/193874/TechnologyOne-FY22-Half-Year-Results-Announcement.pdf
2026-02-12 12:52:53,549 - ERROR - https://www.technology1.com/__data/assets/pdf_file/0005/193874/TechnologyOne-FY22-Half-Year-Results-Announcement.pdf: Download failed: 403 Client Error: Forbidden for url: https://www.technology1.com/__data/assets/pdf_file/0005/193874/TechnologyOne-FY22-Half-Year-Results-Announcement.pdf
2026-02-12 12:52:53,549 - INFO - Downloading PDF: https://www.technology1.com/__data/assets/pdf_file/0008/295316/Full-Year-Results-Presentation-2025-TechnologyOne.pdf
2026-02-12 12:52:54,521 - ERROR - https://www.technology1.com/__data/assets/pdf_file/0008/295316/Full-Year-Results-Presentation-2025-TechnologyOne.pdf: Download failed: 403 Client Error: Forbidden for url: https://www.technology1.com/__data/assets/pdf_file/0008/295316/Full-Year-Results-Presentation-2025-TechnologyOne.pdf
2026-02-12 12:52:54,521 - INFO - Downloading PDF: https://www.technology1.com/__data/assets/pdf_file/0018/117234/Diversity-Policy-TechnologyOne.pdf
2026-02-12 12:52:55,493 - ERROR - https://www.technology1.com/__data/assets/pdf_file/0018/117234/Diversity-Policy-TechnologyOne.pdf: Download failed: 403 Client Error: Forbidden for url: https://www.technology1.com/__data/assets/pdf_file/0018/117234/Diversity-Policy-TechnologyOne.pdf
2026-02-12 12:52:55,509 - INFO - Downloading PDF: https://www.technology1.com/__data/assets/pdf_file/0018/117225/TNE-Board-Charter-FY23.pdf
2026-02-12 12:52:56,484 - ERROR - https://www.technology1.com/__data/assets/pdf_file/0018/117225/TNE-Board-Charter-FY23.pdf: Download failed: 403 Client Error: Forbidden for url: https://www.technology1.com/__data/assets/pdf_file/0018/117225/TNE-Board-Charter-FY23.pdf
2026-02-12 12:52:56,484 - INFO - Downloading PDF: https://www.technology1.com/__data/assets/pdf_file/0004/300010/TechnologyOne-Annual-Report-2025.pdf
2026-02-12 12:52:57,472 - ERROR - https://www.technology1.com/__data/assets/pdf_file/0004/300010/TechnologyOne-Annual-Report-2025.pdf: Download failed: 403 Client Error: Forbidden for url: https://www.technology1.com/__data/assets/pdf_file/0004/300010/TechnologyOne-Annual-Report-2025.pdf
2026-02-12 12:52:57,472 - INFO - Downloading PDF: https://www.technology1.com/__data/assets/pdf_file/0019/130708/TNE-H1-FY20-Half-Year-Results-Release.pdf
2026-02-12 12:52:58,443 - ERROR - https://www.technology1.com/__data/assets/pdf_file/0019/130708/TNE-H1-FY20-Half-Year-Results-Release.pdf: Download failed: 403 Client Error: Forbidden for url: https://www.technology1.com/__data/assets/pdf_file/0019/130708/TNE-H1-FY20-Half-Year-Results-Release.pdf
2026-02-12 12:52:58,443 - INFO - Downloading PDF: https://www.technology1.com/__data/assets/pdf_file/0010/119494/TechnologyOne-2017-Half-Year-Results-Presentation.pdf
2026-02-12 12:52:59,422 - ERROR - https://www.technology1.com/__data/assets/pdf_file/0010/119494/TechnologyOne-2017-Half-Year-Results-Presentation.pdf: Download failed: 403 Client Error: Forbidden for url: https://www.technology1.com/__data/assets/pdf_file/0010/119494/TechnologyOne-2017-Half-Year-Results-Presentation.pdf
2026-02-12 12:52:59,422 - INFO - Downloading PDF: https://www.technology1.com/__data/assets/pdf_file/0020/215066/TNE-rTSR-Methodology.pdf
2026-02-12 12:53:00,389 - ERROR - https://www.technology1.com/__data/assets/pdf_file/0020/215066/TNE-rTSR-Methodology.pdf: Download failed: 403 Client Error: Forbidden for url: https://www.technology1.com/__data/assets/pdf_file/0020/215066/TNE-rTSR-Methodology.pdf
2026-02-12 12:53:00,389 - INFO - Downloading PDF: https://www.technology1.com/__data/assets/pdf_file/0009/267822/FY24-ASX-Results-Release.pdf
2026-02-12 12:53:01,377 - ERROR - https://www.technology1.com/__data/assets/pdf_file/0009/267822/FY24-ASX-Results-Release.pdf: Download failed: 403 Client Error: Forbidden for url: https://www.technology1.com/__data/assets/pdf_file/0009/267822/FY24-ASX-Results-Release.pdf
2026-02-12 12:53:01,381 - INFO - Downloading PDF: https://www.technology1.com/__data/assets/pdf_file/0009/278307/Half-Year-Results-ASX-Announcement-2025-TechnologyOne.pdf
2026-02-12 12:53:02,368 - ERROR - https://www.technology1.com/__data/assets/pdf_file/0009/278307/Half-Year-Results-ASX-Announcement-2025-TechnologyOne.pdf: Download failed: 403 Client Error: Forbidden for url: https://www.technology1.com/__data/assets/pdf_file/0009/278307/Half-Year-Results-ASX-Announcement-2025-TechnologyOne.pdf
2026-02-12 12:53:02,368 - INFO - Downloading PDF: https://www.technology1.com/__data/assets/pdf_file/0006/119499/TechnologyOne_2017_AnnualReport.pdf
2026-02-12 12:53:03,346 - ERROR - https://www.technology1.com/__data/assets/pdf_file/0006/119499/TechnologyOne_2017_AnnualReport.pdf: Download failed: 403 Client Error: Forbidden for url: https://www.technology1.com/__data/assets/pdf_file/0006/119499/TechnologyOne_2017_AnnualReport.pdf
2026-02-12 12:53:03,346 - INFO - Downloading PDF: https://www.technology1.com/__data/assets/pdf_file/0010/156592/Cyber-Essentials-Plus-Certificate-2025.pdf
2026-02-12 12:53:04,321 - ERROR - https://www.technology1.com/__data/assets/pdf_file/0010/156592/Cyber-Essentials-Plus-Certificate-2025.pdf: Download failed: 403 Client Error: Forbidden for url: https://www.technology1.com/__data/assets/pdf_file/0010/156592/Cyber-Essentials-Plus-Certificate-2025.pdf
2026-02-12 12:53:04,321 - INFO - Downloading PDF: https://www.technology1.com/__data/assets/pdf_file/0008/119483/3.-TNE-H1-2019-Results-Presentation.pdf
2026-02-12 12:53:05,302 - ERROR - https://www.technology1.com/__data/assets/pdf_file/0008/119483/3.-TNE-H1-2019-Results-Presentation.pdf: Download failed: 403 Client Error: Forbidden for url: https://www.technology1.com/__data/assets/pdf_file/0008/119483/3.-TNE-H1-2019-Results-Presentation.pdf
2026-02-12 12:53:05,302 - INFO - Downloading PDF: https://www.technology1.com/__data/assets/pdf_file/0007/238543/FY23-full-year-results-presentation.pdf
2026-02-12 12:53:06,346 - ERROR - https://www.technology1.com/__data/assets/pdf_file/0007/238543/FY23-full-year-results-presentation.pdf: Download failed: 403 Client Error: Forbidden for url: https://www.technology1.com/__data/assets/pdf_file/0007/238543/FY23-full-year-results-presentation.pdf
2026-02-12 12:53:06,346 - INFO - Downloading PDF: https://www.technology1.com/__data/assets/pdf_file/0015/223602/TNE-2023-Half-Year-Results-Presentation.pdf
2026-02-12 12:53:07,345 - ERROR - https://www.technology1.com/__data/assets/pdf_file/0015/223602/TNE-2023-Half-Year-Results-Presentation.pdf: Download failed: 403 Client Error: Forbidden for url: https://www.technology1.com/__data/assets/pdf_file/0015/223602/TNE-2023-Half-Year-Results-Presentation.pdf
2026-02-12 12:53:07,345 - INFO - Downloading PDF: https://www.technology1.com/__data/assets/pdf_file/0012/212520/TechnologyOne-2022-Full-Year-Results-Announcement.pdf
2026-02-12 12:53:08,327 - ERROR - https://www.technology1.com/__data/assets/pdf_file/0012/212520/TechnologyOne-2022-Full-Year-Results-Announcement.pdf: Download failed: 403 Client Error: Forbidden for url: https://www.technology1.com/__data/assets/pdf_file/0012/212520/TechnologyOne-2022-Full-Year-Results-Announcement.pdf
2026-02-12 12:53:08,327 - INFO - Downloading PDF: https://www.technology1.com/_media/documents/pdf/legal/Event-Terms-and-Conditions.pdf
2026-02-12 12:53:09,303 - ERROR - https://www.technology1.com/_media/documents/pdf/legal/Event-Terms-and-Conditions.pdf: Download failed: 403 Client Error: Forbidden for url: https://www.technology1.com/_media/documents/pdf/legal/Event-Terms-and-Conditions.pdf
2026-02-12 12:53:09,303 - INFO - Downloading PDF: https://www.technology1.com/__data/assets/pdf_file/0019/150580/FY21-Half-Year-Results-Presentation.pdf
2026-02-12 12:53:10,270 - ERROR - https://www.technology1.com/__data/assets/pdf_file/0019/150580/FY21-Half-Year-Results-Presentation.pdf: Download failed: 403 Client Error: Forbidden for url: https://www.technology1.com/__data/assets/pdf_file/0019/150580/FY21-Half-Year-Results-Presentation.pdf
2026-02-12 12:53:10,286 - INFO - Downloading PDF: https://www.technology1.com/__data/assets/pdf_file/0015/117231/TNE-Share-Trading-Policy-Blackout-Periods-FY25-006.pdf
2026-02-12 12:53:11,259 - ERROR - https://www.technology1.com/__data/assets/pdf_file/0015/117231/TNE-Share-Trading-Policy-Blackout-Periods-FY25-006.pdf: Download failed: 403 Client Error: Forbidden for url: https://www.technology1.com/__data/assets/pdf_file/0015/117231/TNE-Share-Trading-Policy-Blackout-Periods-FY25-006.pdf
2026-02-12 12:53:11,259 - INFO - Downloading PDF: https://www.technology1.com/__data/assets/pdf_file/0003/119487/FY19-Annual-Report.pdf
2026-02-12 12:53:12,229 - ERROR - https://www.technology1.com/__data/assets/pdf_file/0003/119487/FY19-Annual-Report.pdf: Download failed: 403 Client Error: Forbidden for url: https://www.technology1.com/__data/assets/pdf_file/0003/119487/FY19-Annual-Report.pdf
2026-02-12 12:53:12,229 - INFO - Downloading PDF: https://www.technology1.com/__data/assets/pdf_file/0019/240355/2023-Annual-Report.pdf
2026-02-12 12:53:13,221 - ERROR - https://www.technology1.com/__data/assets/pdf_file/0019/240355/2023-Annual-Report.pdf: Download failed: 403 Client Error: Forbidden for url: https://www.technology1.com/__data/assets/pdf_file/0019/240355/2023-Annual-Report.pdf
2026-02-12 12:53:13,221 - INFO - Downloading PDF: https://www.technology1.com/__data/assets/pdf_file/0009/119484/20190521-TNE-H1-2019-ASX-Results-Release-Final.pdf
2026-02-12 12:53:14,236 - ERROR - https://www.technology1.com/__data/assets/pdf_file/0009/119484/20190521-TNE-H1-2019-ASX-Results-Release-Final.pdf: Download failed: 403 Client Error: Forbidden for url: https://www.technology1.com/__data/assets/pdf_file/0009/119484/20190521-TNE-H1-2019-ASX-Results-Release-Final.pdf
2026-02-12 12:53:14,236 - INFO - Downloading PDF: https://www.technology1.com/__data/assets/pdf_file/0004/119497/TechnologyOne_2017_Notice_Of_Meeting_Annual_General_Meeting.pdf
2026-02-12 12:53:16,110 - ERROR - https://www.technology1.com/__data/assets/pdf_file/0004/119497/TechnologyOne_2017_Notice_Of_Meeting_Annual_General_Meeting.pdf: Download failed: 403 Client Error: Forbidden for url: https://www.technology1.com/__data/assets/pdf_file/0004/119497/TechnologyOne_2017_Notice_Of_Meeting_Annual_General_Meeting.pdf
2026-02-12 12:53:16,112 - INFO - Downloading PDF: https://www.technology1.com/__data/assets/pdf_file/0006/281985/CourseLoop-Cyber-Essentials-Certificate-2025.pdf
2026-02-12 12:53:18,144 - ERROR - https://www.technology1.com/__data/assets/pdf_file/0006/281985/CourseLoop-Cyber-Essentials-Certificate-2025.pdf: Download failed: 403 Client Error: Forbidden for url: https://www.technology1.com/__data/assets/pdf_file/0006/281985/CourseLoop-Cyber-Essentials-Certificate-2025.pdf
2026-02-12 12:53:18,144 - INFO - Downloading PDF: https://www.technology1.com/__data/assets/pdf_file/0016/117232/TNE-Continuous-Disclosure-Policy-2025.pdf
2026-02-12 12:53:19,611 - ERROR - https://www.technology1.com/__data/assets/pdf_file/0016/117232/TNE-Continuous-Disclosure-Policy-2025.pdf: Download failed: 403 Client Error: Forbidden for url: https://www.technology1.com/__data/assets/pdf_file/0016/117232/TNE-Continuous-Disclosure-Policy-2025.pdf
2026-02-12 12:53:19,612 - INFO - Downloading PDF: https://www.technology1.com/__data/assets/pdf_file/0004/193873/TechnologyOne-FY22-Half-Year-Results-Presentation.pdf
2026-02-12 12:53:21,521 - ERROR - https://www.technology1.com/__data/assets/pdf_file/0004/193873/TechnologyOne-FY22-Half-Year-Results-Presentation.pdf: Download failed: 403 Client Error: Forbidden for url: https://www.technology1.com/__data/assets/pdf_file/0004/193873/TechnologyOne-FY22-Half-Year-Results-Presentation.pdf
2026-02-12 12:53:21,521 - INFO - Downloading PDF: https://www.technology1.com/__data/assets/pdf_file/0008/119852/TNE-Whistleblower-Policy-Statement.pdf
2026-02-12 12:53:23,724 - ERROR - https://www.technology1.com/__data/assets/pdf_file/0008/119852/TNE-Whistleblower-Policy-Statement.pdf: Download failed: 403 Client Error: Forbidden for url: https://www.technology1.com/__data/assets/pdf_file/0008/119852/TNE-Whistleblower-Policy-Statement.pdf
2026-02-12 12:53:23,724 - INFO - Downloading PDF: https://www.technology1.com/__data/assets/pdf_file/0008/136682/ISO27018.pdf
2026-02-12 12:53:25,634 - ERROR - https://www.technology1.com/__data/assets/pdf_file/0008/136682/ISO27018.pdf: Download failed: 403 Client Error: Forbidden for url: https://www.technology1.com/__data/assets/pdf_file/0008/136682/ISO27018.pdf
2026-02-12 12:53:25,634 - INFO - Downloading PDF: https://www.technology1.com/__data/assets/pdf_file/0011/269696/2025_TNE-VM-Online-Guide.pdf
2026-02-12 12:53:27,630 - ERROR - https://www.technology1.com/__data/assets/pdf_file/0011/269696/2025_TNE-VM-Online-Guide.pdf: Download failed: 403 Client Error: Forbidden for url: https://www.technology1.com/__data/assets/pdf_file/0011/269696/2025_TNE-VM-Online-Guide.pdf
2026-02-12 12:53:27,630 - INFO - Downloading PDF: https://www.technology1.com/__data/assets/pdf_file/0016/117223/TNE-REM-Ctee-Charter-FY23.pdf
2026-02-12 12:53:28,970 - ERROR - https://www.technology1.com/__data/assets/pdf_file/0016/117223/TNE-REM-Ctee-Charter-FY23.pdf: Download failed: 403 Client Error: Forbidden for url: https://www.technology1.com/__data/assets/pdf_file/0016/117223/TNE-REM-Ctee-Charter-FY23.pdf
2026-02-12 12:53:28,982 - INFO - Downloading PDF: https://www.technology1.com/__data/assets/pdf_file/0005/215456/230222-TNE-Omnibus-Incentive-Plan-v05-FINAL-Cln.pdf
2026-02-12 12:53:31,196 - ERROR - https://www.technology1.com/__data/assets/pdf_file/0005/215456/230222-TNE-Omnibus-Incentive-Plan-v05-FINAL-Cln.pdf: Download failed: 403 Client Error: Forbidden for url: https://www.technology1.com/__data/assets/pdf_file/0005/215456/230222-TNE-Omnibus-Incentive-Plan-v05-FINAL-Cln.pdf
2026-02-12 12:53:31,196 - INFO - Downloading PDF: https://www.technology1.com/__data/assets/pdf_file/0004/215455/2022-Annual-General-Meeting-Notice-of-Meeting-TechnologyOne.pdf
2026-02-12 12:53:32,930 - ERROR - https://www.technology1.com/__data/assets/pdf_file/0004/215455/2022-Annual-General-Meeting-Notice-of-Meeting-TechnologyOne.pdf: Download failed: 403 Client Error: Forbidden for url: https://www.technology1.com/__data/assets/pdf_file/0004/215455/2022-Annual-General-Meeting-Notice-of-Meeting-TechnologyOne.pdf
2026-02-12 12:53:32,930 - INFO - Downloading PDF: https://www.technology1.com/__data/assets/pdf_file/0008/119492/2018-Annual-General-Meeting-Notice-of-Meeting.pdf
2026-02-12 12:53:34,876 - ERROR - https://www.technology1.com/__data/assets/pdf_file/0008/119492/2018-Annual-General-Meeting-Notice-of-Meeting.pdf: Download failed: 403 Client Error: Forbidden for url: https://www.technology1.com/__data/assets/pdf_file/0008/119492/2018-Annual-General-Meeting-Notice-of-Meeting.pdf
2026-02-12 12:53:34,876 - INFO - Downloading PDF: https://www.technology1.com/__data/assets/pdf_file/0003/119505/TechnologyOne_2016_AnnualReport.pdf
2026-02-12 12:53:36,849 - ERROR - https://www.technology1.com/__data/assets/pdf_file/0003/119505/TechnologyOne_2016_AnnualReport.pdf: Download failed: 403 Client Error: Forbidden for url: https://www.technology1.com/__data/assets/pdf_file/0003/119505/TechnologyOne_2016_AnnualReport.pdf
2026-02-12 12:53:36,849 - INFO - Downloading PDF: https://www.technology1.com/__data/assets/pdf_file/0004/119488/2018-Half-Year-Presentation.pdf
2026-02-12 12:53:39,173 - ERROR - https://www.technology1.com/__data/assets/pdf_file/0004/119488/2018-Half-Year-Presentation.pdf: Download failed: 403 Client Error: Forbidden for url: https://www.technology1.com/__data/assets/pdf_file/0004/119488/2018-Half-Year-Presentation.pdf
2026-02-12 12:53:39,173 - INFO - Downloading PDF: https://www.technology1.com/__data/assets/pdf_file/0006/119508/CORP_Half-Year-Report_2015_LR.pdf
2026-02-12 12:53:41,007 - ERROR - https://www.technology1.com/__data/assets/pdf_file/0006/119508/CORP_Half-Year-Report_2015_LR.pdf: Download failed: 403 Client Error: Forbidden for url: https://www.technology1.com/__data/assets/pdf_file/0006/119508/CORP_Half-Year-Report_2015_LR.pdf
2026-02-12 12:53:41,007 - INFO - Downloading PDF: https://www.technology1.com/__data/assets/pdf_file/0011/273926/FY24_AGM-MASTER-SLIDES-ASX.pdf
2026-02-12 12:53:43,011 - ERROR - https://www.technology1.com/__data/assets/pdf_file/0011/273926/FY24_AGM-MASTER-SLIDES-ASX.pdf: Download failed: 403 Client Error: Forbidden for url: https://www.technology1.com/__data/assets/pdf_file/0011/273926/FY24_AGM-MASTER-SLIDES-ASX.pdf
2026-02-12 12:53:43,011 - INFO - Downloading PDF: https://www.technology1.com/__data/assets/pdf_file/0012/269859/TNE-Proposed-Constitution-FY24.pdf
2026-02-12 12:53:44,543 - ERROR - https://www.technology1.com/__data/assets/pdf_file/0012/269859/TNE-Proposed-Constitution-FY24.pdf: Download failed: 403 Client Error: Forbidden for url: https://www.technology1.com/__data/assets/pdf_file/0012/269859/TNE-Proposed-Constitution-FY24.pdf
2026-02-12 12:53:44,543 - INFO - Downloading PDF: https://www.technology1.com/__data/assets/pdf_file/0007/301201/TNE-2025-AGM-Virtual-Meeting-Guide.pdf
2026-02-12 12:53:46,138 - ERROR - https://www.technology1.com/__data/assets/pdf_file/0007/301201/TNE-2025-AGM-Virtual-Meeting-Guide.pdf: Download failed: 403 Client Error: Forbidden for url: https://www.technology1.com/__data/assets/pdf_file/0007/301201/TNE-2025-AGM-Virtual-Meeting-Guide.pdf
2026-02-12 12:53:46,138 - INFO - Downloading PDF: https://www.technology1.com/__data/assets/pdf_file/0017/181304/FY21-Annual-Report.pdf
2026-02-12 12:53:48,243 - ERROR - https://www.technology1.com/__data/assets/pdf_file/0017/181304/FY21-Annual-Report.pdf: Download failed: 403 Client Error: Forbidden for url: https://www.technology1.com/__data/assets/pdf_file/0017/181304/FY21-Annual-Report.pdf
2026-02-12 12:53:48,243 - INFO - Downloading PDF: https://www.technology1.com/__data/assets/pdf_file/0017/130391/TNE-Modern-Slavery-Policy-2025.pdf
2026-02-12 12:53:49,803 - ERROR - https://www.technology1.com/__data/assets/pdf_file/0017/130391/TNE-Modern-Slavery-Policy-2025.pdf: Download failed: 403 Client Error: Forbidden for url: https://www.technology1.com/__data/assets/pdf_file/0017/130391/TNE-Modern-Slavery-Policy-2025.pdf
2026-02-12 12:53:49,803 - INFO - Downloading PDF: https://www.technology1.com/__data/assets/pdf_file/0007/119509/TechnologyOne-2015-Notice-of-Meeting.pdf
2026-02-12 12:53:51,557 - ERROR - https://www.technology1.com/__data/assets/pdf_file/0007/119509/TechnologyOne-2015-Notice-of-Meeting.pdf: Download failed: 403 Client Error: Forbidden for url: https://www.technology1.com/__data/assets/pdf_file/0007/119509/TechnologyOne-2015-Notice-of-Meeting.pdf
2026-02-12 12:53:51,557 - INFO - Downloading PDF: https://www.technology1.com/__data/assets/pdf_file/0007/164293/FY21-Full-Year-Results-announcement.pdf
2026-02-12 12:53:53,381 - ERROR - https://www.technology1.com/__data/assets/pdf_file/0007/164293/FY21-Full-Year-Results-announcement.pdf: Download failed: 403 Client Error: Forbidden for url: https://www.technology1.com/__data/assets/pdf_file/0007/164293/FY21-Full-Year-Results-announcement.pdf
2026-02-12 12:53:53,381 - INFO - Downloading PDF: https://www.technology1.com/__data/assets/pdf_file/0018/130392/Technology_One_Limited_Constitution.pdf
2026-02-12 12:53:54,444 - ERROR - https://www.technology1.com/__data/assets/pdf_file/0018/130392/Technology_One_Limited_Constitution.pdf: Download failed: 403 Client Error: Forbidden for url: https://www.technology1.com/__data/assets/pdf_file/0018/130392/Technology_One_Limited_Constitution.pdf
2026-02-12 12:53:54,444 - INFO - Downloading PDF: https://www.technology1.com/__data/assets/pdf_file/0006/119490/2018-TNE-IFRS-Presentation.pdf
2026-02-12 12:53:55,417 - ERROR - https://www.technology1.com/__data/assets/pdf_file/0006/119490/2018-TNE-IFRS-Presentation.pdf: Download failed: 403 Client Error: Forbidden for url: https://www.technology1.com/__data/assets/pdf_file/0006/119490/2018-TNE-IFRS-Presentation.pdf
2026-02-12 12:53:55,417 - INFO - Downloading PDF: https://www.technology1.com/__data/assets/pdf_file/0005/278312/Half-Year-Results-Presentation-2025-TechnologyOne.pdf
2026-02-12 12:53:56,402 - ERROR - https://www.technology1.com/__data/assets/pdf_file/0005/278312/Half-Year-Results-Presentation-2025-TechnologyOne.pdf: Download failed: 403 Client Error: Forbidden for url: https://www.technology1.com/__data/assets/pdf_file/0005/278312/Half-Year-Results-Presentation-2025-TechnologyOne.pdf
2026-02-12 12:53:56,402 - INFO - Downloading PDF: https://www.technology1.com/__data/assets/pdf_file/0009/150579/FY21-Half-Year-Results-Announcement.pdf
2026-02-12 12:53:57,375 - ERROR - https://www.technology1.com/__data/assets/pdf_file/0009/150579/FY21-Half-Year-Results-Announcement.pdf: Download failed: 403 Client Error: Forbidden for url: https://www.technology1.com/__data/assets/pdf_file/0009/150579/FY21-Half-Year-Results-Announcement.pdf
2026-02-12 12:53:57,375 - INFO - Downloading PDF: https://www.technology1.com/__data/assets/pdf_file/0011/119486/191119-TNE-FY2019-Results-Release-Final.pdf
2026-02-12 12:53:58,370 - ERROR - https://www.technology1.com/__data/assets/pdf_file/0011/119486/191119-TNE-FY2019-Results-Release-Final.pdf: Download failed: 403 Client Error: Forbidden for url: https://www.technology1.com/__data/assets/pdf_file/0011/119486/191119-TNE-FY2019-Results-Release-Final.pdf
2026-02-12 12:53:58,374 - INFO - Downloading PDF: https://www.technology1.com/__data/assets/pdf_file/0004/119506/TechnologyOne-2015-Full-Year-Results-presentation.pdf
2026-02-12 12:53:59,355 - ERROR - https://www.technology1.com/__data/assets/pdf_file/0004/119506/TechnologyOne-2015-Full-Year-Results-presentation.pdf: Download failed: 403 Client Error: Forbidden for url: https://www.technology1.com/__data/assets/pdf_file/0004/119506/TechnologyOne-2015-Full-Year-Results-presentation.pdf
2026-02-12 12:53:59,355 - INFO - Downloading PDF: https://www.technology1.com/__data/assets/pdf_file/0006/238542/2023-FY-ASX-Announcement.pdf
2026-02-12 12:54:00,339 - ERROR - https://www.technology1.com/__data/assets/pdf_file/0006/238542/2023-FY-ASX-Announcement.pdf: Download failed: 403 Client Error: Forbidden for url: https://www.technology1.com/__data/assets/pdf_file/0006/238542/2023-FY-ASX-Announcement.pdf
2026-02-12 12:54:00,339 - INFO - Downloading PDF: https://www.technology1.com/__data/assets/pdf_file/0018/206190/WGEA-Public-Report-Employee-Data-Tables.pdf
2026-02-12 12:54:01,322 - ERROR - https://www.technology1.com/__data/assets/pdf_file/0018/206190/WGEA-Public-Report-Employee-Data-Tables.pdf: Download failed: 403 Client Error: Forbidden for url: https://www.technology1.com/__data/assets/pdf_file/0018/206190/WGEA-Public-Report-Employee-Data-Tables.pdf
2026-02-12 12:54:01,322 - INFO - Downloading PDF: https://www.technology1.com/__data/assets/pdf_file/0004/142294/Sustainability-Report-FY25.pdf
2026-02-12 12:54:02,305 - ERROR - https://www.technology1.com/__data/assets/pdf_file/0004/142294/Sustainability-Report-FY25.pdf: Download failed: 403 Client Error: Forbidden for url: https://www.technology1.com/__data/assets/pdf_file/0004/142294/Sustainability-Report-FY25.pdf
2026-02-12 12:54:02,305 - INFO - Downloading PDF: https://www.technology1.com/__data/assets/pdf_file/0009/295317/TNE-FY25-Results-Release-ASX.pdf
2026-02-12 12:54:03,284 - ERROR - https://www.technology1.com/__data/assets/pdf_file/0009/295317/TNE-FY25-Results-Release-ASX.pdf: Download failed: 403 Client Error: Forbidden for url: https://www.technology1.com/__data/assets/pdf_file/0009/295317/TNE-FY25-Results-Release-ASX.pdf
2026-02-12 12:54:03,284 - INFO - Downloading PDF: https://www.technology1.com/__data/assets/pdf_file/0005/119498/2017-12-17-AGM-Presn.031-tues-morn-FINAL-5.0am.pdf
2026-02-12 12:54:04,256 - ERROR - https://www.technology1.com/__data/assets/pdf_file/0005/119498/2017-12-17-AGM-Presn.031-tues-morn-FINAL-5.0am.pdf: Download failed: 403 Client Error: Forbidden for url: https://www.technology1.com/__data/assets/pdf_file/0005/119498/2017-12-17-AGM-Presn.031-tues-morn-FINAL-5.0am.pdf
2026-02-12 12:54:04,256 - INFO - Downloading PDF: https://www.technology1.com/__data/assets/pdf_file/0017/119510/TechnologyOne-AGM-Presentation.pdf
2026-02-12 12:54:05,258 - ERROR - https://www.technology1.com/__data/assets/pdf_file/0017/119510/TechnologyOne-AGM-Presentation.pdf: Download failed: 403 Client Error: Forbidden for url: https://www.technology1.com/__data/assets/pdf_file/0017/119510/TechnologyOne-AGM-Presentation.pdf
2026-02-12 12:54:05,258 - INFO - Downloading PDF: https://www.technology1.com/__data/assets/pdf_file/0020/206192/WGEA-Public-Report-Questionnaire.pdf
2026-02-12 12:54:06,239 - ERROR - https://www.technology1.com/__data/assets/pdf_file/0020/206192/WGEA-Public-Report-Questionnaire.pdf: Download failed: 403 Client Error: Forbidden for url: https://www.technology1.com/__data/assets/pdf_file/0020/206192/WGEA-Public-Report-Questionnaire.pdf
2026-02-12 12:54:06,239 - INFO - Downloading PDF: https://www.technology1.com/__data/assets/pdf_file/0019/130717/TNE-H1-FY20-Results-Presentation.pdf
2026-02-12 12:54:07,218 - ERROR - https://www.technology1.com/__data/assets/pdf_file/0019/130717/TNE-H1-FY20-Results-Presentation.pdf: Download failed: 403 Client Error: Forbidden for url: https://www.technology1.com/__data/assets/pdf_file/0019/130717/TNE-H1-FY20-Results-Presentation.pdf
2026-02-12 12:54:07,218 - INFO - Downloading PDF: https://www.technology1.com/__data/assets/pdf_file/0005/119489/2018-Half-Year-Report.pdf
2026-02-12 12:54:08,216 - ERROR - https://www.technology1.com/__data/assets/pdf_file/0005/119489/2018-Half-Year-Report.pdf: Download failed: 403 Client Error: Forbidden for url: https://www.technology1.com/__data/assets/pdf_file/0005/119489/2018-Half-Year-Report.pdf
2026-02-12 12:54:08,217 - INFO - Downloading PDF: https://www.technology1.com/__data/assets/pdf_file/0009/119493/2018-Annual-Report.pdf
2026-02-12 12:54:09,187 - ERROR - https://www.technology1.com/__data/assets/pdf_file/0009/119493/2018-Annual-Report.pdf: Download failed: 403 Client Error: Forbidden for url: https://www.technology1.com/__data/assets/pdf_file/0009/119493/2018-Annual-Report.pdf
2026-02-12 12:54:09,187 - INFO - Downloading PDF: https://www.technology1.com/__data/assets/pdf_file/0011/116588/TechnologyOne-Privacy-Policy.pdf
2026-02-12 12:54:10,159 - ERROR - https://www.technology1.com/__data/assets/pdf_file/0011/116588/TechnologyOne-Privacy-Policy.pdf: Download failed: 403 Client Error: Forbidden for url: https://www.technology1.com/__data/assets/pdf_file/0011/116588/TechnologyOne-Privacy-Policy.pdf
2026-02-12 12:54:10,159 - INFO - Downloading PDF: https://www.technology1.com/__data/assets/pdf_file/0010/119485/191119-TNE-FY19-Results-Roadshow.115.pdf
2026-02-12 12:54:11,149 - ERROR - https://www.technology1.com/__data/assets/pdf_file/0010/119485/191119-TNE-FY19-Results-Roadshow.115.pdf: Download failed: 403 Client Error: Forbidden for url: https://www.technology1.com/__data/assets/pdf_file/0010/119485/191119-TNE-FY19-Results-Roadshow.115.pdf
2026-02-12 12:54:11,149 - INFO - Downloading PDF: https://www.technology1.com/__data/assets/pdf_file/0009/156591/Cyber-Essentials-Certificate-2025.pdf
2026-02-12 12:54:12,137 - ERROR - https://www.technology1.com/__data/assets/pdf_file/0009/156591/Cyber-Essentials-Certificate-2025.pdf: Download failed: 403 Client Error: Forbidden for url: https://www.technology1.com/__data/assets/pdf_file/0009/156591/Cyber-Essentials-Certificate-2025.pdf
2026-02-12 12:54:12,137 - INFO - Downloading PDF: https://www.technology1.com/__data/assets/pdf_file/0006/301200/2025-AGM-Notice-of-Meeting-with-Proxy-Form.pdf
2026-02-12 12:54:13,117 - ERROR - https://www.technology1.com/__data/assets/pdf_file/0006/301200/2025-AGM-Notice-of-Meeting-with-Proxy-Form.pdf: Download failed: 403 Client Error: Forbidden for url: https://www.technology1.com/__data/assets/pdf_file/0006/301200/2025-AGM-Notice-of-Meeting-with-Proxy-Form.pdf
2026-02-12 12:54:13,117 - INFO - Downloading PDF: https://www.technology1.com/__data/assets/pdf_file/0006/215457/Virtual-Meeting-Online-Guide.pdf
2026-02-12 12:54:14,110 - ERROR - https://www.technology1.com/__data/assets/pdf_file/0006/215457/Virtual-Meeting-Online-Guide.pdf: Download failed: 403 Client Error: Forbidden for url: https://www.technology1.com/__data/assets/pdf_file/0006/215457/Virtual-Meeting-Online-Guide.pdf
2026-02-12 12:54:14,110 - INFO - Downloading PDF: https://www.technology1.com/__data/assets/pdf_file/0004/246757/TNE-Modern-Slavery-Statement-FY25.pdf
2026-02-12 12:54:15,082 - ERROR - https://www.technology1.com/__data/assets/pdf_file/0004/246757/TNE-Modern-Slavery-Statement-FY25.pdf: Download failed: 403 Client Error: Forbidden for url: https://www.technology1.com/__data/assets/pdf_file/0004/246757/TNE-Modern-Slavery-Statement-FY25.pdf
2026-02-12 12:54:15,082 - INFO - Downloading PDF: https://www.technology1.com/__data/assets/pdf_file/0019/251128/2024-Half-Year-Results-TechnologyOne.pdf
2026-02-12 12:54:16,077 - ERROR - https://www.technology1.com/__data/assets/pdf_file/0019/251128/2024-Half-Year-Results-TechnologyOne.pdf: Download failed: 403 Client Error: Forbidden for url: https://www.technology1.com/__data/assets/pdf_file/0019/251128/2024-Half-Year-Results-TechnologyOne.pdf
2026-02-12 12:54:16,094 - INFO - Downloading PDF: https://www.technology1.com/__data/assets/pdf_file/0016/181303/FY21-Notice-of-Meeting.pdf
2026-02-12 12:54:17,066 - ERROR - https://www.technology1.com/__data/assets/pdf_file/0016/181303/FY21-Notice-of-Meeting.pdf: Download failed: 403 Client Error: Forbidden for url: https://www.technology1.com/__data/assets/pdf_file/0016/181303/FY21-Notice-of-Meeting.pdf
2026-02-12 12:54:17,075 - INFO - Downloading PDF: https://www.technology1.com/__data/assets/pdf_file/0014/223601/TNE-Half-Year-Results-Announcement-2023.pdf
2026-02-12 12:54:18,054 - ERROR - https://www.technology1.com/__data/assets/pdf_file/0014/223601/TNE-Half-Year-Results-Announcement-2023.pdf: Download failed: 403 Client Error: Forbidden for url: https://www.technology1.com/__data/assets/pdf_file/0014/223601/TNE-Half-Year-Results-Announcement-2023.pdf
2026-02-12 12:54:18,060 - INFO - Downloading PDF: https://www.technology1.com/__data/assets/pdf_file/0006/164292/211123-3-TNE-FY21-Results-Presentation.pdf
2026-02-12 12:54:19,011 - ERROR - https://www.technology1.com/__data/assets/pdf_file/0006/164292/211123-3-TNE-FY21-Results-Presentation.pdf: Download failed: 403 Client Error: Forbidden for url: https://www.technology1.com/__data/assets/pdf_file/0006/164292/211123-3-TNE-FY21-Results-Presentation.pdf
2026-02-12 12:54:19,011 - INFO - Downloading PDF: https://www.technology1.com/__data/assets/pdf_file/0015/142071/TNE-FY20-Full-Year-Results-Release.pdf
2026-02-12 12:54:20,002 - ERROR - https://www.technology1.com/__data/assets/pdf_file/0015/142071/TNE-FY20-Full-Year-Results-Release.pdf: Download failed: 403 Client Error: Forbidden for url: https://www.technology1.com/__data/assets/pdf_file/0015/142071/TNE-FY20-Full-Year-Results-Release.pdf
2026-02-12 12:54:20,008 - INFO - Downloading PDF: https://www.technology1.com/__data/assets/pdf_file/0020/119504/TechnologyOne_2016_AGM_Presentation.pdf
2026-02-12 12:54:20,970 - ERROR - https://www.technology1.com/__data/assets/pdf_file/0020/119504/TechnologyOne_2016_AGM_Presentation.pdf: Download failed: 403 Client Error: Forbidden for url: https://www.technology1.com/__data/assets/pdf_file/0020/119504/TechnologyOne_2016_AGM_Presentation.pdf
2026-02-12 12:54:20,986 - INFO - Downloading PDF: https://www.technology1.com/__data/assets/pdf_file/0005/119507/2015-Half-Year-Results-Presentation.pdf
2026-02-12 12:54:22,020 - ERROR - https://www.technology1.com/__data/assets/pdf_file/0005/119507/2015-Half-Year-Results-Presentation.pdf: Download failed: 403 Client Error: Forbidden for url: https://www.technology1.com/__data/assets/pdf_file/0005/119507/2015-Half-Year-Results-Presentation.pdf
2026-02-12 12:54:22,020 - INFO - Downloading PDF: https://www.technology1.com/__data/assets/pdf_file/0020/142292/Corporate-Governance-Statement.pdf
2026-02-12 12:54:23,006 - ERROR - https://www.technology1.com/__data/assets/pdf_file/0020/142292/Corporate-Governance-Statement.pdf: Download failed: 403 Client Error: Forbidden for url: https://www.technology1.com/__data/assets/pdf_file/0020/142292/Corporate-Governance-Statement.pdf
2026-02-12 12:54:23,006 - INFO - Downloading PDF: https://www.technology1.com/__data/assets/pdf_file/0013/212521/TechnologyOne-2022-Full-Year-Results-Presentation.pdf
2026-02-12 12:54:23,978 - ERROR - https://www.technology1.com/__data/assets/pdf_file/0013/212521/TechnologyOne-2022-Full-Year-Results-Presentation.pdf: Download failed: 403 Client Error: Forbidden for url: https://www.technology1.com/__data/assets/pdf_file/0013/212521/TechnologyOne-2022-Full-Year-Results-Presentation.pdf
2026-02-12 12:54:23,978 - INFO - Downloading PDF: https://www.technology1.com/__data/assets/pdf_file/0007/136681/ISO27001.pdf
2026-02-12 12:54:24,950 - ERROR - https://www.technology1.com/__data/assets/pdf_file/0007/136681/ISO27001.pdf: Download failed: 403 Client Error: Forbidden for url: https://www.technology1.com/__data/assets/pdf_file/0007/136681/ISO27001.pdf
2026-02-12 12:54:24,950 - INFO - Downloading PDF: https://www.technology1.com/__data/assets/pdf_file/0011/242669/TNE-Notice-of-Meeting-and-Proxy-Form-FY23-AGM.pdf
2026-02-12 12:54:25,937 - ERROR - https://www.technology1.com/__data/assets/pdf_file/0011/242669/TNE-Notice-of-Meeting-and-Proxy-Form-FY23-AGM.pdf: Download failed: 403 Client Error: Forbidden for url: https://www.technology1.com/__data/assets/pdf_file/0011/242669/TNE-Notice-of-Meeting-and-Proxy-Form-FY23-AGM.pdf
2026-02-12 12:54:25,937 - INFO - Downloading PDF: https://www.technology1.com/__data/assets/pdf_file/0018/251127/2024-Half-Year-Results-ASX-Announcement-TechnologyOne.pdf
2026-02-12 12:54:26,926 - ERROR - https://www.technology1.com/__data/assets/pdf_file/0018/251127/2024-Half-Year-Results-ASX-Announcement-TechnologyOne.pdf: Download failed: 403 Client Error: Forbidden for url: https://www.technology1.com/__data/assets/pdf_file/0018/251127/2024-Half-Year-Results-ASX-Announcement-TechnologyOne.pdf
2026-02-12 12:54:26,926 - INFO - Downloading PDF: https://www.technology1.com/__data/assets/pdf_file/0003/119496/TechnologyOne-2017-Full-Year-Results-Presentation.pdf
2026-02-12 12:54:27,946 - ERROR - https://www.technology1.com/__data/assets/pdf_file/0003/119496/TechnologyOne-2017-Full-Year-Results-Presentation.pdf: Download failed: 403 Client Error: Forbidden for url: https://www.technology1.com/__data/assets/pdf_file/0003/119496/TechnologyOne-2017-Full-Year-Results-Presentation.pdf
2026-02-12 12:54:27,946 - INFO - Downloading PDF: https://www.technology1.com/__data/assets/pdf_file/0007/119491/2018-Full-Year-Results-Presentation-1.pdf
2026-02-12 12:54:28,945 - ERROR - https://www.technology1.com/__data/assets/pdf_file/0007/119491/2018-Full-Year-Results-Presentation-1.pdf: Download failed: 403 Client Error: Forbidden for url: https://www.technology1.com/__data/assets/pdf_file/0007/119491/2018-Full-Year-Results-Presentation-1.pdf
2026-02-12 12:54:28,945 - INFO - Downloading PDF: https://www.technology1.com/__data/assets/pdf_file/0019/117235/TNE-Code-of-Business-Conduct.pdf
2026-02-12 12:54:29,917 - ERROR - https://www.technology1.com/__data/assets/pdf_file/0019/117235/TNE-Code-of-Business-Conduct.pdf: Download failed: 403 Client Error: Forbidden for url: https://www.technology1.com/__data/assets/pdf_file/0019/117235/TNE-Code-of-Business-Conduct.pdf
2026-02-12 12:54:29,917 - INFO - Downloading PDF: https://www.technology1.com/__data/assets/pdf_file/0018/206244/TNE-Supplier-Code-of-Conduct-2025.pdf
2026-02-12 12:54:30,882 - ERROR - https://www.technology1.com/__data/assets/pdf_file/0018/206244/TNE-Supplier-Code-of-Conduct-2025.pdf: Download failed: 403 Client Error: Forbidden for url: https://www.technology1.com/__data/assets/pdf_file/0018/206244/TNE-Supplier-Code-of-Conduct-2025.pdf
2026-02-12 12:54:30,897 - INFO - 
[Phase 3] Writing manifest...
2026-02-12 12:54:30,898 - INFO - Manifest written to: pdfs\manifest.json
2026-02-12 13:09:24,345 - INFO - ============================================================
2026-02-12 13:09:24,345 - INFO - Starting PDF Crawler (Selenium)
2026-02-12 13:09:24,345 - INFO - Start URL: https://www.technology1.com/company/investors
2026-02-12 13:09:24,345 - INFO - Max Depth: 3
2026-02-12 13:09:24,345 - INFO - Allowed Domains: www.technology1.com
2026-02-12 13:09:24,345 - INFO - Output Directory: pdfs
2026-02-12 13:09:24,345 - INFO - Headless Mode: False
2026-02-12 13:09:24,345 - INFO - ============================================================
2026-02-12 13:09:24,345 - INFO - Initializing browser...
2026-02-12 13:09:24,345 - INFO - ====== WebDriver manager ======
2026-02-12 13:10:02,268 - INFO - ============================================================
2026-02-12 13:10:02,268 - INFO - Starting PDF Crawler (Selenium)
2026-02-12 13:10:02,268 - INFO - Start URL: https://www.technology1.com/company/investors
2026-02-12 13:10:02,268 - INFO - Max Depth: 3
2026-02-12 13:10:02,268 - INFO - Allowed Domains: www.technology1.com
2026-02-12 13:10:02,268 - INFO - Output Directory: pdfs
2026-02-12 13:10:02,268 - INFO - Headless Mode: False
2026-02-12 13:10:02,268 - INFO - ============================================================
2026-02-12 13:10:02,268 - INFO - Initializing browser...
2026-02-12 13:10:02,268 - INFO - ====== WebDriver manager ======
2026-02-12 13:10:04,299 - INFO - Get LATEST chromedriver version for google-chrome
2026-02-12 13:10:04,810 - INFO - Get LATEST chromedriver version for google-chrome
2026-02-12 13:10:05,369 - INFO - Driver [C:\Users\Nassim\.wdm\drivers\chromedriver\win64\144.0.7559.133\chromedriver-win32/chromedriver.exe] found in cache
2026-02-12 13:10:06,636 - INFO - 
[Phase 1] Crawling pages...
2026-02-12 13:10:06,636 - INFO - Crawling (depth 0): https://www.technology1.com/company/investors
2026-02-12 13:10:12,664 - INFO - Found 0 new PDF(s) on https://www.technology1.com/company/investors
2026-02-12 13:10:12,664 - INFO - Crawling (depth 1): https://www.technology1.com/company/about-us/core-beliefs
2026-02-12 13:10:15,809 - INFO - Found 0 new PDF(s) on https://www.technology1.com/company/about-us/core-beliefs
2026-02-12 13:10:15,809 - INFO - Crawling (depth 2): https://www.technology1.com
2026-02-12 13:10:18,827 - INFO - Found 0 new PDF(s) on https://www.technology1.com
2026-02-12 13:10:18,827 - INFO - Crawling (depth 3): https://www.technology1.com/industries/financial-and-corporate
2026-02-12 13:10:22,449 - INFO - Found 0 new PDF(s) on https://www.technology1.com/industries/financial-and-corporate
2026-02-12 13:10:22,451 - INFO - Crawling (depth 3): https://www.technology1.com/resources/media-releases
2026-02-12 13:10:25,799 - INFO - Found 0 new PDF(s) on https://www.technology1.com/resources/media-releases
2026-02-12 13:10:25,799 - INFO - Crawling (depth 3): https://www.technology1.com/industries/government/solution
2026-02-12 13:10:29,204 - INFO - Found 0 new PDF(s) on https://www.technology1.com/industries/government/solution
2026-02-12 13:10:29,204 - INFO - Crawling (depth 3): https://www.technology1.com/saas-plus
2026-02-12 13:10:32,746 - INFO - Found 0 new PDF(s) on https://www.technology1.com/saas-plus
2026-02-12 13:10:32,756 - INFO - Crawling (depth 3): https://www.technology1.com/company/contact-us
2026-02-12 13:10:38,113 - INFO - Found 0 new PDF(s) on https://www.technology1.com/company/contact-us
2026-02-12 13:10:38,113 - INFO - Crawling (depth 3): https://www.technology1.com/products/business-analytics
2026-02-12 13:10:41,680 - INFO - Found 0 new PDF(s) on https://www.technology1.com/products/business-analytics
2026-02-12 13:10:41,680 - INFO - Crawling (depth 3): https://www.technology1.com/products/supply-chain-management
2026-02-12 13:10:44,993 - INFO - Found 0 new PDF(s) on https://www.technology1.com/products/supply-chain-management
2026-02-12 13:10:44,993 - INFO - Crawling (depth 3): https://www.technology1.com/products/student-management
2026-02-12 13:10:48,315 - INFO - Found 0 new PDF(s) on https://www.technology1.com/products/student-management
2026-02-12 13:10:48,316 - INFO - Crawling (depth 3): https://www.technology1.com/products/spatial
2026-02-12 13:10:51,356 - INFO - Found 0 new PDF(s) on https://www.technology1.com/products/spatial
2026-02-12 13:10:51,357 - INFO - Crawling (depth 3): https://www.technology1.com/saas-plus/support-and-training
2026-02-12 13:10:54,595 - INFO - Found 0 new PDF(s) on https://www.technology1.com/saas-plus/support-and-training
2026-02-12 13:10:54,595 - INFO - Crawling (depth 3): https://www.technology1.com/industries/financial-and-corporate/solution
2026-02-12 13:10:58,457 - INFO - Found 0 new PDF(s) on https://www.technology1.com/industries/financial-and-corporate/solution
2026-02-12 13:10:58,458 - INFO - Crawling (depth 3): https://www.technology1.com/industries/local-government/solution
2026-02-12 13:11:02,374 - INFO - Found 0 new PDF(s) on https://www.technology1.com/industries/local-government/solution
2026-02-12 13:11:02,374 - INFO - Crawling (depth 3): https://www.technology1.com/company/life-at-techone
2026-02-12 13:11:05,721 - INFO - Found 1 new PDF(s) on https://www.technology1.com/company/life-at-techone
2026-02-12 13:11:05,721 - INFO - Crawling (depth 3): https://www.technology1.com/products/enterprise-content-management
2026-02-12 13:11:09,008 - INFO - Found 0 new PDF(s) on https://www.technology1.com/products/enterprise-content-management
2026-02-12 13:11:09,008 - INFO - Crawling (depth 3): https://www.technology1.com/saas-plus/software-releases
2026-02-12 13:11:12,921 - INFO - Found 0 new PDF(s) on https://www.technology1.com/saas-plus/software-releases
2026-02-12 13:11:12,921 - INFO - Crawling (depth 3): https://www.technology1.com/saas-plus/security
2026-02-12 13:11:15,790 - INFO - Found 7 new PDF(s) on https://www.technology1.com/saas-plus/security
2026-02-12 13:11:15,790 - INFO - Crawling (depth 3): https://www.technology1.com/industries/local-government/book-a-demo
2026-02-12 13:11:20,475 - INFO - Found 0 new PDF(s) on https://www.technology1.com/industries/local-government/book-a-demo
2026-02-12 13:11:20,475 - INFO - Crawling (depth 3): https://www.technology1.com/industries/government/book-a-demo
2026-02-12 13:11:26,206 - INFO - Found 0 new PDF(s) on https://www.technology1.com/industries/government/book-a-demo
2026-02-12 13:11:26,206 - INFO - Crawling (depth 3): https://www.technology1.com/products/property-and-rating
2026-02-12 13:11:30,339 - INFO - Found 0 new PDF(s) on https://www.technology1.com/products/property-and-rating
2026-02-12 13:11:30,339 - INFO - Crawling (depth 3): https://www.technology1.com/industries/health-and-community-services/book-a-demo
2026-02-12 13:11:34,855 - INFO - Found 0 new PDF(s) on https://www.technology1.com/industries/health-and-community-services/book-a-demo
2026-02-12 13:11:34,855 - INFO - Crawling (depth 3): https://www.technology1.com/products/enterprise-cash-receipting
2026-02-12 13:11:38,106 - INFO - Found 0 new PDF(s) on https://www.technology1.com/products/enterprise-cash-receipting
2026-02-12 13:11:38,106 - INFO - Crawling (depth 3): https://www.technology1.com/products/timetabling-and-scheduling
2026-02-12 13:11:41,723 - INFO - Found 0 new PDF(s) on https://www.technology1.com/products/timetabling-and-scheduling
2026-02-12 13:11:41,723 - INFO - Crawling (depth 3): https://www.technology1.com/industries/education/resources
2026-02-12 13:11:45,327 - INFO - Found 0 new PDF(s) on https://www.technology1.com/industries/education/resources
2026-02-12 13:11:45,327 - INFO - Crawling (depth 3): https://www.technology1.com/products/enterprise-budgeting
2026-02-12 13:11:48,310 - INFO - Found 0 new PDF(s) on https://www.technology1.com/products/enterprise-budgeting
2026-02-12 13:11:48,310 - INFO - Crawling (depth 3): https://www.technology1.com/company/our-leaders
2026-02-12 13:11:52,033 - INFO - Found 0 new PDF(s) on https://www.technology1.com/company/our-leaders
2026-02-12 13:11:52,033 - INFO - Crawling (depth 3): https://www.technology1.com/products/enterprise-asset-management
2026-02-12 13:11:55,231 - INFO - Found 0 new PDF(s) on https://www.technology1.com/products/enterprise-asset-management
2026-02-12 13:11:55,231 - INFO - Crawling (depth 3): https://www.technology1.com/company/foundation
2026-02-12 13:11:58,693 - INFO - Found 0 new PDF(s) on https://www.technology1.com/company/foundation
2026-02-12 13:11:58,693 - INFO - Crawling (depth 3): https://www.technology1.com/company/life-at-techone/graduates-and-interns
2026-02-12 13:12:02,012 - INFO - Found 0 new PDF(s) on https://www.technology1.com/company/life-at-techone/graduates-and-interns
2026-02-12 13:12:02,012 - INFO - Crawling (depth 3): https://www.technology1.com/products/performance-planning
2026-02-12 13:12:05,083 - INFO - Found 0 new PDF(s) on https://www.technology1.com/products/performance-planning
2026-02-12 13:12:05,083 - INFO - Crawling (depth 3): https://www.technology1.com/resources/media-kit
2026-02-12 13:12:10,930 - INFO - Found 0 new PDF(s) on https://www.technology1.com/resources/media-kit
2026-02-12 13:12:10,930 - INFO - Crawling (depth 3): https://www.technology1.com/company/about-us/history
2026-02-12 13:12:14,823 - INFO - Found 0 new PDF(s) on https://www.technology1.com/company/about-us/history
2026-02-12 13:12:14,823 - INFO - Crawling (depth 3): https://www.technology1.com/products/financials
2026-02-12 13:12:18,283 - INFO - Found 0 new PDF(s) on https://www.technology1.com/products/financials
2026-02-12 13:12:18,283 - INFO - Crawling (depth 3): https://www.technology1.com/industries/financial-and-corporate/book-a-demo
2026-02-12 13:12:23,416 - INFO - Found 0 new PDF(s) on https://www.technology1.com/industries/financial-and-corporate/book-a-demo
2026-02-12 13:12:23,416 - INFO - Crawling (depth 3): https://www.technology1.com/company/life-at-techone/join-the-team
2026-02-12 13:12:29,694 - INFO - Found 0 new PDF(s) on https://www.technology1.com/company/life-at-techone/join-the-team
2026-02-12 13:12:29,695 - INFO - Crawling (depth 3): https://www.technology1.com/company/about-us
2026-02-12 13:12:33,065 - INFO - Found 0 new PDF(s) on https://www.technology1.com/company/about-us
2026-02-12 13:12:33,065 - INFO - Crawling (depth 3): https://www.technology1.com/resources/articles
2026-02-12 13:12:36,878 - INFO - Found 0 new PDF(s) on https://www.technology1.com/resources/articles
2026-02-12 13:12:36,878 - INFO - Crawling (depth 3): https://www.technology1.com/company/about-us/values
2026-02-12 13:12:39,859 - INFO - Found 0 new PDF(s) on https://www.technology1.com/company/about-us/values
2026-02-12 13:12:39,859 - INFO - Crawling (depth 3): https://www.technology1.com/industries/education
2026-02-12 13:12:43,943 - INFO - Found 0 new PDF(s) on https://www.technology1.com/industries/education
2026-02-12 13:12:43,943 - INFO - Crawling (depth 3): https://www.technology1.com/showcase
2026-02-12 13:12:48,848 - INFO - Found 0 new PDF(s) on https://www.technology1.com/showcase
2026-02-12 13:12:48,849 - INFO - Crawling (depth 3): https://www.technology1.com/company/investors/corporate-governance
2026-02-12 13:12:51,697 - INFO - Found 19 new PDF(s) on https://www.technology1.com/company/investors/corporate-governance
2026-02-12 13:12:51,697 - INFO - Crawling (depth 3): https://www.technology1.com/company/life-at-techone/technologyone-at-work
2026-02-12 13:12:54,499 - INFO - Found 0 new PDF(s) on https://www.technology1.com/company/life-at-techone/technologyone-at-work
2026-02-12 13:12:54,499 - INFO - Crawling (depth 3): https://www.technology1.com/industries/health-and-community-services/solution
2026-02-12 13:12:57,308 - INFO - Found 0 new PDF(s) on https://www.technology1.com/industries/health-and-community-services/solution
2026-02-12 13:12:57,308 - INFO - Crawling (depth 3): https://www.technology1.com/products/dxp-local-government
2026-02-12 13:13:00,155 - INFO - Found 0 new PDF(s) on https://www.technology1.com/products/dxp-local-government
2026-02-12 13:13:00,155 - INFO - Crawling (depth 3): https://www.technology1.com/products/plus
2026-02-12 13:13:03,677 - INFO - Found 0 new PDF(s) on https://www.technology1.com/products/plus
2026-02-12 13:13:03,677 - INFO - Crawling (depth 3): https://www.technology1.com/company/investors/financial-calendar
2026-02-12 13:13:06,621 - INFO - Found 0 new PDF(s) on https://www.technology1.com/company/investors/financial-calendar
2026-02-12 13:13:06,621 - INFO - Crawling (depth 3): https://www.technology1.com/industries/asset-and-project-intensive/resources
2026-02-12 13:13:09,847 - INFO - Found 0 new PDF(s) on https://www.technology1.com/industries/asset-and-project-intensive/resources
2026-02-12 13:13:09,858 - INFO - Crawling (depth 3): https://www.technology1.com/products/human-resources-and-payroll
2026-02-12 13:13:13,016 - INFO - Found 0 new PDF(s) on https://www.technology1.com/products/human-resources-and-payroll
2026-02-12 13:13:13,016 - INFO - Crawling (depth 3): https://www.technology1.com/industries/local-government
2026-02-12 13:13:16,642 - INFO - Found 0 new PDF(s) on https://www.technology1.com/industries/local-government
2026-02-12 13:13:16,642 - INFO - Crawling (depth 3): https://www.technology1.com/products/dxp-student
2026-02-12 13:13:19,461 - INFO - Found 0 new PDF(s) on https://www.technology1.com/products/dxp-student
2026-02-12 13:13:19,461 - INFO - Crawling (depth 3): https://www.technology1.com/industries/local-government/resources
2026-02-12 13:13:23,257 - INFO - Found 0 new PDF(s) on https://www.technology1.com/industries/local-government/resources
2026-02-12 13:13:23,257 - INFO - Crawling (depth 3): https://www.technology1.com/industries/health-and-community-services
2026-02-12 13:13:26,999 - INFO - Found 0 new PDF(s) on https://www.technology1.com/industries/health-and-community-services
2026-02-12 13:13:26,999 - INFO - Crawling (depth 3): https://www.technology1.com/company/life-at-techone/life-at-technologyone
2026-02-12 13:13:29,836 - INFO - Found 0 new PDF(s) on https://www.technology1.com/company/life-at-techone/life-at-technologyone
2026-02-12 13:13:29,837 - INFO - Crawling (depth 3): https://www.technology1.com/saas-plus/erp-in-30-days
2026-02-12 13:13:33,328 - INFO - Found 0 new PDF(s) on https://www.technology1.com/saas-plus/erp-in-30-days
2026-02-12 13:13:33,328 - INFO - Crawling (depth 3): https://www.technology1.com/industries/health-and-community-services/resources
2026-02-12 13:13:36,448 - INFO - Found 0 new PDF(s) on https://www.technology1.com/industries/health-and-community-services/resources
2026-02-12 13:13:36,448 - INFO - Crawling (depth 3): https://www.technology1.com/saas-plus/our-solutions
2026-02-12 13:13:39,745 - INFO - Found 0 new PDF(s) on https://www.technology1.com/saas-plus/our-solutions
2026-02-12 13:13:39,745 - INFO - Crawling (depth 3): https://www.technology1.com/industries/financial-and-corporate/resources
2026-02-12 13:13:43,294 - INFO - Found 0 new PDF(s) on https://www.technology1.com/industries/financial-and-corporate/resources
2026-02-12 13:13:43,294 - INFO - Crawling (depth 3): https://www.technology1.com/privacy-policy
2026-02-12 13:13:46,131 - INFO - Found 2 new PDF(s) on https://www.technology1.com/privacy-policy
2026-02-12 13:13:46,131 - INFO - Crawling (depth 3): https://www.technology1.com/industries/education/solution
2026-02-12 13:13:49,152 - INFO - Found 0 new PDF(s) on https://www.technology1.com/industries/education/solution
2026-02-12 13:13:49,152 - INFO - Crawling (depth 3): https://www.technology1.com/company/investors/board-of-directors
2026-02-12 13:13:53,225 - INFO - Found 0 new PDF(s) on https://www.technology1.com/company/investors/board-of-directors
2026-02-12 13:13:53,225 - INFO - Crawling (depth 3): https://www.technology1.com/products/app-builder
2026-02-12 13:13:56,759 - INFO - Found 0 new PDF(s) on https://www.technology1.com/products/app-builder
2026-02-12 13:13:56,760 - INFO - Crawling (depth 3): https://www.technology1.com/resources/filter
2026-02-12 13:13:59,554 - INFO - Found 0 new PDF(s) on https://www.technology1.com/resources/filter
2026-02-12 13:13:59,556 - INFO - Crawling (depth 3): https://www.technology1.com/resources/case-studies
2026-02-12 13:14:02,908 - INFO - Found 0 new PDF(s) on https://www.technology1.com/resources/case-studies
2026-02-12 13:14:02,908 - INFO - Crawling (depth 3): https://www.technology1.com/company/investors/annual-reports
2026-02-12 13:14:05,750 - INFO - Found 74 new PDF(s) on https://www.technology1.com/company/investors/annual-reports
2026-02-12 13:14:05,750 - INFO - Crawling (depth 3): https://www.technology1.com/industries/education/book-a-demo
2026-02-12 13:14:09,311 - INFO - Found 0 new PDF(s) on https://www.technology1.com/industries/education/book-a-demo
2026-02-12 13:14:09,311 - INFO - Crawling (depth 3): https://www.technology1.com/terms-of-use
2026-02-12 13:14:12,144 - INFO - Found 0 new PDF(s) on https://www.technology1.com/terms-of-use
2026-02-12 13:14:12,144 - INFO - Crawling (depth 3): https://www.technology1.com/products/corporate-performance-management
2026-02-12 13:14:16,646 - INFO - Found 0 new PDF(s) on https://www.technology1.com/products/corporate-performance-management
2026-02-12 13:14:16,646 - INFO - Crawling (depth 3): https://www.technology1.com/industries/asset-and-project-intensive
2026-02-12 13:14:20,787 - INFO - Found 0 new PDF(s) on https://www.technology1.com/industries/asset-and-project-intensive
2026-02-12 13:14:20,787 - INFO - Crawling (depth 3): https://www.technology1.com/industries/government
2026-02-12 13:14:24,321 - INFO - Found 0 new PDF(s) on https://www.technology1.com/industries/government
2026-02-12 13:14:24,322 - INFO - Crawling (depth 3): https://www.technology1.com/industries/government/resources
2026-02-12 13:14:28,321 - INFO - Found 0 new PDF(s) on https://www.technology1.com/industries/government/resources
2026-02-12 13:14:28,321 - INFO - Crawling (depth 3): https://www.technology1.com/industries/asset-and-project-intensive/solution
2026-02-12 13:14:31,177 - INFO - Found 0 new PDF(s) on https://www.technology1.com/industries/asset-and-project-intensive/solution
2026-02-12 13:14:31,177 - INFO - Crawling (depth 3): https://www.technology1.com/industries/asset-and-project-intensive/book-a-demo
2026-02-12 13:14:34,274 - INFO - Found 0 new PDF(s) on https://www.technology1.com/industries/asset-and-project-intensive/book-a-demo
2026-02-12 13:14:34,274 - INFO - Crawling (depth 3): https://www.technology1.com/products/dxp-essentials
2026-02-12 13:14:37,678 - INFO - Found 0 new PDF(s) on https://www.technology1.com/products/dxp-essentials
2026-02-12 13:14:37,678 - INFO - Crawling (depth 2): https://www.technology1.com/company/about-us/our-leaders
2026-02-12 13:14:40,729 - INFO - Found 0 new PDF(s) on https://www.technology1.com/company/about-us/our-leaders
2026-02-12 13:14:40,729 - INFO - Crawling (depth 3): https://www.technology1.com/company/investors/board-of-directors/clifford-rosenberg
2026-02-12 13:14:45,301 - INFO - Found 0 new PDF(s) on https://www.technology1.com/company/investors/board-of-directors/clifford-rosenberg
2026-02-12 13:14:45,301 - INFO - Crawling (depth 3): https://www.technology1.com/company/about-us/our-leaders/danielle-windle
2026-02-12 13:14:49,356 - INFO - Found 0 new PDF(s) on https://www.technology1.com/company/about-us/our-leaders/danielle-windle
2026-02-12 13:14:49,356 - INFO - Crawling (depth 3): https://www.technology1.com/company/about-us/our-leaders/ben-malpass
2026-02-12 13:14:53,409 - INFO - Found 0 new PDF(s) on https://www.technology1.com/company/about-us/our-leaders/ben-malpass
2026-02-12 13:14:53,409 - INFO - Crawling (depth 3): https://www.technology1.com/company/about-us/our-leaders/chandan-potukuchi
2026-02-12 13:14:58,231 - INFO - Found 0 new PDF(s) on https://www.technology1.com/company/about-us/our-leaders/chandan-potukuchi
2026-02-12 13:14:58,231 - INFO - Crawling (depth 3): https://www.technology1.com/company/investors/board-of-directors/phil-davis
2026-02-12 13:15:02,301 - INFO - Found 0 new PDF(s) on https://www.technology1.com/company/investors/board-of-directors/phil-davis
2026-02-12 13:15:02,301 - INFO - Crawling (depth 3): https://www.technology1.com/company/investors/board-of-directors/stephen-kennedy
2026-02-12 13:15:06,521 - INFO - Found 0 new PDF(s) on https://www.technology1.com/company/investors/board-of-directors/stephen-kennedy
2026-02-12 13:15:06,521 - INFO - Crawling (depth 3): https://www.technology1.com/company/events/showcase
2026-02-12 13:15:10,015 - INFO - Found 0 new PDF(s) on https://www.technology1.com/company/events/showcase
2026-02-12 13:15:10,015 - INFO - Crawling (depth 3): https://www.technology1.com/saas-plus/book-a-demo
2026-02-12 13:15:13,079 - INFO - Found 0 new PDF(s) on https://www.technology1.com/saas-plus/book-a-demo
2026-02-12 13:15:13,079 - INFO - Crawling (depth 3): https://www.technology1.com/company/investors/board-of-directors/peter-ball
2026-02-12 13:15:17,279 - INFO - Found 0 new PDF(s) on https://www.technology1.com/company/investors/board-of-directors/peter-ball
2026-02-12 13:15:17,279 - INFO - Crawling (depth 3): https://www.technology1.com/company/about-us/our-leaders/david-cope
2026-02-12 13:15:21,811 - INFO - Found 0 new PDF(s) on https://www.technology1.com/company/about-us/our-leaders/david-cope
2026-02-12 13:15:21,811 - INFO - Crawling (depth 3): https://www.technology1.com/company/investors/board-of-directors/pat-osullivan
2026-02-12 13:15:25,676 - INFO - Found 0 new PDF(s) on https://www.technology1.com/company/investors/board-of-directors/pat-osullivan
2026-02-12 13:15:25,676 - INFO - Crawling (depth 3): https://www.technology1.com/company/investors/board-of-directors/debra-eckersley
2026-02-12 13:15:29,329 - INFO - Found 0 new PDF(s) on https://www.technology1.com/company/investors/board-of-directors/debra-eckersley
2026-02-12 13:15:29,329 - INFO - Crawling (depth 3): https://www.technology1.com/company/about-us/our-leaders/mark-jones
2026-02-12 13:15:33,160 - INFO - Found 0 new PDF(s) on https://www.technology1.com/company/about-us/our-leaders/mark-jones
2026-02-12 13:15:33,160 - INFO - Crawling (depth 3): https://www.technology1.com/company/investors/board-of-directors/sharon-doyle
2026-02-12 13:15:36,930 - INFO - Found 0 new PDF(s) on https://www.technology1.com/company/investors/board-of-directors/sharon-doyle
2026-02-12 13:15:36,930 - INFO - Crawling (depth 3): https://www.technology1.com/company/investors/board-of-directors/jane-andrews
2026-02-12 13:15:40,945 - INFO - Found 0 new PDF(s) on https://www.technology1.com/company/investors/board-of-directors/jane-andrews
2026-02-12 13:15:40,945 - INFO - Crawling (depth 3): https://www.technology1.com/company/about-us/our-leaders/cale-bennett
2026-02-12 13:15:44,771 - INFO - Found 0 new PDF(s) on https://www.technology1.com/company/about-us/our-leaders/cale-bennett
2026-02-12 13:15:44,771 - INFO - Crawling (depth 3): https://www.technology1.com/company/investors/board-of-directors/paul-robson
2026-02-12 13:15:48,385 - INFO - Found 0 new PDF(s) on https://www.technology1.com/company/investors/board-of-directors/paul-robson
2026-02-12 13:15:48,385 - INFO - Crawling (depth 3): https://www.technology1.com/company/about-us/our-leaders/edward-chung
2026-02-12 13:15:52,218 - INFO - Found 0 new PDF(s) on https://www.technology1.com/company/about-us/our-leaders/edward-chung
2026-02-12 13:15:52,218 - INFO - Crawling (depth 3): https://www.technology1.com/company/about-us/our-leaders/stuart-macdonald
2026-02-12 13:15:56,528 - INFO - Found 0 new PDF(s) on https://www.technology1.com/company/about-us/our-leaders/stuart-macdonald
2026-02-12 13:15:56,529 - INFO - 
[Phase 2] Downloading 103 PDF(s)...
2026-02-12 13:15:56,529 - INFO - Downloading PDF (via browser): https://www.technology1.com/__data/assets/pdf_file/0018/117234/Diversity-Policy-TechnologyOne.pdf
2026-02-12 13:15:57,739 - INFO - Downloading PDF (via browser): https://www.technology1.com/__data/assets/pdf_file/0006/119499/TechnologyOne_2017_AnnualReport.pdf
2026-02-12 13:15:57,973 - INFO - Downloading PDF (via browser): https://www.technology1.com/__data/assets/pdf_file/0010/156592/Cyber-Essentials-Plus-Certificate-2025.pdf
2026-02-12 13:37:24,997 - WARNING - Retrying (Retry(total=2, connect=None, read=None, redirect=None, status=None)) after connection broken by 'ConnectionResetError(10054, 'An existing connection was forcibly closed by the remote host', None, 10054, None)': /session/cb185a1fa61a042991113266a67228ad
2026-02-12 13:37:29,063 - WARNING - Retrying (Retry(total=1, connect=None, read=None, redirect=None, status=None)) after connection broken by 'NewConnectionError("HTTPConnection(host='localhost', port=56625): Failed to establish a new connection: [WinError 10061] No connection could be made because the target machine actively refused it")': /session/cb185a1fa61a042991113266a67228ad
2026-02-12 13:37:33,139 - WARNING - Retrying (Retry(total=0, connect=None, read=None, redirect=None, status=None)) after connection broken by 'NewConnectionError("HTTPConnection(host='localhost', port=56625): Failed to establish a new connection: [WinError 10061] No connection could be made because the target machine actively refused it")': /session/cb185a1fa61a042991113266a67228ad
2026-02-12 13:37:47,284 - INFO - ============================================================
2026-02-12 13:37:47,284 - INFO - Starting PDF Crawler (Selenium)
2026-02-12 13:37:47,284 - INFO - Start URL: https://www.technology1.com/company/investors
2026-02-12 13:37:47,284 - INFO - Max Depth: 3
2026-02-12 13:37:47,284 - INFO - Allowed Domains: www.technology1.com
2026-02-12 13:37:47,284 - INFO - Output Directory: pdfs
2026-02-12 13:37:47,284 - INFO - Headless Mode: False
2026-02-12 13:37:47,284 - INFO - ============================================================
2026-02-12 13:37:47,284 - INFO - Initializing browser...
2026-02-12 13:37:47,284 - INFO - ====== WebDriver manager ======
2026-02-12 13:37:49,164 - INFO - Get LATEST chromedriver version for google-chrome
2026-02-12 13:37:49,685 - INFO - Get LATEST chromedriver version for google-chrome
2026-02-12 13:37:50,271 - INFO - Driver [C:\Users\Nassim\.wdm\drivers\chromedriver\win64\144.0.7559.133\chromedriver-win32/chromedriver.exe] found in cache
2026-02-12 13:37:51,969 - INFO - 
[Phase 1] Crawling pages...
2026-02-12 13:37:51,969 - INFO - Crawling (depth 0): https://www.technology1.com/company/investors
2026-02-12 13:37:58,918 - INFO - Found 0 new PDF(s) on https://www.technology1.com/company/investors
2026-02-12 13:37:58,918 - INFO - Crawling (depth 1): https://www.technology1.com/resources/media-kit
2026-02-12 13:38:02,515 - INFO - Found 0 new PDF(s) on https://www.technology1.com/resources/media-kit
2026-02-12 13:38:02,515 - INFO - Crawling (depth 2): https://www.technology1.com/industries/government/solution
2026-02-12 13:38:05,267 - INFO - Found 0 new PDF(s) on https://www.technology1.com/industries/government/solution
2026-02-12 13:38:05,267 - INFO - Crawling (depth 3): https://www.technology1.com/products/timetabling-and-scheduling
2026-02-12 13:38:09,966 - INFO - Found 0 new PDF(s) on https://www.technology1.com/products/timetabling-and-scheduling
2026-02-12 13:38:09,967 - INFO - Crawling (depth 3): https://www.technology1.com/industries/health-and-community-services/resources
2026-02-12 13:38:13,993 - INFO - Found 0 new PDF(s) on https://www.technology1.com/industries/health-and-community-services/resources
2026-02-12 13:38:13,994 - INFO - Crawling (depth 3): https://www.technology1.com/company/life-at-techone/life-at-technologyone
2026-02-12 13:38:16,923 - INFO - Found 0 new PDF(s) on https://www.technology1.com/company/life-at-techone/life-at-technologyone
2026-02-12 13:38:16,923 - INFO - Crawling (depth 3): https://www.technology1.com/industries/asset-and-project-intensive/solution
2026-02-12 13:38:19,792 - INFO - Found 0 new PDF(s) on https://www.technology1.com/industries/asset-and-project-intensive/solution
2026-02-12 13:38:19,792 - INFO - Crawling (depth 3): https://www.technology1.com/saas-plus/erp-in-30-days
2026-02-12 13:38:22,641 - INFO - Found 0 new PDF(s) on https://www.technology1.com/saas-plus/erp-in-30-days
2026-02-12 13:38:22,641 - INFO - Crawling (depth 3): https://www.technology1.com/company/about-us/history
2026-02-12 13:38:25,623 - INFO - Found 0 new PDF(s) on https://www.technology1.com/company/about-us/history
2026-02-12 13:38:25,623 - INFO - Crawling (depth 3): https://www.technology1.com/company/life-at-techone
2026-02-12 13:38:28,678 - INFO - Found 1 new PDF(s) on https://www.technology1.com/company/life-at-techone
2026-02-12 13:38:28,679 - INFO - Crawling (depth 3): https://www.technology1.com/industries/local-government
2026-02-12 13:38:31,625 - INFO - Found 0 new PDF(s) on https://www.technology1.com/industries/local-government
2026-02-12 13:38:31,625 - INFO - Crawling (depth 3): https://www.technology1.com/company/life-at-techone/join-the-team
2026-02-12 13:38:34,549 - INFO - Found 0 new PDF(s) on https://www.technology1.com/company/life-at-techone/join-the-team
2026-02-12 13:38:34,549 - INFO - Crawling (depth 3): https://www.technology1.com/terms-of-use
2026-02-12 13:38:37,459 - INFO - Found 0 new PDF(s) on https://www.technology1.com/terms-of-use
2026-02-12 13:38:37,459 - INFO - Crawling (depth 3): https://www.technology1.com/industries/government'
2026-02-12 13:38:43,370 - INFO - Found 0 new PDF(s) on https://www.technology1.com/industries/government'
2026-02-12 13:38:43,371 - INFO - Crawling (depth 3): https://www.technology1.com/saas-plus/security
2026-02-12 13:38:47,948 - INFO - Found 7 new PDF(s) on https://www.technology1.com/saas-plus/security
2026-02-12 13:38:47,948 - INFO - Crawling (depth 3): https://www.technology1.com/company/contact-us
2026-02-12 13:38:55,855 - INFO - Found 0 new PDF(s) on https://www.technology1.com/company/contact-us
2026-02-12 13:38:55,856 - INFO - Crawling (depth 3): https://www.technology1.com/products/plus
2026-02-12 13:38:59,658 - INFO - Found 0 new PDF(s) on https://www.technology1.com/products/plus
2026-02-12 13:38:59,659 - INFO - Crawling (depth 3): https://www.technology1.com/products/student-management
2026-02-12 13:39:03,150 - INFO - Found 0 new PDF(s) on https://www.technology1.com/products/student-management
2026-02-12 13:39:03,151 - INFO - Crawling (depth 3): https://www.technology1.com/products/dxp-essentials
2026-02-12 13:39:06,329 - INFO - Found 0 new PDF(s) on https://www.technology1.com/products/dxp-essentials
2026-02-12 13:39:06,329 - INFO - Crawling (depth 3): https://www.technology1.com/industries/health-and-community-services/solution
2026-02-12 13:39:09,683 - INFO - Found 0 new PDF(s) on https://www.technology1.com/industries/health-and-community-services/solution
2026-02-12 13:39:09,683 - INFO - Crawling (depth 3): https://www.technology1.com/products/dxp-student
2026-02-12 13:39:12,767 - INFO - Found 0 new PDF(s) on https://www.technology1.com/products/dxp-student
2026-02-12 13:39:12,767 - INFO - Crawling (depth 3): https://www.technology1.com/products/human-resources-and-payroll
2026-02-12 13:39:16,262 - INFO - Found 0 new PDF(s) on https://www.technology1.com/products/human-resources-and-payroll
2026-02-12 13:39:16,262 - INFO - Crawling (depth 3): https://www.technology1.com
2026-02-12 13:39:19,602 - INFO - Found 0 new PDF(s) on https://www.technology1.com
2026-02-12 13:39:19,602 - INFO - Crawling (depth 3): https://www.technology1.com/industries/local-government/resources
2026-02-12 13:39:26,442 - INFO - Found 0 new PDF(s) on https://www.technology1.com/industries/local-government/resources
2026-02-12 13:39:26,442 - INFO - Crawling (depth 3): https://www.technology1.com/company/life-at-techone/graduates-and-interns
2026-02-12 13:39:30,184 - INFO - Found 0 new PDF(s) on https://www.technology1.com/company/life-at-techone/graduates-and-interns
2026-02-12 13:39:30,184 - INFO - Crawling (depth 3): https://www.technology1.com/industries/government/book-a-demo'
2026-02-12 13:39:34,137 - INFO - Found 0 new PDF(s) on https://www.technology1.com/industries/government/book-a-demo'
2026-02-12 13:39:34,137 - INFO - Crawling (depth 3): https://www.technology1.com/industries/local-government/solution
2026-02-12 13:39:38,201 - INFO - Found 0 new PDF(s) on https://www.technology1.com/industries/local-government/solution
2026-02-12 13:39:38,201 - INFO - Crawling (depth 3): https://www.technology1.com/industries/financial-and-corporate/resources
2026-02-12 13:39:44,327 - INFO - Found 0 new PDF(s) on https://www.technology1.com/industries/financial-and-corporate/resources
2026-02-12 13:39:44,327 - INFO - Crawling (depth 3): https://www.technology1.com/industries/government/resources
2026-02-12 13:39:51,137 - INFO - Found 0 new PDF(s) on https://www.technology1.com/industries/government/resources
2026-02-12 13:39:51,137 - INFO - Crawling (depth 3): https://www.technology1.com/products/property-and-rating
2026-02-12 13:39:54,632 - INFO - Found 0 new PDF(s) on https://www.technology1.com/products/property-and-rating
2026-02-12 13:39:54,632 - INFO - Crawling (depth 3): https://www.technology1.com/products/enterprise-cash-receipting
2026-02-12 13:39:58,295 - INFO - Found 0 new PDF(s) on https://www.technology1.com/products/enterprise-cash-receipting
2026-02-12 13:39:58,295 - INFO - Crawling (depth 3): https://www.technology1.com/resources/articles/how-saas-plus-works
2026-02-12 13:40:05,531 - INFO - Found 0 new PDF(s) on https://www.technology1.com/resources/articles/how-saas-plus-works
2026-02-12 13:40:05,531 - INFO - Crawling (depth 3): https://www.technology1.com/company/investors/annual-reports
2026-02-12 13:40:08,994 - INFO - Found 74 new PDF(s) on https://www.technology1.com/company/investors/annual-reports
2026-02-12 13:40:08,994 - INFO - Crawling (depth 3): https://www.technology1.com/products/financials
2026-02-12 13:40:11,881 - INFO - Found 0 new PDF(s) on https://www.technology1.com/products/financials
2026-02-12 13:40:11,881 - INFO - Crawling (depth 3): https://www.technology1.com/showcase
2026-02-12 13:40:17,529 - INFO - Found 0 new PDF(s) on https://www.technology1.com/showcase
2026-02-12 13:40:17,530 - INFO - Crawling (depth 3): https://www.technology1.com/saas-plus/software-releases
2026-02-12 13:40:20,710 - INFO - Found 0 new PDF(s) on https://www.technology1.com/saas-plus/software-releases
2026-02-12 13:40:20,710 - INFO - Crawling (depth 3): https://www.technology1.com/resources/case-studies
2026-02-12 13:40:25,088 - INFO - Found 0 new PDF(s) on https://www.technology1.com/resources/case-studies
2026-02-12 13:40:25,088 - INFO - Crawling (depth 3): https://www.technology1.com/industries/education
2026-02-12 13:40:28,519 - INFO - Found 0 new PDF(s) on https://www.technology1.com/industries/education
2026-02-12 13:40:28,519 - INFO - Crawling (depth 3): https://www.technology1.com/company/investors/financial-calendar
2026-02-12 13:40:31,571 - INFO - Found 0 new PDF(s) on https://www.technology1.com/company/investors/financial-calendar
2026-02-12 13:40:31,571 - INFO - Crawling (depth 3): https://www.technology1.com/privacy-policy
2026-02-12 13:40:34,413 - INFO - Found 2 new PDF(s) on https://www.technology1.com/privacy-policy
2026-02-12 13:40:34,413 - INFO - Crawling (depth 3): https://www.technology1.com/company/life-at-techone/technologyone-at-work
2026-02-12 13:40:37,211 - INFO - Found 0 new PDF(s) on https://www.technology1.com/company/life-at-techone/technologyone-at-work
2026-02-12 13:40:37,211 - INFO - Crawling (depth 3): https://www.technology1.com/industries/asset-and-project-intensive/book-a-demo
2026-02-12 13:40:40,350 - INFO - Found 0 new PDF(s) on https://www.technology1.com/industries/asset-and-project-intensive/book-a-demo
2026-02-12 13:40:40,350 - INFO - Crawling (depth 3): https://www.technology1.com/resources/articles
2026-02-12 13:40:43,443 - INFO - Found 0 new PDF(s) on https://www.technology1.com/resources/articles
2026-02-12 13:40:43,443 - INFO - Crawling (depth 3): https://www.technology1.com/saas-plus
2026-02-12 13:40:46,921 - INFO - Found 0 new PDF(s) on https://www.technology1.com/saas-plus
2026-02-12 13:40:46,921 - INFO - Crawling (depth 3): https://www.technology1.com/company/investors/corporate-governance
2026-02-12 13:40:49,945 - INFO - Found 19 new PDF(s) on https://www.technology1.com/company/investors/corporate-governance
2026-02-12 13:40:49,945 - INFO - Crawling (depth 3): https://www.technology1.com/industries/government/book-a-demo
2026-02-12 13:40:53,018 - INFO - Found 0 new PDF(s) on https://www.technology1.com/industries/government/book-a-demo
2026-02-12 13:40:53,018 - INFO - Crawling (depth 3): https://www.technology1.com/industries/education/solution
2026-02-12 13:40:56,874 - INFO - Found 0 new PDF(s) on https://www.technology1.com/industries/education/solution
2026-02-12 13:40:56,874 - INFO - Crawling (depth 3): https://www.technology1.com/products/enterprise-budgeting
2026-02-12 13:40:59,680 - INFO - Found 0 new PDF(s) on https://www.technology1.com/products/enterprise-budgeting
2026-02-12 13:40:59,680 - INFO - Crawling (depth 3): https://www.technology1.com/company/about-us
2026-02-12 13:41:02,473 - INFO - Found 0 new PDF(s) on https://www.technology1.com/company/about-us
2026-02-12 13:41:02,473 - INFO - Crawling (depth 3): https://www.technology1.com/resources/media-releases
2026-02-12 13:41:05,556 - INFO - Found 0 new PDF(s) on https://www.technology1.com/resources/media-releases
2026-02-12 13:41:05,556 - INFO - Crawling (depth 3): https://www.technology1.com/industries/financial-and-corporate/solution
2026-02-12 13:41:10,812 - INFO - Found 0 new PDF(s) on https://www.technology1.com/industries/financial-and-corporate/solution
2026-02-12 13:41:10,812 - INFO - Crawling (depth 3): https://www.technology1.com/products/supply-chain-management
2026-02-12 13:41:13,627 - INFO - Found 0 new PDF(s) on https://www.technology1.com/products/supply-chain-management
2026-02-12 13:41:13,627 - INFO - Crawling (depth 3): https://www.technology1.com/industries/health-and-community-services
2026-02-12 13:41:16,868 - INFO - Found 0 new PDF(s) on https://www.technology1.com/industries/health-and-community-services
2026-02-12 13:41:16,868 - INFO - Crawling (depth 3): https://www.technology1.com/products/business-analytics
2026-02-12 13:41:20,323 - INFO - Found 0 new PDF(s) on https://www.technology1.com/products/business-analytics
2026-02-12 13:41:20,323 - INFO - Crawling (depth 3): https://www.technology1.com/company/about-us/values
2026-02-12 13:41:23,102 - INFO - Found 0 new PDF(s) on https://www.technology1.com/company/about-us/values
2026-02-12 13:41:23,102 - INFO - Crawling (depth 3): https://www.technology1.com/industries/health-and-community-services/book-a-demo
2026-02-12 13:41:26,320 - INFO - Found 0 new PDF(s) on https://www.technology1.com/industries/health-and-community-services/book-a-demo
2026-02-12 13:41:26,320 - INFO - Crawling (depth 3): https://www.technology1.com/company/about-us/core-beliefs
2026-02-12 13:41:30,089 - INFO - Found 0 new PDF(s) on https://www.technology1.com/company/about-us/core-beliefs
2026-02-12 13:41:30,089 - INFO - Crawling (depth 3): https://www.technology1.com/products/spatial
2026-02-12 13:41:32,886 - INFO - Found 0 new PDF(s) on https://www.technology1.com/products/spatial
2026-02-12 13:41:32,886 - INFO - Crawling (depth 3): https://www.technology1.com/industries/financial-and-corporate
2026-02-12 13:41:36,011 - INFO - Found 0 new PDF(s) on https://www.technology1.com/industries/financial-and-corporate
2026-02-12 13:41:36,011 - INFO - Crawling (depth 3): https://www.technology1.com/industries/education/resources
2026-02-12 13:41:38,822 - INFO - Found 0 new PDF(s) on https://www.technology1.com/industries/education/resources
2026-02-12 13:41:38,822 - INFO - Crawling (depth 3): https://www.technology1.com/products/enterprise-content-management
2026-02-12 13:41:41,730 - INFO - Found 0 new PDF(s) on https://www.technology1.com/products/enterprise-content-management
2026-02-12 13:41:41,730 - INFO - Crawling (depth 3): https://www.technology1.com/industries/financial-and-corporate/book-a-demo
2026-02-12 13:41:44,790 - INFO - Found 0 new PDF(s) on https://www.technology1.com/industries/financial-and-corporate/book-a-demo
2026-02-12 13:41:44,790 - INFO - Crawling (depth 3): https://www.technology1.com/industries/local-government/book-a-demo
2026-02-12 13:41:48,552 - INFO - Found 0 new PDF(s) on https://www.technology1.com/industries/local-government/book-a-demo
2026-02-12 13:41:48,552 - INFO - Crawling (depth 3): https://www.technology1.com/saas-plus/support-and-training
2026-02-12 13:41:51,469 - INFO - Found 0 new PDF(s) on https://www.technology1.com/saas-plus/support-and-training
2026-02-12 13:41:51,469 - INFO - Crawling (depth 3): https://www.technology1.com/industries/asset-and-project-intensive/resources
2026-02-12 13:41:54,745 - INFO - Found 0 new PDF(s) on https://www.technology1.com/industries/asset-and-project-intensive/resources
2026-02-12 13:41:54,745 - INFO - Crawling (depth 3): https://www.technology1.com/resources/filter
2026-02-12 13:41:57,542 - INFO - Found 0 new PDF(s) on https://www.technology1.com/resources/filter
2026-02-12 13:41:57,544 - INFO - Crawling (depth 3): https://www.technology1.com/industries/education/book-a-demo
2026-02-12 13:42:00,765 - INFO - Found 0 new PDF(s) on https://www.technology1.com/industries/education/book-a-demo
2026-02-12 13:42:00,765 - INFO - Crawling (depth 3): https://www.technology1.com/company/our-leaders
2026-02-12 13:42:03,625 - INFO - Found 0 new PDF(s) on https://www.technology1.com/company/our-leaders
2026-02-12 13:42:03,625 - INFO - Crawling (depth 3): https://www.technology1.com/products/app-builder
2026-02-12 13:42:07,326 - INFO - Found 0 new PDF(s) on https://www.technology1.com/products/app-builder
2026-02-12 13:42:07,326 - INFO - Crawling (depth 3): https://www.technology1.com/products/dxp-local-government
2026-02-12 13:42:10,109 - INFO - Found 0 new PDF(s) on https://www.technology1.com/products/dxp-local-government
2026-02-12 13:42:10,109 - INFO - Crawling (depth 3): https://www.technology1.com/products/performance-planning
2026-02-12 13:42:12,968 - INFO - Found 0 new PDF(s) on https://www.technology1.com/products/performance-planning
2026-02-12 13:42:12,969 - INFO - Crawling (depth 3): https://www.technology1.com/saas-plus/our-solutions
2026-02-12 13:42:16,157 - INFO - Found 0 new PDF(s) on https://www.technology1.com/saas-plus/our-solutions
2026-02-12 13:42:16,157 - INFO - Crawling (depth 3): https://www.technology1.com/products/corporate-performance-management
2026-02-12 13:42:19,594 - INFO - Found 0 new PDF(s) on https://www.technology1.com/products/corporate-performance-management
2026-02-12 13:42:19,594 - INFO - Crawling (depth 3): https://www.technology1.com/company/investors/board-of-directors
2026-02-12 13:42:22,870 - INFO - Found 0 new PDF(s) on https://www.technology1.com/company/investors/board-of-directors
2026-02-12 13:42:22,870 - INFO - Crawling (depth 3): https://www.technology1.com/industries/asset-and-project-intensive
2026-02-12 13:42:25,973 - INFO - Found 0 new PDF(s) on https://www.technology1.com/industries/asset-and-project-intensive
2026-02-12 13:42:25,974 - INFO - Crawling (depth 3): https://www.technology1.com/products/enterprise-asset-management
2026-02-12 13:42:29,254 - INFO - Found 0 new PDF(s) on https://www.technology1.com/products/enterprise-asset-management
2026-02-12 13:42:29,255 - INFO - Crawling (depth 3): https://www.technology1.com/industries/government
2026-02-12 13:42:32,549 - INFO - Found 0 new PDF(s) on https://www.technology1.com/industries/government
2026-02-12 13:42:32,549 - INFO - Crawling (depth 3): https://www.technology1.com/company/foundation
2026-02-12 13:42:35,480 - INFO - Found 0 new PDF(s) on https://www.technology1.com/company/foundation
2026-02-12 13:42:35,480 - INFO - Crawling (depth 2): https://www.technology1.com/saas-plus/book-a-demo
2026-02-12 13:42:39,039 - INFO - Found 0 new PDF(s) on https://www.technology1.com/saas-plus/book-a-demo
2026-02-12 13:42:39,039 - INFO - Crawling (depth 3): https://www.technology1.com/saas-plus/consulting-services
2026-02-12 13:42:42,815 - INFO - Found 0 new PDF(s) on https://www.technology1.com/saas-plus/consulting-services
2026-02-12 13:42:42,816 - INFO - Crawling (depth 2): https://www.technology1.com/__data/assets/image/0010/288136/20250516_AFR_EdChung_jruckli_016.jpg
2026-02-12 13:42:53,541 - INFO - Found 0 new PDF(s) on https://www.technology1.com/__data/assets/image/0010/288136/20250516_AFR_EdChung_jruckli_016.jpg
2026-02-12 13:42:53,541 - INFO - Crawling (depth 2): https://www.technology1.com/__data/assets/image/0011/288137/Town-Hall-11-July-25_0032.JPG
2026-02-12 13:43:10,636 - INFO - Found 0 new PDF(s) on https://www.technology1.com/__data/assets/image/0011/288137/Town-Hall-11-July-25_0032.JPG
2026-02-12 13:43:10,636 - INFO - Crawling (depth 2): https://www.technology1.com/__data/assets/image/0003/302682/SC26_Concept_SC02@2x.png
2026-02-12 13:43:18,892 - INFO - Found 0 new PDF(s) on https://www.technology1.com/__data/assets/image/0003/302682/SC26_Concept_SC02@2x.png
2026-02-12 13:43:18,892 - INFO - Crawling (depth 2): https://www.technology1.com/__data/assets/image/0020/302681/SC26_Concept_SC01@2x.png
2026-02-12 13:43:34,404 - WARNING - Timeout loading https://www.technology1.com/__data/assets/image/0020/302681/SC26_Concept_SC01@2x.png
2026-02-12 13:43:34,404 - INFO - Found 0 new PDF(s) on https://www.technology1.com/__data/assets/image/0020/302681/SC26_Concept_SC01@2x.png
2026-02-12 13:43:34,404 - INFO - Crawling (depth 2): https://www.technology1.com/__data/assets/image/0005/302684/2025_08_TechOne_Showcase-Royal_Holloway_ALT_01_0010_HR.jpg
2026-02-12 13:43:45,254 - INFO - Found 0 new PDF(s) on https://www.technology1.com/__data/assets/image/0005/302684/2025_08_TechOne_Showcase-Royal_Holloway_ALT_01_0010_HR.jpg
2026-02-12 13:43:45,254 - INFO - Crawling (depth 2): https://www.technology1.com/__data/assets/image/0004/302683/2025_06_TechOne_Showcase-Birm_0060_HR.jpg
2026-02-12 13:43:56,147 - INFO - Found 0 new PDF(s) on https://www.technology1.com/__data/assets/image/0004/302683/2025_06_TechOne_Showcase-Birm_0060_HR.jpg
2026-02-12 13:43:56,147 - INFO - Crawling (depth 2): https://www.technology1.com/__data/assets/image/0006/299895/TechnologyOne-Ed-Chung-2.jpg
2026-02-12 13:44:11,660 - WARNING - Timeout loading https://www.technology1.com/__data/assets/image/0006/299895/TechnologyOne-Ed-Chung-2.jpg
2026-02-12 13:44:11,660 - INFO - Found 0 new PDF(s) on https://www.technology1.com/__data/assets/image/0006/299895/TechnologyOne-Ed-Chung-2.jpg
2026-02-12 13:44:11,660 - INFO - Crawling (depth 2): https://www.technology1.com/__data/assets/image/0005/299894/TechnologyOne-Ed-Chung-1.jpg
2026-02-12 13:44:19,902 - INFO - Found 0 new PDF(s) on https://www.technology1.com/__data/assets/image/0005/299894/TechnologyOne-Ed-Chung-1.jpg
2026-02-12 13:44:19,902 - INFO - Crawling (depth 2): https://www.technology1.com/__data/assets/image/0003/302673/Stuart-MacDonald-COO.jpg
2026-02-12 13:44:27,386 - INFO - Found 0 new PDF(s) on https://www.technology1.com/__data/assets/image/0003/302673/Stuart-MacDonald-COO.jpg
2026-02-12 13:44:27,386 - INFO - Crawling (depth 2): https://www.technology1.com/__data/assets/image/0004/299893/TechnologyOne-Ed-Chung-and-Pat-OSullivan-3.jpg
2026-02-12 13:44:38,122 - INFO - Found 0 new PDF(s) on https://www.technology1.com/__data/assets/image/0004/299893/TechnologyOne-Ed-Chung-and-Pat-OSullivan-3.jpg
2026-02-12 13:44:38,122 - INFO - Crawling (depth 2): https://www.technology1.com/__data/assets/image/0006/302685/2025_06_TechOne_Showcase-Lakes_SHOT_01_0085_HR.jpg
2026-02-12 13:44:49,231 - INFO - Found 0 new PDF(s) on https://www.technology1.com/__data/assets/image/0006/302685/2025_06_TechOne_Showcase-Lakes_SHOT_01_0085_HR.jpg
2026-02-12 13:44:49,231 - INFO - Crawling (depth 2): https://www.technology1.com/__data/assets/image/0007/299896/TechnologyOne-Pat-OSullivan-1.jpg
2026-02-12 13:45:04,743 - WARNING - Timeout loading https://www.technology1.com/__data/assets/image/0007/299896/TechnologyOne-Pat-OSullivan-1.jpg
2026-02-12 13:45:04,744 - INFO - Found 0 new PDF(s) on https://www.technology1.com/__data/assets/image/0007/299896/TechnologyOne-Pat-OSullivan-1.jpg
2026-02-12 13:45:04,744 - INFO - Crawling (depth 2): https://www.technology1.com/__data/assets/image/0008/288134/2025-Head-Shot-Ed-Chung-3.jpg
2026-02-12 13:45:12,036 - INFO - Found 0 new PDF(s) on https://www.technology1.com/__data/assets/image/0008/288134/2025-Head-Shot-Ed-Chung-3.jpg
2026-02-12 13:45:12,036 - INFO - Crawling (depth 1): https://www.technology1.com/company/events/showcase
2026-02-12 13:45:15,137 - INFO - Found 0 new PDF(s) on https://www.technology1.com/company/events/showcase
2026-02-12 13:45:15,137 - INFO - Crawling (depth 2): https://www.technology1.com/company/events/webinars/learn-more?utm_campaign=parent_fy26_showcase&utm_medium=webinar&utm_source=on24&utm_content=ondemand
2026-02-12 13:45:18,330 - INFO - Found 0 new PDF(s) on https://www.technology1.com/company/events/webinars/learn-more?utm_campaign=parent_fy26_showcase&utm_medium=webinar&utm_source=on24&utm_content=ondemand
2026-02-12 13:45:18,330 - INFO - Crawling (depth 3): https://www.technology1.com/company/events/webinars
2026-02-12 13:45:22,226 - INFO - Found 0 new PDF(s) on https://www.technology1.com/company/events/webinars
2026-02-12 13:45:22,226 - INFO - Crawling (depth 3): https://www.technology1.com/company/events/webinars/learn-more
2026-02-12 13:45:25,292 - INFO - Found 0 new PDF(s) on https://www.technology1.com/company/events/webinars/learn-more
2026-02-12 13:45:25,293 - INFO - 
[Phase 2] Downloading 103 PDF(s)...
2026-02-12 13:45:25,293 - INFO - Downloading PDF (via browser): https://www.technology1.com/_media/documents/pdf/legal/Event-Terms-and-Conditions.pdf
2026-02-12 13:45:26,587 - INFO - Downloading PDF (via browser): https://www.technology1.com/__data/assets/pdf_file/0005/215456/230222-TNE-Omnibus-Incentive-Plan-v05-FINAL-Cln.pdf
2026-02-12 13:45:26,796 - INFO - Downloading PDF (via browser): https://www.technology1.com/__data/assets/pdf_file/0015/142071/TNE-FY20-Full-Year-Results-Release.pdf
2026-02-12 13:49:00,651 - WARNING - Retrying (Retry(total=2, connect=None, read=None, redirect=None, status=None)) after connection broken by 'ConnectionResetError(10054, 'An existing connection was forcibly closed by the remote host', None, 10054, None)': /session/d1d13f1c2b89faf0771002648d44e540
2026-02-12 13:50:01,351 - INFO - ============================================================
2026-02-12 13:50:01,351 - INFO - Starting PDF Crawler (Selenium)
2026-02-12 13:50:01,351 - INFO - Start URL: https://www.technology1.com/company/investors
2026-02-12 13:50:01,351 - INFO - Max Depth: 3
2026-02-12 13:50:01,351 - INFO - Allowed Domains: www.technology1.com
2026-02-12 13:50:01,351 - INFO - Output Directory: pdfs
2026-02-12 13:50:01,351 - INFO - Headless Mode: False
2026-02-12 13:50:01,351 - INFO - ============================================================
2026-02-12 13:50:01,351 - INFO - Initializing browser...
2026-02-12 13:50:01,351 - INFO - ====== WebDriver manager ======
2026-02-12 13:50:02,395 - INFO - Get LATEST chromedriver version for google-chrome
2026-02-12 13:50:02,995 - INFO - Get LATEST chromedriver version for google-chrome
2026-02-12 13:50:03,503 - INFO - Driver [C:\Users\Nassim\.wdm\drivers\chromedriver\win64\144.0.7559.133\chromedriver-win32/chromedriver.exe] found in cache
2026-02-12 13:50:04,575 - INFO - 
[Phase 1] Crawling pages...
2026-02-12 13:50:04,575 - INFO - Crawling (depth 0): https://www.technology1.com/company/investors
2026-02-12 13:50:11,148 - INFO - Found 0 new PDF(s) on https://www.technology1.com/company/investors
2026-02-12 13:50:11,149 - INFO - Crawling (depth 1): https://www.technology1.com/industries/asset-and-project-intensive
2026-02-12 13:50:14,812 - INFO - Found 0 new PDF(s) on https://www.technology1.com/industries/asset-and-project-intensive
2026-02-12 13:50:14,812 - INFO - Crawling (depth 2): https://www.technology1.com/resources/search?mode=results&queries_industry_query=1&queries_resource_type_query=2
2026-02-12 13:50:18,546 - INFO - Found 0 new PDF(s) on https://www.technology1.com/resources/search?mode=results&queries_industry_query=1&queries_resource_type_query=2
2026-02-12 13:50:18,546 - INFO - Crawling (depth 3): https://www.technology1.com/industries/government
2026-02-12 13:50:21,345 - INFO - Found 0 new PDF(s) on https://www.technology1.com/industries/government
2026-02-12 13:50:21,345 - INFO - Crawling (depth 3): https://www.technology1.com
2026-02-12 13:50:24,244 - INFO - Found 0 new PDF(s) on https://www.technology1.com
2026-02-12 13:50:24,245 - INFO - Crawling (depth 3): https://www.technology1.com/industries/health-and-community-services/book-a-demo
2026-02-12 13:50:27,988 - INFO - Found 0 new PDF(s) on https://www.technology1.com/industries/health-and-community-services/book-a-demo
2026-02-12 13:50:27,988 - INFO - Crawling (depth 3): https://www.technology1.com/industries/financial-and-corporate/resources
2026-02-12 13:50:31,732 - INFO - Found 0 new PDF(s) on https://www.technology1.com/industries/financial-and-corporate/resources
2026-02-12 13:50:31,732 - INFO - Crawling (depth 3): https://www.technology1.com/products/dxp-student
2026-02-12 13:50:36,690 - INFO - Found 0 new PDF(s) on https://www.technology1.com/products/dxp-student
2026-02-12 13:50:36,690 - INFO - Crawling (depth 3): https://www.technology1.com/saas-plus
2026-02-12 13:50:40,647 - INFO - Found 0 new PDF(s) on https://www.technology1.com/saas-plus
2026-02-12 13:50:40,647 - INFO - Crawling (depth 3): https://www.technology1.com/resources/media-releases
2026-02-12 13:50:43,765 - INFO - Found 0 new PDF(s) on https://www.technology1.com/resources/media-releases
2026-02-12 13:50:43,776 - INFO - Crawling (depth 3): https://www.technology1.com/industries/asset-and-project-intensive/solution
2026-02-12 13:50:47,543 - INFO - Found 0 new PDF(s) on https://www.technology1.com/industries/asset-and-project-intensive/solution
2026-02-12 13:50:47,543 - INFO - Crawling (depth 3): https://www.technology1.com/industries/local-government/book-a-demo
2026-02-12 13:50:51,444 - INFO - Found 0 new PDF(s) on https://www.technology1.com/industries/local-government/book-a-demo
2026-02-12 13:50:51,444 - INFO - Crawling (depth 3): https://www.technology1.com/industries/financial-and-corporate/book-a-demo
2026-02-12 13:50:55,353 - INFO - Found 0 new PDF(s) on https://www.technology1.com/industries/financial-and-corporate/book-a-demo
2026-02-12 13:50:55,353 - INFO - Crawling (depth 3): https://www.technology1.com/company/about-us
2026-02-12 13:50:59,385 - INFO - Found 0 new PDF(s) on https://www.technology1.com/company/about-us
2026-02-12 13:50:59,385 - INFO - Crawling (depth 3): https://www.technology1.com/company/about-us/values
2026-02-12 13:51:04,295 - INFO - Found 0 new PDF(s) on https://www.technology1.com/company/about-us/values
2026-02-12 13:51:04,295 - INFO - Crawling (depth 3): https://www.technology1.com/industries/government/book-a-demo
2026-02-12 13:51:08,486 - INFO - Found 0 new PDF(s) on https://www.technology1.com/industries/government/book-a-demo
2026-02-12 13:51:08,486 - INFO - Crawling (depth 3): https://www.technology1.com/products/business-analytics
2026-02-12 13:51:13,695 - INFO - Found 0 new PDF(s) on https://www.technology1.com/products/business-analytics
2026-02-12 13:51:13,695 - INFO - Crawling (depth 3): https://www.technology1.com/company/life-at-techone/life-at-technologyone
2026-02-12 13:51:17,457 - INFO - Found 0 new PDF(s) on https://www.technology1.com/company/life-at-techone/life-at-technologyone
2026-02-12 13:51:17,457 - INFO - Crawling (depth 3): https://www.technology1.com/products/enterprise-budgeting
2026-02-12 13:51:21,177 - INFO - Found 0 new PDF(s) on https://www.technology1.com/products/enterprise-budgeting
2026-02-12 13:51:21,177 - INFO - Crawling (depth 3): https://www.technology1.com/products/supply-chain-management
2026-02-12 13:51:24,739 - INFO - Found 0 new PDF(s) on https://www.technology1.com/products/supply-chain-management
2026-02-12 13:51:24,739 - INFO - Crawling (depth 3): https://www.technology1.com/industries/education/resources
2026-02-12 13:51:29,295 - INFO - Found 0 new PDF(s) on https://www.technology1.com/industries/education/resources
2026-02-12 13:51:29,295 - INFO - Crawling (depth 3): https://www.technology1.com/industries/local-government
2026-02-12 13:51:33,514 - INFO - Found 0 new PDF(s) on https://www.technology1.com/industries/local-government
2026-02-12 13:51:33,515 - INFO - Crawling (depth 3): https://www.technology1.com/showcase
2026-02-12 13:51:38,558 - INFO - Found 0 new PDF(s) on https://www.technology1.com/showcase
2026-02-12 13:51:38,558 - INFO - Crawling (depth 3): https://www.technology1.com/saas-plus/security
2026-02-12 13:51:43,378 - INFO - Found 7 new PDF(s) on https://www.technology1.com/saas-plus/security
2026-02-12 13:51:43,378 - INFO - Crawling (depth 3): https://www.technology1.com/company/our-leaders
2026-02-12 13:51:47,543 - INFO - Found 0 new PDF(s) on https://www.technology1.com/company/our-leaders
2026-02-12 13:51:47,543 - INFO - Crawling (depth 3): https://www.technology1.com/company/life-at-techone/technologyone-at-work
2026-02-12 13:51:51,337 - INFO - Found 0 new PDF(s) on https://www.technology1.com/company/life-at-techone/technologyone-at-work
2026-02-12 13:51:51,337 - INFO - Crawling (depth 3): https://www.technology1.com/company/life-at-techone/graduates-and-interns
2026-02-12 13:51:54,504 - INFO - Found 1 new PDF(s) on https://www.technology1.com/company/life-at-techone/graduates-and-interns
2026-02-12 13:51:54,504 - INFO - Crawling (depth 3): https://www.technology1.com/company/foundation
2026-02-12 13:51:58,102 - INFO - Found 0 new PDF(s) on https://www.technology1.com/company/foundation
2026-02-12 13:51:58,102 - INFO - Crawling (depth 3): https://www.technology1.com/products/timetabling-and-scheduling
2026-02-12 13:52:01,132 - INFO - Found 0 new PDF(s) on https://www.technology1.com/products/timetabling-and-scheduling
2026-02-12 13:52:01,132 - INFO - Crawling (depth 3): https://www.technology1.com/industries/government/resources
2026-02-12 13:52:04,900 - INFO - Found 0 new PDF(s) on https://www.technology1.com/industries/government/resources
2026-02-12 13:52:04,900 - INFO - Crawling (depth 3): https://www.technology1.com/industries/financial-and-corporate/solution
2026-02-12 13:52:08,268 - INFO - Found 0 new PDF(s) on https://www.technology1.com/industries/financial-and-corporate/solution
2026-02-12 13:52:08,268 - INFO - Crawling (depth 3): https://www.technology1.com/saas-plus/erp-in-30-days
2026-02-12 13:52:12,562 - INFO - Found 0 new PDF(s) on https://www.technology1.com/saas-plus/erp-in-30-days
2026-02-12 13:52:12,562 - INFO - Crawling (depth 3): https://www.technology1.com/products/student-management
2026-02-12 13:52:16,344 - INFO - Found 0 new PDF(s) on https://www.technology1.com/products/student-management
2026-02-12 13:52:16,344 - INFO - Crawling (depth 3): https://www.technology1.com/resources/media-kit
2026-02-12 13:52:24,250 - INFO - Found 0 new PDF(s) on https://www.technology1.com/resources/media-kit
2026-02-12 13:52:24,250 - INFO - Crawling (depth 3): https://www.technology1.com/industries/education/solution
2026-02-12 13:52:27,652 - INFO - Found 0 new PDF(s) on https://www.technology1.com/industries/education/solution
2026-02-12 13:52:27,653 - INFO - Crawling (depth 3): https://www.technology1.com/products/spatial
2026-02-12 13:52:30,478 - INFO - Found 0 new PDF(s) on https://www.technology1.com/products/spatial
2026-02-12 13:52:30,478 - INFO - Crawling (depth 3): https://www.technology1.com/privacy-policy
2026-02-12 13:52:33,239 - INFO - Found 2 new PDF(s) on https://www.technology1.com/privacy-policy
2026-02-12 13:52:33,239 - INFO - Crawling (depth 3): https://www.technology1.com/company/life-at-techone/join-the-team
2026-02-12 13:52:36,082 - INFO - Found 0 new PDF(s) on https://www.technology1.com/company/life-at-techone/join-the-team
2026-02-12 13:52:36,082 - INFO - Crawling (depth 3): https://www.technology1.com/industries/local-government/solution
2026-02-12 13:52:39,426 - INFO - Found 0 new PDF(s) on https://www.technology1.com/industries/local-government/solution
2026-02-12 13:52:39,426 - INFO - Crawling (depth 3): https://www.technology1.com/industries/local-government/resources
2026-02-12 13:52:43,213 - INFO - Found 0 new PDF(s) on https://www.technology1.com/industries/local-government/resources
2026-02-12 13:52:43,213 - INFO - Crawling (depth 3): https://www.technology1.com/terms-of-use
2026-02-12 13:52:46,181 - INFO - Found 0 new PDF(s) on https://www.technology1.com/terms-of-use
2026-02-12 13:52:46,181 - INFO - Crawling (depth 3): https://www.technology1.com/industries/financial-and-corporate
2026-02-12 13:52:49,185 - INFO - Found 0 new PDF(s) on https://www.technology1.com/industries/financial-and-corporate
2026-02-12 13:52:49,185 - INFO - Crawling (depth 3): https://www.technology1.com/products/financials
2026-02-12 13:52:52,151 - INFO - Found 0 new PDF(s) on https://www.technology1.com/products/financials
2026-02-12 13:52:52,152 - INFO - Crawling (depth 3): https://www.technology1.com/industries/health-and-community-services/solution
2026-02-12 13:52:55,281 - INFO - Found 0 new PDF(s) on https://www.technology1.com/industries/health-and-community-services/solution
2026-02-12 13:52:55,281 - INFO - Crawling (depth 3): https://www.technology1.com/products/dxp-local-government
2026-02-12 13:52:58,287 - INFO - Found 0 new PDF(s) on https://www.technology1.com/products/dxp-local-government
2026-02-12 13:52:58,287 - INFO - Crawling (depth 3): https://www.technology1.com/resources/case-studies
2026-02-12 13:53:01,258 - INFO - Found 0 new PDF(s) on https://www.technology1.com/resources/case-studies
2026-02-12 13:53:01,259 - INFO - Crawling (depth 3): https://www.technology1.com/industries/health-and-community-services/resources
2026-02-12 13:53:04,698 - INFO - Found 0 new PDF(s) on https://www.technology1.com/industries/health-and-community-services/resources
2026-02-12 13:53:04,699 - INFO - Crawling (depth 3): https://www.technology1.com/saas-plus/software-releases
2026-02-12 13:53:07,586 - INFO - Found 0 new PDF(s) on https://www.technology1.com/saas-plus/software-releases
2026-02-12 13:53:07,586 - INFO - Crawling (depth 3): https://www.technology1.com/industries/education
2026-02-12 13:53:10,973 - INFO - Found 0 new PDF(s) on https://www.technology1.com/industries/education
2026-02-12 13:53:10,973 - INFO - Crawling (depth 3): https://www.technology1.com/products/enterprise-asset-management
2026-02-12 13:53:13,774 - INFO - Found 0 new PDF(s) on https://www.technology1.com/products/enterprise-asset-management
2026-02-12 13:53:13,774 - INFO - Crawling (depth 3): https://www.technology1.com/resources/filter
2026-02-12 13:53:16,640 - INFO - Found 0 new PDF(s) on https://www.technology1.com/resources/filter
2026-02-12 13:53:16,642 - INFO - Crawling (depth 3): https://www.technology1.com/products/enterprise-content-management
2026-02-12 13:53:19,387 - INFO - Found 0 new PDF(s) on https://www.technology1.com/products/enterprise-content-management
2026-02-12 13:53:19,387 - INFO - Crawling (depth 3): https://www.technology1.com/saas-plus/support-and-training
2026-02-12 13:53:22,222 - INFO - Found 0 new PDF(s) on https://www.technology1.com/saas-plus/support-and-training
2026-02-12 13:53:22,222 - INFO - Crawling (depth 3): https://www.technology1.com/company/investors/corporate-governance
2026-02-12 13:53:25,058 - INFO - Found 19 new PDF(s) on https://www.technology1.com/company/investors/corporate-governance
2026-02-12 13:53:25,060 - INFO - Crawling (depth 3): https://www.technology1.com/products/plus
2026-02-12 13:53:28,084 - INFO - Found 0 new PDF(s) on https://www.technology1.com/products/plus
2026-02-12 13:53:28,084 - INFO - Crawling (depth 3): https://www.technology1.com/products/dxp-essentials
2026-02-12 13:53:30,988 - INFO - Found 0 new PDF(s) on https://www.technology1.com/products/dxp-essentials
2026-02-12 13:53:30,988 - INFO - Crawling (depth 3): https://www.technology1.com/saas-plus/our-solutions
2026-02-12 13:53:34,058 - INFO - Found 0 new PDF(s) on https://www.technology1.com/saas-plus/our-solutions
2026-02-12 13:53:34,058 - INFO - Crawling (depth 3): https://www.technology1.com/industries/asset-and-project-intensive/resources
2026-02-12 13:53:37,048 - INFO - Found 0 new PDF(s) on https://www.technology1.com/industries/asset-and-project-intensive/resources
2026-02-12 13:53:37,048 - INFO - Crawling (depth 3): https://www.technology1.com/company/investors/board-of-directors
2026-02-12 13:53:40,360 - INFO - Found 0 new PDF(s) on https://www.technology1.com/company/investors/board-of-directors
2026-02-12 13:53:40,360 - INFO - Crawling (depth 3): https://www.technology1.com/products/performance-planning
2026-02-12 13:53:43,121 - INFO - Found 0 new PDF(s) on https://www.technology1.com/products/performance-planning
2026-02-12 13:53:43,121 - INFO - Crawling (depth 3): https://www.technology1.com/products/enterprise-cash-receipting
2026-02-12 13:53:45,973 - INFO - Found 0 new PDF(s) on https://www.technology1.com/products/enterprise-cash-receipting
2026-02-12 13:53:45,974 - INFO - Crawling (depth 3): https://www.technology1.com/company/about-us/history
2026-02-12 13:53:48,764 - INFO - Found 0 new PDF(s) on https://www.technology1.com/company/about-us/history
2026-02-12 13:53:48,764 - INFO - Crawling (depth 3): https://www.technology1.com/company/investors/annual-reports
2026-02-12 13:53:51,594 - INFO - Found 74 new PDF(s) on https://www.technology1.com/company/investors/annual-reports
2026-02-12 13:53:51,594 - INFO - Crawling (depth 3): https://www.technology1.com/resources/articles
2026-02-12 13:53:54,669 - INFO - Found 0 new PDF(s) on https://www.technology1.com/resources/articles
2026-02-12 13:53:54,669 - INFO - Crawling (depth 3): https://www.technology1.com/company/contact-us
2026-02-12 13:53:57,950 - INFO - Found 0 new PDF(s) on https://www.technology1.com/company/contact-us
2026-02-12 13:53:57,950 - INFO - Crawling (depth 3): https://www.technology1.com/company/life-at-techone
2026-02-12 13:54:00,930 - INFO - Found 0 new PDF(s) on https://www.technology1.com/company/life-at-techone
2026-02-12 13:54:00,930 - INFO - Crawling (depth 3): https://www.technology1.com/company/investors/financial-calendar
2026-02-12 13:54:03,768 - INFO - Found 0 new PDF(s) on https://www.technology1.com/company/investors/financial-calendar
2026-02-12 13:54:03,768 - INFO - Crawling (depth 3): https://www.technology1.com/company/about-us/core-beliefs
2026-02-12 13:54:06,544 - INFO - Found 0 new PDF(s) on https://www.technology1.com/company/about-us/core-beliefs
2026-02-12 13:54:06,544 - INFO - Crawling (depth 3): https://www.technology1.com/products/app-builder
2026-02-12 13:54:09,862 - INFO - Found 0 new PDF(s) on https://www.technology1.com/products/app-builder
2026-02-12 13:54:09,863 - INFO - Crawling (depth 3): https://www.technology1.com/products/human-resources-and-payroll
2026-02-12 13:54:13,149 - INFO - Found 0 new PDF(s) on https://www.technology1.com/products/human-resources-and-payroll
2026-02-12 13:54:13,149 - INFO - Crawling (depth 3): https://www.technology1.com/products/property-and-rating
2026-02-12 13:54:16,106 - INFO - Found 0 new PDF(s) on https://www.technology1.com/products/property-and-rating
2026-02-12 13:54:16,106 - INFO - Crawling (depth 3): https://www.technology1.com/industries/health-and-community-services
2026-02-12 13:54:19,115 - INFO - Found 0 new PDF(s) on https://www.technology1.com/industries/health-and-community-services
2026-02-12 13:54:19,115 - INFO - Crawling (depth 3): https://www.technology1.com/industries/asset-and-project-intensive/book-a-demo
2026-02-12 13:54:22,269 - INFO - Found 0 new PDF(s) on https://www.technology1.com/industries/asset-and-project-intensive/book-a-demo
2026-02-12 13:54:22,269 - INFO - Crawling (depth 3): https://www.technology1.com/industries/government/solution
2026-02-12 13:54:25,932 - INFO - Found 0 new PDF(s) on https://www.technology1.com/industries/government/solution
2026-02-12 13:54:25,932 - INFO - Crawling (depth 3): https://www.technology1.com/products/corporate-performance-management
2026-02-12 13:54:29,131 - INFO - Found 0 new PDF(s) on https://www.technology1.com/products/corporate-performance-management
2026-02-12 13:54:29,131 - INFO - Crawling (depth 3): https://www.technology1.com/industries/education/book-a-demo
2026-02-12 13:54:32,245 - INFO - Found 0 new PDF(s) on https://www.technology1.com/industries/education/book-a-demo
2026-02-12 13:54:32,245 - INFO - Crawling (depth 3): https://www.technology1.com/_media/rss-news
2026-02-12 13:54:35,438 - INFO - Found 0 new PDF(s) on https://www.technology1.com/_media/rss-news
2026-02-12 13:54:35,438 - INFO - Crawling (depth 1): https://www.technology1.com/company/events/showcase
2026-02-12 13:54:38,763 - INFO - Found 0 new PDF(s) on https://www.technology1.com/company/events/showcase
2026-02-12 13:54:38,763 - INFO - Crawling (depth 2): https://www.technology1.com/company/events/webinars/learn-more?utm_campaign=parent_fy26_showcase&utm_medium=webinar&utm_source=on24&utm_content=ondemand
2026-02-12 13:54:41,811 - INFO - Found 0 new PDF(s) on https://www.technology1.com/company/events/webinars/learn-more?utm_campaign=parent_fy26_showcase&utm_medium=webinar&utm_source=on24&utm_content=ondemand
2026-02-12 13:54:41,811 - INFO - Crawling (depth 3): https://www.technology1.com/company/events/webinars/learn-more
2026-02-12 13:54:45,392 - INFO - Found 0 new PDF(s) on https://www.technology1.com/company/events/webinars/learn-more
2026-02-12 13:54:45,392 - INFO - Crawling (depth 3): https://www.technology1.com/company/events/webinars
2026-02-12 13:54:48,519 - INFO - Found 0 new PDF(s) on https://www.technology1.com/company/events/webinars
2026-02-12 13:54:48,519 - INFO - 
[Phase 2] Downloading 103 PDF(s)...
2026-02-12 13:54:48,519 - INFO - Downloading PDF (via browser): https://www.technology1.com/__data/assets/pdf_file/0014/223601/TNE-Half-Year-Results-Announcement-2023.pdf
2026-02-12 13:54:48,961 - INFO - Downloading PDF (via browser): https://www.technology1.com/__data/assets/pdf_file/0019/240355/2023-Annual-Report.pdf
2026-02-12 13:54:49,173 - INFO - Downloading PDF (via browser): https://www.technology1.com/__data/assets/pdf_file/0006/281985/CourseLoop-Cyber-Essentials-Certificate-2025.pdf
2026-02-12 13:54:49,796 - INFO - Downloading PDF (via browser): https://www.technology1.com/__data/assets/pdf_file/0018/251127/2024-Half-Year-Results-ASX-Announcement-TechnologyOne.pdf
2026-02-12 13:55:20,544 - WARNING - https://www.technology1.com/__data/assets/pdf_file/0018/251127/2024-Half-Year-Results-ASX-Announcement-TechnologyOne.pdf: file missing after download
2026-02-12 13:55:20,544 - INFO - Downloading PDF (via browser): https://www.technology1.com/__data/assets/pdf_file/0019/117235/TNE-Code-of-Business-Conduct.pdf
2026-02-12 13:55:20,788 - INFO - Downloading PDF (via browser): https://www.technology1.com/__data/assets/pdf_file/0009/119493/2018-Annual-Report.pdf
2026-02-12 13:55:51,663 - WARNING - https://www.technology1.com/__data/assets/pdf_file/0009/119493/2018-Annual-Report.pdf: file missing after download
2026-02-12 13:55:51,663 - INFO - Downloading PDF (via browser): https://www.technology1.com/__data/assets/pdf_file/0005/119489/2018-Half-Year-Report.pdf
2026-02-12 13:55:52,041 - INFO - Downloading PDF (via browser): https://www.technology1.com/__data/assets/pdf_file/0015/117222/TNE-NGC-Charter-FY23.pdf
2026-02-12 13:56:23,702 - WARNING - https://www.technology1.com/__data/assets/pdf_file/0015/117222/TNE-NGC-Charter-FY23.pdf: file missing after download
2026-02-12 13:56:23,702 - INFO - Downloading PDF (via browser): https://www.technology1.com/__data/assets/pdf_file/0003/119487/FY19-Annual-Report.pdf
2026-02-12 13:56:23,958 - INFO - Downloading PDF (via browser): https://www.technology1.com/__data/assets/pdf_file/0003/119505/TechnologyOne_2016_AnnualReport.pdf
2026-02-12 13:56:54,875 - INFO - Downloading PDF (via browser): https://www.technology1.com/__data/assets/pdf_file/0011/273926/FY24_AGM-MASTER-SLIDES-ASX.pdf
2026-02-12 13:56:55,329 - INFO - Downloading PDF (via browser): https://www.technology1.com/__data/assets/pdf_file/0017/119501/Technology-One_2016_Full-Year-Results-Chairmans-Presentation.pdf
2026-02-12 13:57:26,168 - INFO - Downloading PDF (via browser): https://www.technology1.com/__data/assets/pdf_file/0019/150580/FY21-Half-Year-Results-Presentation.pdf
2026-02-12 13:57:26,541 - INFO - Downloading PDF (via browser): https://www.technology1.com/__data/assets/pdf_file/0018/206190/WGEA-Public-Report-Employee-Data-Tables.pdf
2026-02-12 13:57:26,955 - INFO - Downloading PDF (via browser): https://www.technology1.com/__data/assets/pdf_file/0004/119506/TechnologyOne-2015-Full-Year-Results-presentation.pdf
2026-02-12 13:57:57,848 - INFO - Downloading PDF (via browser): https://www.technology1.com/__data/assets/pdf_file/0006/119499/TechnologyOne_2017_AnnualReport.pdf
2026-02-12 13:57:58,194 - INFO - Downloading PDF (via browser): https://www.technology1.com/__data/assets/pdf_file/0015/223602/TNE-2023-Half-Year-Results-Presentation.pdf
2026-02-12 13:57:58,720 - INFO - Downloading PDF (via browser): https://www.technology1.com/__data/assets/pdf_file/0016/181303/FY21-Notice-of-Meeting.pdf
2026-02-12 13:58:29,621 - INFO - Downloading PDF (via browser): https://www.technology1.com/__data/assets/pdf_file/0007/119509/TechnologyOne-2015-Notice-of-Meeting.pdf
2026-02-12 13:58:29,938 - INFO - Downloading PDF (via browser): https://www.technology1.com/__data/assets/pdf_file/0017/143216/TNE-Bribery-and-Corruption-Policy-2025-001.pdf
2026-02-12 13:59:00,885 - WARNING - https://www.technology1.com/__data/assets/pdf_file/0017/143216/TNE-Bribery-and-Corruption-Policy-2025-001.pdf: file missing after download
2026-02-12 13:59:00,885 - INFO - Downloading PDF (via browser): https://www.technology1.com/__data/assets/pdf_file/0008/119492/2018-Annual-General-Meeting-Notice-of-Meeting.pdf
2026-02-12 13:59:01,316 - INFO - Downloading PDF (via browser): https://www.technology1.com/__data/assets/pdf_file/0004/119497/TechnologyOne_2017_Notice_Of_Meeting_Annual_General_Meeting.pdf
2026-02-12 13:59:32,320 - WARNING - https://www.technology1.com/__data/assets/pdf_file/0004/119497/TechnologyOne_2017_Notice_Of_Meeting_Annual_General_Meeting.pdf: file missing after download
2026-02-12 13:59:32,320 - INFO - Downloading PDF (via browser): https://www.technology1.com/_media/documents/pdf/legal/Event-Terms-and-Conditions.pdf
2026-02-12 13:59:33,427 - INFO - Downloading PDF (via browser): https://www.technology1.com/__data/assets/pdf_file/0004/246757/TNE-Modern-Slavery-Statement-FY25.pdf
2026-02-12 13:59:34,309 - INFO - Downloading PDF (via browser): https://www.technology1.com/__data/assets/pdf_file/0004/215455/2022-Annual-General-Meeting-Notice-of-Meeting-TechnologyOne.pdf
2026-02-12 13:59:34,920 - INFO - Downloading PDF (via browser): https://www.technology1.com/__data/assets/pdf_file/0008/119483/3.-TNE-H1-2019-Results-Presentation.pdf
2026-02-12 14:00:05,290 - INFO - Downloading PDF (via browser): https://www.technology1.com/__data/assets/pdf_file/0007/164293/FY21-Full-Year-Results-announcement.pdf
2026-02-12 14:00:05,742 - INFO - Downloading PDF (via browser): https://www.technology1.com/__data/assets/pdf_file/0020/215066/TNE-rTSR-Methodology.pdf
2026-02-12 14:00:36,802 - INFO - Downloading PDF (via browser): https://www.technology1.com/__data/assets/pdf_file/0008/247589/Gender-Pay-Gap-Statement_APRIL-24.pdf
2026-02-12 14:00:43,413 - INFO - Downloading PDF (via browser): https://www.technology1.com/__data/assets/pdf_file/0009/295317/TNE-FY25-Results-Release-ASX.pdf
2026-02-12 14:01:14,327 - INFO - Downloading PDF (via browser): https://www.technology1.com/__data/assets/pdf_file/0006/278313/Half-Year-Results-Report-and-Appendix-4D.pdf
2026-02-12 14:01:14,635 - INFO - Downloading PDF (via browser): https://www.technology1.com/__data/assets/pdf_file/0004/142294/Sustainability-Report-FY25.pdf
2026-02-12 14:01:15,024 - INFO - Downloading PDF (via browser): https://www.technology1.com/__data/assets/pdf_file/0010/156592/Cyber-Essentials-Plus-Certificate-2025.pdf
2026-02-12 14:01:45,892 - INFO - Downloading PDF (via browser): https://www.technology1.com/__data/assets/pdf_file/0007/301201/TNE-2025-AGM-Virtual-Meeting-Guide.pdf
2026-02-12 14:01:46,505 - INFO - Downloading PDF (via browser): https://www.technology1.com/__data/assets/pdf_file/0016/119500/2016-Roadshow-Half-Year-Presentation_FINAL.pdf
2026-02-12 14:02:17,434 - INFO - Downloading PDF (via browser): https://www.technology1.com/__data/assets/pdf_file/0011/242669/TNE-Notice-of-Meeting-and-Proxy-Form-FY23-AGM.pdf
2026-02-12 14:02:48,604 - INFO - Downloading PDF (via browser): https://www.technology1.com/__data/assets/pdf_file/0020/119504/TechnologyOne_2016_AGM_Presentation.pdf
2026-02-12 14:02:48,954 - INFO - Downloading PDF (via browser): https://www.technology1.com/__data/assets/pdf_file/0005/215456/230222-TNE-Omnibus-Incentive-Plan-v05-FINAL-Cln.pdf
2026-02-12 14:03:19,994 - INFO - Downloading PDF (via browser): https://www.technology1.com/__data/assets/pdf_file/0009/119484/20190521-TNE-H1-2019-ASX-Results-Release-Final.pdf
2026-02-12 14:03:20,379 - INFO - Downloading PDF (via browser): https://www.technology1.com/__data/assets/pdf_file/0019/119503/TechnologyOne_2016_Notice_of_Annual_General_Meeting.pdf
2026-02-12 14:03:21,087 - INFO - Downloading PDF (via browser): https://www.technology1.com/__data/assets/pdf_file/0010/267823/FY24-Results-Presentation.pdf
2026-02-12 14:03:52,112 - INFO - Downloading PDF (via browser): https://www.technology1.com/__data/assets/pdf_file/0011/116588/TechnologyOne-Privacy-Policy.pdf
2026-02-12 14:03:52,442 - INFO - Downloading PDF (via browser): https://www.technology1.com/__data/assets/pdf_file/0007/136681/ISO27001.pdf
2026-02-12 14:04:23,454 - WARNING - https://www.technology1.com/__data/assets/pdf_file/0007/136681/ISO27001.pdf: file missing after download
2026-02-12 14:04:23,454 - INFO - Downloading PDF (via browser): https://www.technology1.com/__data/assets/pdf_file/0013/212521/TechnologyOne-2022-Full-Year-Results-Presentation.pdf
2026-02-12 14:04:23,772 - INFO - Downloading PDF (via browser): https://www.technology1.com/__data/assets/pdf_file/0006/215457/Virtual-Meeting-Online-Guide.pdf
2026-02-12 14:04:24,474 - INFO - Downloading PDF (via browser): https://www.technology1.com/__data/assets/pdf_file/0006/164292/211123-3-TNE-FY21-Results-Presentation.pdf
2026-02-12 14:04:55,300 - INFO - Downloading PDF (via browser): https://www.technology1.com/__data/assets/pdf_file/0018/119511/TechnologyOne-2015-Annual-Report.pdf
2026-02-12 14:04:55,869 - INFO - Downloading PDF (via browser): https://www.technology1.com/__data/assets/pdf_file/0009/150579/FY21-Half-Year-Results-Announcement.pdf
2026-02-12 14:05:26,539 - INFO - Downloading PDF (via browser): https://www.technology1.com/__data/assets/pdf_file/0016/117223/TNE-REM-Ctee-Charter-FY23.pdf
2026-02-12 14:05:26,962 - INFO - Downloading PDF (via browser): https://www.technology1.com/__data/assets/pdf_file/0019/130717/TNE-H1-FY20-Results-Presentation.pdf
2026-02-12 14:05:57,713 - WARNING - https://www.technology1.com/__data/assets/pdf_file/0019/130717/TNE-H1-FY20-Results-Presentation.pdf: file missing after download
2026-02-12 14:05:57,713 - INFO - Downloading PDF (via browser): https://www.technology1.com/__data/assets/pdf_file/0018/119502/2016-Half-Year-Report.pdf
2026-02-12 14:05:58,403 - INFO - Downloading PDF (via browser): https://www.technology1.com/__data/assets/pdf_file/0005/193874/TechnologyOne-FY22-Half-Year-Results-Announcement.pdf
2026-02-12 14:06:29,423 - INFO - Downloading PDF (via browser): https://www.technology1.com/__data/assets/pdf_file/0018/117225/TNE-Board-Charter-FY23.pdf
2026-02-12 14:06:30,059 - INFO - Downloading PDF (via browser): https://www.technology1.com/__data/assets/pdf_file/0007/238543/FY23-full-year-results-presentation.pdf
2026-02-12 14:07:00,931 - INFO - Downloading PDF (via browser): https://www.technology1.com/__data/assets/pdf_file/0004/119488/2018-Half-Year-Presentation.pdf
2026-02-12 14:07:01,276 - INFO - Downloading PDF (via browser): https://www.technology1.com/__data/assets/pdf_file/0020/206192/WGEA-Public-Report-Questionnaire.pdf
2026-02-12 14:07:33,840 - INFO - Downloading PDF (via browser): https://www.technology1.com/__data/assets/pdf_file/0009/156591/Cyber-Essentials-Certificate-2025.pdf
2026-02-12 14:07:35,269 - INFO - Downloading PDF (via browser): https://www.technology1.com/__data/assets/pdf_file/0006/301200/2025-AGM-Notice-of-Meeting-with-Proxy-Form.pdf
2026-02-12 14:08:06,149 - WARNING - https://www.technology1.com/__data/assets/pdf_file/0006/301200/2025-AGM-Notice-of-Meeting-with-Proxy-Form.pdf: file missing after download
2026-02-12 14:08:06,149 - INFO - Downloading PDF (via browser): https://www.technology1.com/__data/assets/pdf_file/0019/251128/2024-Half-Year-Results-TechnologyOne.pdf
2026-02-12 14:08:06,931 - INFO - Downloading PDF (via browser): https://www.technology1.com/__data/assets/pdf_file/0017/117224/TNE-ARC-Charter-FY23.pdf
2026-02-12 14:08:37,809 - WARNING - https://www.technology1.com/__data/assets/pdf_file/0017/117224/TNE-ARC-Charter-FY23.pdf: file missing after download
2026-02-12 14:08:37,810 - INFO - Downloading PDF (via browser): https://www.technology1.com/__data/assets/pdf_file/0012/212520/TechnologyOne-2022-Full-Year-Results-Announcement.pdf
2026-02-12 14:08:38,126 - INFO - Downloading PDF (via browser): https://www.technology1.com/__data/assets/pdf_file/0018/206244/TNE-Supplier-Code-of-Conduct-2025.pdf
2026-02-12 14:09:08,951 - WARNING - https://www.technology1.com/__data/assets/pdf_file/0018/206244/TNE-Supplier-Code-of-Conduct-2025.pdf: file missing after download
2026-02-12 14:09:08,951 - INFO - Downloading PDF (via browser): https://www.technology1.com/__data/assets/pdf_file/0019/130708/TNE-H1-FY20-Half-Year-Results-Release.pdf
2026-02-12 14:09:09,314 - INFO - Downloading PDF (via browser): https://www.technology1.com/__data/assets/pdf_file/0007/242674/TNE-FY23-AGM-Virtual-Meeting-Guide.pdf
2026-02-12 14:09:39,956 - WARNING - https://www.technology1.com/__data/assets/pdf_file/0007/242674/TNE-FY23-AGM-Virtual-Meeting-Guide.pdf: file missing after download
2026-02-12 14:09:39,956 - INFO - Downloading PDF (via browser): https://www.technology1.com/__data/assets/pdf_file/0011/295229/TechnologyOne_AI-Policy.pdf
2026-02-12 14:09:40,282 - INFO - Downloading PDF (via browser): https://www.technology1.com/__data/assets/pdf_file/0018/117234/Diversity-Policy-TechnologyOne.pdf
2026-02-12 14:10:11,193 - WARNING - https://www.technology1.com/__data/assets/pdf_file/0018/117234/Diversity-Policy-TechnologyOne.pdf: file missing after download
2026-02-12 14:10:11,193 - INFO - Downloading PDF (via browser): https://www.technology1.com/__data/assets/pdf_file/0007/119491/2018-Full-Year-Results-Presentation-1.pdf
2026-02-12 14:10:11,787 - INFO - Downloading PDF (via browser): https://www.technology1.com/__data/assets/pdf_file/0016/143224/FY20-Annual-Report.pdf
2026-02-12 14:10:12,564 - INFO - Downloading PDF (via browser): https://www.technology1.com/__data/assets/pdf_file/0011/119486/191119-TNE-FY2019-Results-Release-Final.pdf
2026-02-12 14:10:12,899 - INFO - Downloading PDF (via browser): https://www.technology1.com/__data/assets/pdf_file/0011/269696/2025_TNE-VM-Online-Guide.pdf
2026-02-12 14:10:13,635 - INFO - Downloading PDF (via browser): https://www.technology1.com/__data/assets/pdf_file/0009/267822/FY24-ASX-Results-Release.pdf
2026-02-12 14:10:44,436 - WARNING - https://www.technology1.com/__data/assets/pdf_file/0009/267822/FY24-ASX-Results-Release.pdf: file missing after download
2026-02-12 14:10:44,436 - INFO - Downloading PDF (via browser): https://www.technology1.com/__data/assets/pdf_file/0018/251172/2.-TNE-H1-FY24-App4D-Half-Year-Financial-Report.pdf
2026-02-12 14:10:45,169 - INFO - Downloading PDF (via browser): https://www.technology1.com/__data/assets/pdf_file/0010/269695/TNE-NoM-and-Proxy-Form-FY24.pdf
2026-02-12 14:11:16,001 - INFO - Downloading PDF (via browser): https://www.technology1.com/__data/assets/pdf_file/0004/193873/TechnologyOne-FY22-Half-Year-Results-Presentation.pdf
2026-02-12 14:11:16,334 - INFO - Downloading PDF (via browser): https://www.technology1.com/__data/assets/pdf_file/0005/278312/Half-Year-Results-Presentation-2025-TechnologyOne.pdf
2026-02-12 14:11:47,298 - INFO - Downloading PDF (via browser): https://www.technology1.com/__data/assets/pdf_file/0006/119508/CORP_Half-Year-Report_2015_LR.pdf
2026-02-12 14:11:47,675 - INFO - Downloading PDF (via browser): https://www.technology1.com/__data/assets/pdf_file/0005/119507/2015-Half-Year-Results-Presentation.pdf
2026-02-12 14:12:18,651 - INFO - Downloading PDF (via browser): https://www.technology1.com/__data/assets/pdf_file/0017/181304/FY21-Annual-Report.pdf
2026-02-12 14:12:19,055 - INFO - Downloading PDF (via browser): https://www.technology1.com/__data/assets/pdf_file/0015/117231/TNE-Share-Trading-Policy-Blackout-Periods-FY25-006.pdf
2026-02-12 14:12:19,628 - INFO - Downloading PDF (via browser): https://www.technology1.com/__data/assets/pdf_file/0011/300008/TechnologyOne-FY25-Appendix-4E.pdf
2026-02-12 14:12:50,457 - WARNING - https://www.technology1.com/__data/assets/pdf_file/0011/300008/TechnologyOne-FY25-Appendix-4E.pdf: file missing after download
2026-02-12 14:12:50,457 - INFO - Downloading PDF (via browser): https://www.technology1.com/__data/assets/pdf_file/0010/119485/191119-TNE-FY19-Results-Roadshow.115.pdf
2026-02-12 14:12:50,823 - INFO - Downloading PDF (via browser): https://www.technology1.com/__data/assets/pdf_file/0006/119490/2018-TNE-IFRS-Presentation.pdf
2026-02-12 14:13:21,635 - INFO - Downloading PDF (via browser): https://www.technology1.com/__data/assets/pdf_file/0008/136682/ISO27018.pdf
2026-02-12 14:13:22,368 - INFO - Downloading PDF (via browser): https://www.technology1.com/__data/assets/pdf_file/0009/278307/Half-Year-Results-ASX-Announcement-2025-TechnologyOne.pdf
2026-02-12 14:13:53,246 - WARNING - https://www.technology1.com/__data/assets/pdf_file/0009/278307/Half-Year-Results-ASX-Announcement-2025-TechnologyOne.pdf: file missing after download
2026-02-12 14:13:53,246 - INFO - Downloading PDF (via browser): https://www.technology1.com/__data/assets/pdf_file/0020/142292/Corporate-Governance-Statement.pdf
2026-02-12 14:13:53,684 - INFO - Downloading PDF (via browser): https://www.technology1.com/__data/assets/pdf_file/0012/269859/TNE-Proposed-Constitution-FY24.pdf
2026-02-12 14:14:24,530 - INFO - Downloading PDF (via browser): https://www.technology1.com/__data/assets/pdf_file/0015/142071/TNE-FY20-Full-Year-Results-Release.pdf
2026-02-12 14:14:24,969 - INFO - Downloading PDF (via browser): https://www.technology1.com/__data/assets/pdf_file/0003/119496/TechnologyOne-2017-Full-Year-Results-Presentation.pdf
2026-02-12 14:14:56,158 - WARNING - https://www.technology1.com/__data/assets/pdf_file/0003/119496/TechnologyOne-2017-Full-Year-Results-Presentation.pdf: file missing after download
2026-02-12 14:14:56,158 - INFO - Downloading PDF (via browser): https://www.technology1.com/__data/assets/pdf_file/0008/281969/CourseLoop-Cyber-Essentials-Plus-Certificate-2025.pdf
2026-02-12 14:14:56,512 - INFO - Downloading PDF (via browser): https://www.technology1.com/__data/assets/pdf_file/0017/130391/TNE-Modern-Slavery-Policy-2025.pdf
2026-02-12 14:15:27,448 - INFO - Downloading PDF (via browser): https://www.technology1.com/__data/assets/pdf_file/0008/119852/TNE-Whistleblower-Policy-Statement.pdf
2026-02-12 14:15:27,797 - INFO - Downloading PDF (via browser): https://www.technology1.com/__data/assets/pdf_file/0018/130392/Technology_One_Limited_Constitution.pdf
2026-02-12 14:15:28,380 - INFO - Downloading PDF (via browser): https://www.technology1.com/__data/assets/pdf_file/0008/295316/Full-Year-Results-Presentation-2025-TechnologyOne.pdf
2026-02-12 14:15:59,326 - INFO - Downloading PDF (via browser): https://www.technology1.com/__data/assets/pdf_file/0016/130705/TNE-FY20-Results-Presentation.pdf
2026-02-12 14:15:59,892 - INFO - Downloading PDF (via browser): https://www.technology1.com/__data/assets/pdf_file/0005/119498/2017-12-17-AGM-Presn.031-tues-morn-FINAL-5.0am.pdf
2026-02-12 14:16:00,928 - INFO - Downloading PDF (via browser): https://www.technology1.com/__data/assets/pdf_file/0004/300010/TechnologyOne-Annual-Report-2025.pdf
2026-02-12 14:16:01,387 - INFO - Downloading PDF (via browser): https://www.technology1.com/__data/assets/pdf_file/0016/117232/TNE-Continuous-Disclosure-Policy-2025.pdf
2026-02-12 14:16:32,353 - INFO - Downloading PDF (via browser): https://www.technology1.com/__data/assets/pdf_file/0010/119494/TechnologyOne-2017-Half-Year-Results-Presentation.pdf
2026-02-12 14:16:32,751 - INFO - Downloading PDF (via browser): https://www.technology1.com/__data/assets/pdf_file/0017/119510/TechnologyOne-AGM-Presentation.pdf
2026-02-12 14:17:03,812 - INFO - Downloading PDF (via browser): https://www.technology1.com/__data/assets/pdf_file/0007/268801/2024-Annual-Report-TechnologyOne.pdf
2026-02-12 14:17:04,127 - INFO - Downloading PDF (via browser): https://www.technology1.com/__data/assets/pdf_file/0011/119495/TechnologyOne_2017_Half_year_report.pdf
2026-02-12 14:17:35,193 - INFO - Downloading PDF (via browser): https://www.technology1.com/__data/assets/pdf_file/0006/238542/2023-FY-ASX-Announcement.pdf
2026-02-12 14:17:36,011 - INFO - Downloading PDF (via browser): https://www.technology1.com/__data/assets/pdf_file/0018/143532/FY20-Annual-General-Meeting-Notice-of-Meeting.pdf
2026-02-12 14:18:06,953 - WARNING - https://www.technology1.com/__data/assets/pdf_file/0018/143532/FY20-Annual-General-Meeting-Notice-of-Meeting.pdf: file missing after download
2026-02-12 14:18:06,953 - INFO - 
[Phase 3] Writing manifest...
2026-02-12 14:18:06,953 - INFO - Manifest written to: pdfs\manifest.json
2026-02-12 14:37:55,991 - INFO - ============================================================
2026-02-12 14:37:55,992 - INFO - Starting PDF Crawler (Selenium)
2026-02-12 14:37:55,992 - INFO - Start URL: https://www.technology1.com/company/investors
2026-02-12 14:37:55,992 - INFO - Max Depth: 3
2026-02-12 14:37:55,992 - INFO - Allowed Domains: www.technology1.com
2026-02-12 14:37:55,992 - INFO - Output Directory: pdfs
2026-02-12 14:37:55,992 - INFO - Headless Mode: False
2026-02-12 14:37:55,992 - INFO - ============================================================
2026-02-12 14:37:55,992 - INFO - Initializing browser...
2026-02-12 14:37:55,992 - INFO - ====== WebDriver manager ======
2026-02-12 14:37:57,046 - INFO - Get LATEST chromedriver version for google-chrome
2026-02-12 14:37:57,577 - INFO - Get LATEST chromedriver version for google-chrome
2026-02-12 14:37:58,123 - INFO - Driver [C:\Users\Nassim\.wdm\drivers\chromedriver\win64\144.0.7559.133\chromedriver-win32/chromedriver.exe] found in cache
2026-02-12 14:37:59,237 - INFO - 
[Phase 1] Crawling pages...
2026-02-12 14:37:59,237 - INFO - Crawling (depth 0): https://www.technology1.com/company/investors
2026-02-12 14:38:09,396 - INFO - Found 0 new PDF(s) on https://www.technology1.com/company/investors
2026-02-12 14:38:09,396 - INFO - Crawling (depth 1): https://www.technology1.com/industries/education/solution
2026-02-12 14:38:14,595 - INFO - Found 0 new PDF(s) on https://www.technology1.com/industries/education/solution
2026-02-12 14:38:14,595 - INFO - Crawling (depth 2): https://www.technology1.com/products/enterprise-content-management
2026-02-12 14:38:17,632 - INFO - Found 0 new PDF(s) on https://www.technology1.com/products/enterprise-content-management
2026-02-12 14:38:17,632 - INFO - Crawling (depth 3): https://www.technology1.com/industries/financial-and-corporate/resources
2026-02-12 14:38:22,488 - INFO - Found 0 new PDF(s) on https://www.technology1.com/industries/financial-and-corporate/resources
2026-02-12 14:38:22,488 - INFO - Crawling (depth 3): https://www.technology1.com/products/enterprise-content-management/resources
2026-02-12 14:38:28,484 - INFO - Found 0 new PDF(s) on https://www.technology1.com/products/enterprise-content-management/resources
2026-02-12 14:38:28,484 - INFO - Crawling (depth 3): https://www.technology1.com/company/foundation
2026-02-12 14:38:31,416 - INFO - Found 1 new PDF(s) on https://www.technology1.com/company/foundation
2026-02-12 14:38:31,416 - INFO - Crawling (depth 3): https://www.technology1.com/products/enterprise-content-management/features
2026-02-12 14:38:35,505 - INFO - Found 0 new PDF(s) on https://www.technology1.com/products/enterprise-content-management/features
2026-02-12 14:38:35,505 - INFO - Crawling (depth 3): https://www.technology1.com/company/about-us/values
2026-02-12 14:38:38,891 - INFO - Found 0 new PDF(s) on https://www.technology1.com/company/about-us/values
2026-02-12 14:38:38,891 - INFO - Crawling (depth 3): https://www.technology1.com/products/timetabling-and-scheduling
2026-02-12 14:38:42,082 - INFO - Found 0 new PDF(s) on https://www.technology1.com/products/timetabling-and-scheduling
2026-02-12 14:38:42,082 - INFO - Crawling (depth 3): https://www.technology1.com/company/life-at-techone/graduates-and-interns
2026-02-12 14:38:45,414 - INFO - Found 0 new PDF(s) on https://www.technology1.com/company/life-at-techone/graduates-and-interns
2026-02-12 14:38:45,415 - INFO - Crawling (depth 3): https://www.technology1.com/industries/financial-and-corporate
2026-02-12 14:38:48,694 - INFO - Found 0 new PDF(s) on https://www.technology1.com/industries/financial-and-corporate
2026-02-12 14:38:48,694 - INFO - Crawling (depth 3): https://www.technology1.com/resources/case-studies
2026-02-12 14:38:51,832 - INFO - Found 0 new PDF(s) on https://www.technology1.com/resources/case-studies
2026-02-12 14:38:51,832 - INFO - Crawling (depth 3): https://www.technology1.com/products/enterprise-budgeting
2026-02-12 14:38:54,611 - INFO - Found 0 new PDF(s) on https://www.technology1.com/products/enterprise-budgeting
2026-02-12 14:38:54,611 - INFO - Crawling (depth 3): https://www.technology1.com/privacy-policy
2026-02-12 14:38:57,499 - INFO - Found 2 new PDF(s) on https://www.technology1.com/privacy-policy
2026-02-12 14:38:57,501 - INFO - Crawling (depth 3): https://www.technology1.com/industries/asset-and-project-intensive/solution
2026-02-12 14:39:00,306 - INFO - Found 0 new PDF(s) on https://www.technology1.com/industries/asset-and-project-intensive/solution
2026-02-12 14:39:00,306 - INFO - Crawling (depth 3): https://www.technology1.com/industries/health-and-community-services
2026-02-12 14:39:03,425 - INFO - Found 0 new PDF(s) on https://www.technology1.com/industries/health-and-community-services
2026-02-12 14:39:03,425 - INFO - Crawling (depth 3): https://www.technology1.com/industries/financial-and-corporate/solution
2026-02-12 14:39:06,913 - INFO - Found 0 new PDF(s) on https://www.technology1.com/industries/financial-and-corporate/solution
2026-02-12 14:39:06,913 - INFO - Crawling (depth 3): https://www.technology1.com/industries/local-government/book-a-demo
2026-02-12 14:39:15,535 - INFO - Found 0 new PDF(s) on https://www.technology1.com/industries/local-government/book-a-demo
2026-02-12 14:39:15,535 - INFO - Crawling (depth 3): https://www.technology1.com/industries/financial-and-corporate/book-a-demo
2026-02-12 14:39:20,423 - INFO - Found 0 new PDF(s) on https://www.technology1.com/industries/financial-and-corporate/book-a-demo
2026-02-12 14:39:20,423 - INFO - Crawling (depth 3): https://www.technology1.com/products/enterprise-content-management/book-a-demo
2026-02-12 14:39:25,823 - INFO - Found 0 new PDF(s) on https://www.technology1.com/products/enterprise-content-management/book-a-demo
2026-02-12 14:39:25,824 - INFO - Crawling (depth 3): https://www.technology1.com/products/student-management
2026-02-12 14:39:29,560 - INFO - Found 0 new PDF(s) on https://www.technology1.com/products/student-management
2026-02-12 14:39:29,560 - INFO - Crawling (depth 3): https://www.technology1.com/company/investors/corporate-governance
2026-02-12 14:39:33,454 - INFO - Found 19 new PDF(s) on https://www.technology1.com/company/investors/corporate-governance
2026-02-12 14:39:33,454 - INFO - Crawling (depth 3): https://www.technology1.com/saas-plus/support-and-training
2026-02-12 14:39:37,255 - INFO - Found 0 new PDF(s) on https://www.technology1.com/saas-plus/support-and-training
2026-02-12 14:39:37,255 - INFO - Crawling (depth 3): https://www.technology1.com/industries/asset-and-project-intensive
2026-02-12 14:39:41,457 - INFO - Found 0 new PDF(s) on https://www.technology1.com/industries/asset-and-project-intensive
2026-02-12 14:39:41,457 - INFO - Crawling (depth 3): https://www.technology1.com/products/enterprise-asset-management
2026-02-12 14:39:45,073 - INFO - Found 0 new PDF(s) on https://www.technology1.com/products/enterprise-asset-management
2026-02-12 14:39:45,073 - INFO - Crawling (depth 3): https://www.technology1.com/industries/asset-and-project-intensive/book-a-demo
2026-02-12 14:39:48,804 - INFO - Found 0 new PDF(s) on https://www.technology1.com/industries/asset-and-project-intensive/book-a-demo
2026-02-12 14:39:48,805 - INFO - Crawling (depth 3): https://www.technology1.com/products/dxp-essentials
2026-02-12 14:39:52,967 - INFO - Found 0 new PDF(s) on https://www.technology1.com/products/dxp-essentials
2026-02-12 14:39:52,967 - INFO - Crawling (depth 3): https://www.technology1.com/company/about-us
2026-02-12 14:39:56,543 - INFO - Found 0 new PDF(s) on https://www.technology1.com/company/about-us
2026-02-12 14:39:56,543 - INFO - Crawling (depth 3): https://www.technology1.com/industries/education/resources
2026-02-12 14:40:01,003 - INFO - Found 0 new PDF(s) on https://www.technology1.com/industries/education/resources
2026-02-12 14:40:01,003 - INFO - Crawling (depth 3): https://www.technology1.com/industries/health-and-community-services/resources
2026-02-12 14:40:06,043 - INFO - Found 0 new PDF(s) on https://www.technology1.com/industries/health-and-community-services/resources
2026-02-12 14:40:06,043 - INFO - Crawling (depth 3): https://www.technology1.com/company/contact-us
2026-02-12 14:40:10,698 - INFO - Found 0 new PDF(s) on https://www.technology1.com/company/contact-us
2026-02-12 14:40:10,698 - INFO - Crawling (depth 3): https://www.technology1.com/company/life-at-techone/join-the-team
2026-02-12 14:40:14,581 - INFO - Found 0 new PDF(s) on https://www.technology1.com/company/life-at-techone/join-the-team
2026-02-12 14:40:14,582 - INFO - Crawling (depth 3): https://www.technology1.com/showcase
2026-02-12 14:40:27,867 - INFO - Found 0 new PDF(s) on https://www.technology1.com/showcase
2026-02-12 14:40:27,868 - INFO - Crawling (depth 3): https://www.technology1.com/company/life-at-techone
2026-02-12 14:40:31,447 - INFO - Found 0 new PDF(s) on https://www.technology1.com/company/life-at-techone
2026-02-12 14:40:31,447 - INFO - Crawling (depth 3): https://www.technology1.com/products/business-analytics
2026-02-12 14:40:35,527 - INFO - Found 0 new PDF(s) on https://www.technology1.com/products/business-analytics
2026-02-12 14:40:35,527 - INFO - Crawling (depth 3): https://www.technology1.com
2026-02-12 14:40:41,126 - INFO - Found 0 new PDF(s) on https://www.technology1.com
2026-02-12 14:40:41,127 - INFO - Crawling (depth 3): https://www.technology1.com/industries/education
2026-02-12 14:40:51,243 - INFO - Found 0 new PDF(s) on https://www.technology1.com/industries/education
2026-02-12 14:40:51,243 - INFO - Crawling (depth 3): https://www.technology1.com/industries/government/resources
2026-02-12 14:40:59,087 - INFO - Found 0 new PDF(s) on https://www.technology1.com/industries/government/resources
2026-02-12 14:40:59,087 - INFO - Crawling (depth 3): https://www.technology1.com/resources/articles
2026-02-12 14:41:02,805 - INFO - Found 0 new PDF(s) on https://www.technology1.com/resources/articles
2026-02-12 14:41:02,805 - INFO - Crawling (depth 3): https://www.technology1.com/saas-plus/our-solutions
2026-02-12 14:41:06,921 - INFO - Found 0 new PDF(s) on https://www.technology1.com/saas-plus/our-solutions
2026-02-12 14:41:06,921 - INFO - Crawling (depth 3): https://www.technology1.com/company/investors/annual-reports
2026-02-12 14:41:10,158 - INFO - Found 74 new PDF(s) on https://www.technology1.com/company/investors/annual-reports
2026-02-12 14:41:10,159 - INFO - Crawling (depth 3): https://www.technology1.com/products/dxp-student
2026-02-12 14:41:13,028 - INFO - Found 0 new PDF(s) on https://www.technology1.com/products/dxp-student
2026-02-12 14:41:13,028 - INFO - Crawling (depth 3): https://www.technology1.com/products/performance-planning
2026-02-12 14:41:15,854 - INFO - Found 0 new PDF(s) on https://www.technology1.com/products/performance-planning
2026-02-12 14:41:15,854 - INFO - Crawling (depth 3): https://www.technology1.com/products/plus
2026-02-12 14:41:19,621 - INFO - Found 0 new PDF(s) on https://www.technology1.com/products/plus
2026-02-12 14:41:19,622 - INFO - Crawling (depth 3): https://www.technology1.com/resources/media-kit
2026-02-12 14:41:22,752 - INFO - Found 0 new PDF(s) on https://www.technology1.com/resources/media-kit
2026-02-12 14:41:22,752 - INFO - Crawling (depth 3): https://www.technology1.com/company/our-leaders
2026-02-12 14:41:25,643 - INFO - Found 0 new PDF(s) on https://www.technology1.com/company/our-leaders
2026-02-12 14:41:25,643 - INFO - Crawling (depth 3): https://www.technology1.com/resources/filter
2026-02-12 14:41:28,635 - INFO - Found 0 new PDF(s) on https://www.technology1.com/resources/filter
2026-02-12 14:41:28,635 - INFO - Crawling (depth 3): https://www.technology1.com/products/dxp-local-government
2026-02-12 14:41:32,206 - INFO - Found 0 new PDF(s) on https://www.technology1.com/products/dxp-local-government
2026-02-12 14:41:32,206 - INFO - Crawling (depth 3): https://www.technology1.com/products/corporate-performance-management
2026-02-12 14:41:35,948 - INFO - Found 0 new PDF(s) on https://www.technology1.com/products/corporate-performance-management
2026-02-12 14:41:35,948 - INFO - Crawling (depth 3): https://www.technology1.com/products/financials
2026-02-12 14:41:39,007 - INFO - Found 0 new PDF(s) on https://www.technology1.com/products/financials
2026-02-12 14:41:39,007 - INFO - Crawling (depth 3): https://www.technology1.com/saas-plus
2026-02-12 14:41:43,635 - INFO - Found 0 new PDF(s) on https://www.technology1.com/saas-plus
2026-02-12 14:41:43,635 - INFO - Crawling (depth 3): https://www.technology1.com/resources/media-releases
2026-02-12 14:41:47,690 - INFO - Found 0 new PDF(s) on https://www.technology1.com/resources/media-releases
2026-02-12 14:41:47,690 - INFO - Crawling (depth 3): https://www.technology1.com/industries/health-and-community-services/book-a-demo
2026-02-12 14:41:50,554 - INFO - Found 0 new PDF(s) on https://www.technology1.com/industries/health-and-community-services/book-a-demo
2026-02-12 14:41:50,554 - INFO - Crawling (depth 3): https://www.technology1.com/terms-of-use
2026-02-12 14:41:53,637 - INFO - Found 0 new PDF(s) on https://www.technology1.com/terms-of-use
2026-02-12 14:41:53,637 - INFO - Crawling (depth 3): https://www.technology1.com/products/property-and-rating
2026-02-12 14:41:57,084 - INFO - Found 0 new PDF(s) on https://www.technology1.com/products/property-and-rating
2026-02-12 14:41:57,085 - INFO - Crawling (depth 3): https://www.technology1.com/industries/local-government/solution
2026-02-12 14:42:00,763 - INFO - Found 0 new PDF(s) on https://www.technology1.com/industries/local-government/solution
2026-02-12 14:42:00,763 - INFO - Crawling (depth 3): https://www.technology1.com/saas-plus/security
2026-02-12 14:42:04,801 - INFO - Found 7 new PDF(s) on https://www.technology1.com/saas-plus/security
2026-02-12 14:42:04,802 - INFO - Crawling (depth 3): https://www.technology1.com/company/life-at-techone/technologyone-at-work
2026-02-12 14:42:07,749 - INFO - Found 0 new PDF(s) on https://www.technology1.com/company/life-at-techone/technologyone-at-work
2026-02-12 14:42:07,749 - INFO - Crawling (depth 3): https://www.technology1.com/industries/education/book-a-demo
2026-02-12 14:42:11,943 - INFO - Found 0 new PDF(s) on https://www.technology1.com/industries/education/book-a-demo
2026-02-12 14:42:11,943 - INFO - Crawling (depth 3): https://www.technology1.com/industries/government/solution
2026-02-12 14:42:16,411 - INFO - Found 0 new PDF(s) on https://www.technology1.com/industries/government/solution
2026-02-12 14:42:16,412 - INFO - Crawling (depth 3): https://www.technology1.com/products/spatial
2026-02-12 14:42:19,306 - INFO - Found 0 new PDF(s) on https://www.technology1.com/products/spatial
2026-02-12 14:42:19,306 - INFO - Crawling (depth 3): https://www.technology1.com/industries/government/book-a-demo
2026-02-12 14:42:22,391 - INFO - Found 0 new PDF(s) on https://www.technology1.com/industries/government/book-a-demo
2026-02-12 14:42:22,393 - INFO - Crawling (depth 3): https://www.technology1.com/industries/local-government
2026-02-12 14:42:25,913 - INFO - Found 0 new PDF(s) on https://www.technology1.com/industries/local-government
2026-02-12 14:42:25,914 - INFO - Crawling (depth 3): https://www.technology1.com/products/human-resources-and-payroll
2026-02-12 14:42:29,183 - INFO - Found 0 new PDF(s) on https://www.technology1.com/products/human-resources-and-payroll
2026-02-12 14:42:29,184 - INFO - Crawling (depth 3): https://www.technology1.com/saas-plus/erp-in-30-days
2026-02-12 14:42:32,791 - INFO - Found 0 new PDF(s) on https://www.technology1.com/saas-plus/erp-in-30-days
2026-02-12 14:42:32,791 - INFO - Crawling (depth 3): https://www.technology1.com/company/life-at-techone/life-at-technologyone
2026-02-12 14:42:35,866 - INFO - Found 0 new PDF(s) on https://www.technology1.com/company/life-at-techone/life-at-technologyone
2026-02-12 14:42:35,866 - INFO - Crawling (depth 3): https://www.technology1.com/company/about-us/core-beliefs
2026-02-12 14:42:38,645 - INFO - Found 0 new PDF(s) on https://www.technology1.com/company/about-us/core-beliefs
2026-02-12 14:42:38,645 - INFO - Crawling (depth 3): https://www.technology1.com/industries/government
2026-02-12 14:42:42,191 - INFO - Found 0 new PDF(s) on https://www.technology1.com/industries/government
2026-02-12 14:42:42,191 - INFO - Crawling (depth 3): https://www.technology1.com/company/investors/board-of-directors
2026-02-12 14:42:46,441 - INFO - Found 0 new PDF(s) on https://www.technology1.com/company/investors/board-of-directors
2026-02-12 14:42:46,441 - INFO - Crawling (depth 3): https://www.technology1.com/industries/asset-and-project-intensive/resources
2026-02-12 14:42:49,532 - INFO - Found 0 new PDF(s) on https://www.technology1.com/industries/asset-and-project-intensive/resources
2026-02-12 14:42:49,532 - INFO - Crawling (depth 3): https://www.technology1.com/products/supply-chain-management
2026-02-12 14:42:52,388 - INFO - Found 0 new PDF(s) on https://www.technology1.com/products/supply-chain-management
2026-02-12 14:42:52,388 - INFO - Crawling (depth 3): https://www.technology1.com/products/app-builder
2026-02-12 14:42:55,735 - INFO - Found 0 new PDF(s) on https://www.technology1.com/products/app-builder
2026-02-12 14:42:55,735 - INFO - Crawling (depth 3): https://www.technology1.com/company/about-us/history
2026-02-12 14:42:58,579 - INFO - Found 0 new PDF(s) on https://www.technology1.com/company/about-us/history
2026-02-12 14:42:58,579 - INFO - Crawling (depth 3): https://www.technology1.com/industries/local-government/resources
2026-02-12 14:43:02,240 - INFO - Found 0 new PDF(s) on https://www.technology1.com/industries/local-government/resources
2026-02-12 14:43:02,240 - INFO - Crawling (depth 3): https://www.technology1.com/products/enterprise-cash-receipting
2026-02-12 14:43:05,235 - INFO - Found 0 new PDF(s) on https://www.technology1.com/products/enterprise-cash-receipting
2026-02-12 14:43:05,235 - INFO - Crawling (depth 3): https://www.technology1.com/industries/health-and-community-services/solution
2026-02-12 14:43:08,027 - INFO - Found 0 new PDF(s) on https://www.technology1.com/industries/health-and-community-services/solution
2026-02-12 14:43:08,027 - INFO - Crawling (depth 3): https://www.technology1.com/saas-plus/software-releases
2026-02-12 14:43:10,885 - INFO - Found 0 new PDF(s) on https://www.technology1.com/saas-plus/software-releases
2026-02-12 14:43:10,885 - INFO - Crawling (depth 3): https://www.technology1.com/company/investors/financial-calendar
2026-02-12 14:43:14,240 - INFO - Found 0 new PDF(s) on https://www.technology1.com/company/investors/financial-calendar
2026-02-12 14:43:14,240 - INFO - Crawling (depth 2): https://www.technology1.com/industries/education/?external-uuid=8822ecff-6f13-46f7-83b0-ef01d872c0d6
2026-02-12 14:43:18,486 - INFO - Found 0 new PDF(s) on https://www.technology1.com/industries/education/?external-uuid=8822ecff-6f13-46f7-83b0-ef01d872c0d6
2026-02-12 14:43:18,486 - INFO - Crawling (depth 2): https://www.technology1.com/industries/education'
2026-02-12 14:43:22,103 - INFO - Found 0 new PDF(s) on https://www.technology1.com/industries/education'
2026-02-12 14:43:22,103 - INFO - Crawling (depth 2): https://www.technology1.com/industries/education/book-a-demo'
2026-02-12 14:43:25,652 - INFO - Found 0 new PDF(s) on https://www.technology1.com/industries/education/book-a-demo'
2026-02-12 14:43:25,652 - INFO - Crawling (depth 2): https://www.technology1.com/resources/articles/how-saas-plus-works
2026-02-12 14:43:30,102 - INFO - Found 0 new PDF(s) on https://www.technology1.com/resources/articles/how-saas-plus-works
2026-02-12 14:43:30,104 - INFO - Crawling (depth 3): https://www.technology1.com/resources/articles/how-to-successfully-implement-an-erp-system
2026-02-12 14:43:38,186 - INFO - Found 0 new PDF(s) on https://www.technology1.com/resources/articles/how-to-successfully-implement-an-erp-system
2026-02-12 14:43:38,186 - INFO - Crawling (depth 3): https://www.technology1.com/resources/media-releases/metropolitan-memorial-parks-puts-outdated-technology-to-rest
2026-02-12 14:43:41,705 - INFO - Found 0 new PDF(s) on https://www.technology1.com/resources/media-releases/metropolitan-memorial-parks-puts-outdated-technology-to-rest
2026-02-12 14:43:41,705 - INFO - Crawling (depth 3): https://www.technology1.com/resources/articles/local-government-tips-for-successful-digital-transformations
2026-02-12 14:43:47,705 - INFO - Found 0 new PDF(s) on https://www.technology1.com/resources/articles/local-government-tips-for-successful-digital-transformations
2026-02-12 14:43:47,705 - INFO - Crawling (depth 3): https://www.technology1.com/resources/media-releases/james-cook-university-addresses-costly-tech-debt-with-saas-overhaul
2026-02-12 14:43:52,171 - INFO - Found 0 new PDF(s) on https://www.technology1.com/resources/media-releases/james-cook-university-addresses-costly-tech-debt-with-saas-overhaul
2026-02-12 14:43:52,171 - INFO - Crawling (depth 3): https://www.technology1.com/saas-plus/book-a-demo
2026-02-12 14:43:55,260 - INFO - Found 0 new PDF(s) on https://www.technology1.com/saas-plus/book-a-demo
2026-02-12 14:43:55,260 - INFO - Crawling (depth 3): https://www.technology1.com/authors/technologyone
2026-02-12 14:43:58,948 - INFO - Found 0 new PDF(s) on https://www.technology1.com/authors/technologyone
2026-02-12 14:43:58,948 - INFO - Crawling (depth 3): https://www.technology1.com/resources/articles/what-are-the-benefits-of-using-an-erp-system
2026-02-12 14:44:08,149 - INFO - Found 0 new PDF(s) on https://www.technology1.com/resources/articles/what-are-the-benefits-of-using-an-erp-system
2026-02-12 14:44:08,149 - INFO - Crawling (depth 3): https://www.technology1.com/resources/articles/what-is-erp-software
2026-02-12 14:44:15,560 - INFO - Found 0 new PDF(s) on https://www.technology1.com/resources/articles/what-is-erp-software
2026-02-12 14:44:15,562 - INFO - Crawling (depth 1): https://www.technology1.com/company/events/showcase
2026-02-12 14:44:19,275 - INFO - Found 0 new PDF(s) on https://www.technology1.com/company/events/showcase
2026-02-12 14:44:19,275 - INFO - Crawling (depth 2): https://www.technology1.com/company/events/webinars/learn-more?utm_campaign=parent_fy26_showcase&utm_medium=webinar&utm_source=on24&utm_content=ondemand
2026-02-12 14:44:22,304 - INFO - Found 0 new PDF(s) on https://www.technology1.com/company/events/webinars/learn-more?utm_campaign=parent_fy26_showcase&utm_medium=webinar&utm_source=on24&utm_content=ondemand
2026-02-12 14:44:22,305 - INFO - Crawling (depth 3): https://www.technology1.com/company/events/webinars/learn-more
2026-02-12 14:44:25,723 - INFO - Found 0 new PDF(s) on https://www.technology1.com/company/events/webinars/learn-more
2026-02-12 14:44:25,723 - INFO - Crawling (depth 3): https://www.technology1.com/company/events/webinars
2026-02-12 14:44:28,877 - INFO - Found 0 new PDF(s) on https://www.technology1.com/company/events/webinars
2026-02-12 14:44:28,877 - INFO - 
[Phase 2] Downloading 103 PDF(s)...
2026-02-12 14:44:28,877 - INFO - Downloading PDF (via browser): https://www.technology1.com/__data/assets/pdf_file/0016/117232/TNE-Continuous-Disclosure-Policy-2025.pdf
2026-02-12 14:44:32,737 - INFO - Downloading PDF (via browser): https://www.technology1.com/__data/assets/pdf_file/0017/119510/TechnologyOne-AGM-Presentation.pdf
2026-02-12 14:44:32,963 - INFO - Downloading PDF (via browser): https://www.technology1.com/__data/assets/pdf_file/0004/119506/TechnologyOne-2015-Full-Year-Results-presentation.pdf
2026-02-12 14:45:03,750 - WARNING - https://www.technology1.com/__data/assets/pdf_file/0004/119506/TechnologyOne-2015-Full-Year-Results-presentation.pdf: file missing after download
2026-02-12 14:45:03,750 - INFO - Downloading PDF (via browser): https://www.technology1.com/__data/assets/pdf_file/0012/269859/TNE-Proposed-Constitution-FY24.pdf
2026-02-12 14:45:03,991 - INFO - Downloading PDF (via browser): https://www.technology1.com/__data/assets/pdf_file/0004/300010/TechnologyOne-Annual-Report-2025.pdf
2026-02-12 14:45:04,275 - INFO - Downloading PDF (via browser): https://www.technology1.com/__data/assets/pdf_file/0009/119484/20190521-TNE-H1-2019-ASX-Results-Release-Final.pdf
2026-02-12 14:45:35,020 - WARNING - https://www.technology1.com/__data/assets/pdf_file/0009/119484/20190521-TNE-H1-2019-ASX-Results-Release-Final.pdf: file missing after download
2026-02-12 14:45:35,020 - INFO - Downloading PDF (via browser): https://www.technology1.com/__data/assets/pdf_file/0018/117225/TNE-Board-Charter-FY23.pdf
2026-02-12 14:45:35,371 - INFO - Downloading PDF (via browser): https://www.technology1.com/__data/assets/pdf_file/0006/238542/2023-FY-ASX-Announcement.pdf
2026-02-12 14:46:06,308 - WARNING - https://www.technology1.com/__data/assets/pdf_file/0006/238542/2023-FY-ASX-Announcement.pdf: file missing after download
2026-02-12 14:46:06,308 - INFO - Downloading PDF (via browser): https://www.technology1.com/__data/assets/pdf_file/0007/119509/TechnologyOne-2015-Notice-of-Meeting.pdf
2026-02-12 14:46:06,806 - INFO - Downloading PDF (via browser): https://www.technology1.com/__data/assets/pdf_file/0020/206192/WGEA-Public-Report-Questionnaire.pdf
2026-02-12 14:46:07,535 - INFO - Downloading PDF (via browser): https://www.technology1.com/__data/assets/pdf_file/0013/212521/TechnologyOne-2022-Full-Year-Results-Presentation.pdf
2026-02-12 14:46:07,749 - INFO - Downloading PDF (via browser): https://www.technology1.com/__data/assets/pdf_file/0010/156592/Cyber-Essentials-Plus-Certificate-2025.pdf
2026-02-12 14:46:38,562 - WARNING - https://www.technology1.com/__data/assets/pdf_file/0010/156592/Cyber-Essentials-Plus-Certificate-2025.pdf: file missing after download
2026-02-12 14:46:38,562 - INFO - Downloading PDF (via browser): https://www.technology1.com/__data/assets/pdf_file/0005/193874/TechnologyOne-FY22-Half-Year-Results-Announcement.pdf
2026-02-12 14:46:38,917 - INFO - Downloading PDF (via browser): https://www.technology1.com/__data/assets/pdf_file/0011/273926/FY24_AGM-MASTER-SLIDES-ASX.pdf
2026-02-12 14:47:09,719 - WARNING - https://www.technology1.com/__data/assets/pdf_file/0011/273926/FY24_AGM-MASTER-SLIDES-ASX.pdf: file missing after download
2026-02-12 14:47:09,719 - INFO - Downloading PDF (via browser): https://www.technology1.com/__data/assets/pdf_file/0009/119493/2018-Annual-Report.pdf
2026-02-12 14:47:10,023 - INFO - Downloading PDF (via browser): https://www.technology1.com/__data/assets/pdf_file/0018/206190/WGEA-Public-Report-Employee-Data-Tables.pdf
2026-02-12 14:47:40,887 - WARNING - https://www.technology1.com/__data/assets/pdf_file/0018/206190/WGEA-Public-Report-Employee-Data-Tables.pdf: file missing after download
2026-02-12 14:47:40,887 - INFO - Downloading PDF (via browser): https://www.technology1.com/__data/assets/pdf_file/0018/119502/2016-Half-Year-Report.pdf
2026-02-12 14:47:41,383 - INFO - Downloading PDF (via browser): https://www.technology1.com/__data/assets/pdf_file/0004/246757/TNE-Modern-Slavery-Statement-FY25.pdf
2026-02-12 14:47:41,948 - INFO - Downloading PDF (via browser): https://www.technology1.com/__data/assets/pdf_file/0017/117224/TNE-ARC-Charter-FY23.pdf
2026-02-12 14:48:12,796 - WARNING - https://www.technology1.com/__data/assets/pdf_file/0017/117224/TNE-ARC-Charter-FY23.pdf: file missing after download
2026-02-12 14:48:12,796 - INFO - Downloading PDF (via browser): https://www.technology1.com/__data/assets/pdf_file/0011/119495/TechnologyOne_2017_Half_year_report.pdf
2026-02-12 14:48:13,098 - INFO - Downloading PDF (via browser): https://www.technology1.com/__data/assets/pdf_file/0005/278312/Half-Year-Results-Presentation-2025-TechnologyOne.pdf
2026-02-12 14:48:13,717 - INFO - Downloading PDF (via browser): https://www.technology1.com/__data/assets/pdf_file/0020/215066/TNE-rTSR-Methodology.pdf
2026-02-12 14:48:44,294 - INFO - Downloading PDF (via browser): https://www.technology1.com/__data/assets/pdf_file/0018/119511/TechnologyOne-2015-Annual-Report.pdf
2026-02-12 14:48:46,896 - INFO - Downloading PDF (via browser): https://www.technology1.com/__data/assets/pdf_file/0016/130705/TNE-FY20-Results-Presentation.pdf
2026-02-12 14:49:17,264 - INFO - Downloading PDF (via browser): https://www.technology1.com/__data/assets/pdf_file/0009/278307/Half-Year-Results-ASX-Announcement-2025-TechnologyOne.pdf
2026-02-12 14:49:17,564 - INFO - Downloading PDF (via browser): https://www.technology1.com/__data/assets/pdf_file/0009/150579/FY21-Half-Year-Results-Announcement.pdf
2026-02-12 14:49:48,441 - WARNING - https://www.technology1.com/__data/assets/pdf_file/0009/150579/FY21-Half-Year-Results-Announcement.pdf: file missing after download
2026-02-12 14:49:48,441 - INFO - Downloading PDF (via browser): https://www.technology1.com/__data/assets/pdf_file/0007/119491/2018-Full-Year-Results-Presentation-1.pdf
2026-02-12 14:49:48,939 - INFO - Downloading PDF (via browser): https://www.technology1.com/__data/assets/pdf_file/0015/223602/TNE-2023-Half-Year-Results-Presentation.pdf
2026-02-12 14:49:49,442 - INFO - Downloading PDF (via browser): https://www.technology1.com/__data/assets/pdf_file/0005/215456/230222-TNE-Omnibus-Incentive-Plan-v05-FINAL-Cln.pdf
2026-02-12 14:49:49,810 - INFO - Downloading PDF (via browser): https://www.technology1.com/__data/assets/pdf_file/0017/130391/TNE-Modern-Slavery-Policy-2025.pdf
2026-02-12 14:50:20,400 - WARNING - https://www.technology1.com/__data/assets/pdf_file/0017/130391/TNE-Modern-Slavery-Policy-2025.pdf: file missing after download
2026-02-12 14:50:20,400 - INFO - Downloading PDF (via browser): https://www.technology1.com/__data/assets/pdf_file/0011/119486/191119-TNE-FY2019-Results-Release-Final.pdf
2026-02-12 14:50:20,744 - INFO - Downloading PDF (via browser): https://www.technology1.com/__data/assets/pdf_file/0015/142071/TNE-FY20-Full-Year-Results-Release.pdf
2026-02-12 14:50:51,693 - WARNING - https://www.technology1.com/__data/assets/pdf_file/0015/142071/TNE-FY20-Full-Year-Results-Release.pdf: file missing after download
2026-02-12 14:50:51,693 - INFO - Downloading PDF (via browser): https://www.technology1.com/__data/assets/pdf_file/0019/251128/2024-Half-Year-Results-TechnologyOne.pdf
2026-02-12 14:50:53,210 - INFO - Downloading PDF (via browser): https://www.technology1.com/__data/assets/pdf_file/0004/142294/Sustainability-Report-FY25.pdf
2026-02-12 14:51:24,015 - INFO - Downloading PDF (via browser): https://www.technology1.com/__data/assets/pdf_file/0011/269696/2025_TNE-VM-Online-Guide.pdf
2026-02-12 14:51:24,342 - INFO - Downloading PDF (via browser): https://www.technology1.com/__data/assets/pdf_file/0011/300008/TechnologyOne-FY25-Appendix-4E.pdf
2026-02-12 14:51:55,154 - WARNING - https://www.technology1.com/__data/assets/pdf_file/0011/300008/TechnologyOne-FY25-Appendix-4E.pdf: file missing after download
2026-02-12 14:51:55,154 - INFO - Downloading PDF (via browser): https://www.technology1.com/__data/assets/pdf_file/0007/238543/FY23-full-year-results-presentation.pdf
2026-02-12 14:51:55,426 - INFO - Downloading PDF (via browser): https://www.technology1.com/__data/assets/pdf_file/0015/117222/TNE-NGC-Charter-FY23.pdf
2026-02-12 14:52:26,392 - INFO - Downloading PDF (via browser): https://www.technology1.com/__data/assets/pdf_file/0019/130717/TNE-H1-FY20-Results-Presentation.pdf
2026-02-12 14:52:26,755 - INFO - Downloading PDF (via browser): https://www.technology1.com/__data/assets/pdf_file/0014/223601/TNE-Half-Year-Results-Announcement-2023.pdf
2026-02-12 14:52:57,706 - INFO - Downloading PDF (via browser): https://www.technology1.com/__data/assets/pdf_file/0008/136682/ISO27018.pdf
2026-02-12 14:52:58,100 - INFO - Downloading PDF (via browser): https://www.technology1.com/__data/assets/pdf_file/0004/193873/TechnologyOne-FY22-Half-Year-Results-Presentation.pdf
2026-02-12 14:53:28,688 - WARNING - https://www.technology1.com/__data/assets/pdf_file/0004/193873/TechnologyOne-FY22-Half-Year-Results-Presentation.pdf: file missing after download
2026-02-12 14:53:28,688 - INFO - Downloading PDF (via browser): https://www.technology1.com/__data/assets/pdf_file/0003/119487/FY19-Annual-Report.pdf
2026-02-12 14:53:29,199 - INFO - Downloading PDF (via browser): https://www.technology1.com/__data/assets/pdf_file/0009/295317/TNE-FY25-Results-Release-ASX.pdf
2026-02-12 14:53:59,799 - INFO - Downloading PDF (via browser): https://www.technology1.com/__data/assets/pdf_file/0007/268801/2024-Annual-Report-TechnologyOne.pdf
2026-02-12 14:54:00,219 - INFO - Downloading PDF (via browser): https://www.technology1.com/__data/assets/pdf_file/0007/136681/ISO27001.pdf
2026-02-12 14:54:00,726 - INFO - Downloading PDF (via browser): https://www.technology1.com/__data/assets/pdf_file/0009/267822/FY24-ASX-Results-Release.pdf
2026-02-12 14:54:31,373 - WARNING - https://www.technology1.com/__data/assets/pdf_file/0009/267822/FY24-ASX-Results-Release.pdf: file missing after download
2026-02-12 14:54:31,373 - INFO - Downloading PDF (via browser): https://www.technology1.com/__data/assets/pdf_file/0011/242669/TNE-Notice-of-Meeting-and-Proxy-Form-FY23-AGM.pdf
2026-02-12 14:54:32,408 - INFO - Downloading PDF (via browser): https://www.technology1.com/__data/assets/pdf_file/0016/117223/TNE-REM-Ctee-Charter-FY23.pdf
2026-02-12 14:55:03,165 - WARNING - https://www.technology1.com/__data/assets/pdf_file/0016/117223/TNE-REM-Ctee-Charter-FY23.pdf: file missing after download
2026-02-12 14:55:03,165 - INFO - Downloading PDF (via browser): https://www.technology1.com/__data/assets/pdf_file/0007/164293/FY21-Full-Year-Results-announcement.pdf
2026-02-12 14:55:03,465 - INFO - Downloading PDF (via browser): https://www.technology1.com/__data/assets/pdf_file/0003/119496/TechnologyOne-2017-Full-Year-Results-Presentation.pdf
2026-02-12 14:55:34,320 - WARNING - https://www.technology1.com/__data/assets/pdf_file/0003/119496/TechnologyOne-2017-Full-Year-Results-Presentation.pdf: file missing after download
2026-02-12 14:55:34,320 - INFO - Downloading PDF (via browser): https://www.technology1.com/__data/assets/pdf_file/0006/119499/TechnologyOne_2017_AnnualReport.pdf
2026-02-12 14:55:34,557 - INFO - Downloading PDF (via browser): https://www.technology1.com/__data/assets/pdf_file/0019/117235/TNE-Code-of-Business-Conduct.pdf
2026-02-12 14:56:04,881 - INFO - Downloading PDF (via browser): https://www.technology1.com/__data/assets/pdf_file/0009/156591/Cyber-Essentials-Certificate-2025.pdf
2026-02-12 14:56:05,194 - INFO - Downloading PDF (via browser): https://www.technology1.com/__data/assets/pdf_file/0020/142292/Corporate-Governance-Statement.pdf
2026-02-12 14:56:35,758 - INFO - Downloading PDF (via browser): https://www.technology1.com/__data/assets/pdf_file/0006/119508/CORP_Half-Year-Report_2015_LR.pdf
2026-02-12 14:56:36,058 - INFO - Downloading PDF (via browser): https://www.technology1.com/__data/assets/pdf_file/0008/247589/Gender-Pay-Gap-Statement_APRIL-24.pdf
2026-02-12 14:56:36,402 - INFO - Downloading PDF (via browser): https://www.technology1.com/__data/assets/pdf_file/0005/119507/2015-Half-Year-Results-Presentation.pdf
2026-02-12 14:57:06,719 - WARNING - https://www.technology1.com/__data/assets/pdf_file/0005/119507/2015-Half-Year-Results-Presentation.pdf: file missing after download
2026-02-12 14:57:06,719 - INFO - Downloading PDF (via browser): https://www.technology1.com/__data/assets/pdf_file/0008/281969/CourseLoop-Cyber-Essentials-Plus-Certificate-2025.pdf
2026-02-12 14:57:06,972 - INFO - Downloading PDF (via browser): https://www.technology1.com/__data/assets/pdf_file/0017/119501/Technology-One_2016_Full-Year-Results-Chairmans-Presentation.pdf
2026-02-12 14:57:07,288 - INFO - Downloading PDF (via browser): https://www.technology1.com/__data/assets/pdf_file/0011/116588/TechnologyOne-Privacy-Policy.pdf
2026-02-12 14:57:07,699 - INFO - Downloading PDF (via browser): https://www.technology1.com/__data/assets/pdf_file/0008/119852/TNE-Whistleblower-Policy-Statement.pdf
2026-02-12 14:57:38,051 - INFO - Downloading PDF (via browser): https://www.technology1.com/__data/assets/pdf_file/0006/164292/211123-3-TNE-FY21-Results-Presentation.pdf
2026-02-12 14:57:38,411 - INFO - Downloading PDF (via browser): https://www.technology1.com/__data/assets/pdf_file/0015/117231/TNE-Share-Trading-Policy-Blackout-Periods-FY25-006.pdf
2026-02-12 14:58:08,858 - INFO - Downloading PDF (via browser): https://www.technology1.com/__data/assets/pdf_file/0008/119483/3.-TNE-H1-2019-Results-Presentation.pdf
2026-02-12 14:58:09,599 - INFO - Downloading PDF (via browser): https://www.technology1.com/__data/assets/pdf_file/0006/278313/Half-Year-Results-Report-and-Appendix-4D.pdf
2026-02-12 14:58:39,951 - INFO - Downloading PDF (via browser): https://www.technology1.com/__data/assets/pdf_file/0018/206244/TNE-Supplier-Code-of-Conduct-2025.pdf
2026-02-12 14:58:40,425 - INFO - Downloading PDF (via browser): https://www.technology1.com/__data/assets/pdf_file/0006/301200/2025-AGM-Notice-of-Meeting-with-Proxy-Form.pdf
2026-02-12 14:59:11,417 - INFO - Downloading PDF (via browser): https://www.technology1.com/__data/assets/pdf_file/0019/150580/FY21-Half-Year-Results-Presentation.pdf
2026-02-12 14:59:13,237 - INFO - Downloading PDF (via browser): https://www.technology1.com/__data/assets/pdf_file/0010/119485/191119-TNE-FY19-Results-Roadshow.115.pdf
2026-02-12 14:59:14,168 - INFO - Downloading PDF (via browser): https://www.technology1.com/__data/assets/pdf_file/0010/267823/FY24-Results-Presentation.pdf
2026-02-12 14:59:45,227 - INFO - Downloading PDF (via browser): https://www.technology1.com/__data/assets/pdf_file/0019/119503/TechnologyOne_2016_Notice_of_Annual_General_Meeting.pdf
2026-02-12 15:00:00,254 - INFO - Downloading PDF (via browser): https://www.technology1.com/__data/assets/pdf_file/0008/295316/Full-Year-Results-Presentation-2025-TechnologyOne.pdf
2026-02-12 15:00:04,204 - INFO - Downloading PDF (via browser): https://www.technology1.com/__data/assets/pdf_file/0006/215457/Virtual-Meeting-Online-Guide.pdf
2026-02-12 15:00:04,906 - INFO - Downloading PDF (via browser): https://www.technology1.com/_media/documents/pdf/legal/Event-Terms-and-Conditions.pdf
2026-02-12 15:00:05,906 - INFO - Downloading PDF (via browser): https://www.technology1.com/__data/assets/pdf_file/0005/119489/2018-Half-Year-Report.pdf
2026-02-12 15:00:36,489 - WARNING - https://www.technology1.com/__data/assets/pdf_file/0005/119489/2018-Half-Year-Report.pdf: file missing after download
2026-02-12 15:00:36,489 - INFO - Downloading PDF (via browser): https://www.technology1.com/__data/assets/pdf_file/0005/119498/2017-12-17-AGM-Presn.031-tues-morn-FINAL-5.0am.pdf
2026-02-12 15:00:38,018 - INFO - Downloading PDF (via browser): https://www.technology1.com/__data/assets/pdf_file/0010/119494/TechnologyOne-2017-Half-Year-Results-Presentation.pdf
2026-02-12 15:00:38,529 - INFO - Downloading PDF (via browser): https://www.technology1.com/__data/assets/pdf_file/0008/119492/2018-Annual-General-Meeting-Notice-of-Meeting.pdf
2026-02-12 15:00:39,385 - INFO - Downloading PDF (via browser): https://www.technology1.com/__data/assets/pdf_file/0019/240355/2023-Annual-Report.pdf
2026-02-12 15:00:40,075 - INFO - Downloading PDF (via browser): https://www.technology1.com/__data/assets/pdf_file/0018/117234/Diversity-Policy-TechnologyOne.pdf
2026-02-12 15:00:40,516 - INFO - Downloading PDF (via browser): https://www.technology1.com/__data/assets/pdf_file/0018/251127/2024-Half-Year-Results-ASX-Announcement-TechnologyOne.pdf
2026-02-12 15:01:11,070 - INFO - Downloading PDF (via browser): https://www.technology1.com/__data/assets/pdf_file/0019/130708/TNE-H1-FY20-Half-Year-Results-Release.pdf
2026-02-12 15:01:12,951 - INFO - Downloading PDF (via browser): https://www.technology1.com/__data/assets/pdf_file/0007/301201/TNE-2025-AGM-Virtual-Meeting-Guide.pdf
2026-02-12 15:01:45,180 - INFO - Downloading PDF (via browser): https://www.technology1.com/__data/assets/pdf_file/0012/212520/TechnologyOne-2022-Full-Year-Results-Announcement.pdf
2026-02-12 15:01:47,148 - INFO - Downloading PDF (via browser): https://www.technology1.com/__data/assets/pdf_file/0006/281985/CourseLoop-Cyber-Essentials-Certificate-2025.pdf
2026-02-12 15:02:17,789 - INFO - Downloading PDF (via browser): https://www.technology1.com/__data/assets/pdf_file/0004/215455/2022-Annual-General-Meeting-Notice-of-Meeting-TechnologyOne.pdf
2026-02-12 15:02:20,241 - INFO - Downloading PDF (via browser): https://www.technology1.com/__data/assets/pdf_file/0004/119488/2018-Half-Year-Presentation.pdf
2026-02-12 15:02:51,742 - INFO - Downloading PDF (via browser): https://www.technology1.com/__data/assets/pdf_file/0018/130392/Technology_One_Limited_Constitution.pdf
2026-02-12 15:03:01,131 - INFO - Downloading PDF (via browser): https://www.technology1.com/__data/assets/pdf_file/0016/119500/2016-Roadshow-Half-Year-Presentation_FINAL.pdf
2026-02-12 15:03:01,654 - INFO - Downloading PDF (via browser): https://www.technology1.com/__data/assets/pdf_file/0020/119504/TechnologyOne_2016_AGM_Presentation.pdf
2026-02-12 15:03:32,220 - INFO - Downloading PDF (via browser): https://www.technology1.com/__data/assets/pdf_file/0017/181304/FY21-Annual-Report.pdf
2026-02-12 15:03:32,618 - INFO - Downloading PDF (via browser): https://www.technology1.com/__data/assets/pdf_file/0018/251172/2.-TNE-H1-FY24-App4D-Half-Year-Financial-Report.pdf
2026-02-12 15:04:03,671 - INFO - Downloading PDF (via browser): https://www.technology1.com/__data/assets/pdf_file/0004/119497/TechnologyOne_2017_Notice_Of_Meeting_Annual_General_Meeting.pdf
2026-02-12 15:04:04,304 - INFO - Downloading PDF (via browser): https://www.technology1.com/__data/assets/pdf_file/0011/295229/TechnologyOne_AI-Policy.pdf
2026-02-12 15:04:35,251 - INFO - Downloading PDF (via browser): https://www.technology1.com/__data/assets/pdf_file/0016/181303/FY21-Notice-of-Meeting.pdf
2026-02-12 15:04:36,858 - INFO - Downloading PDF (via browser): https://www.technology1.com/__data/assets/pdf_file/0017/143216/TNE-Bribery-and-Corruption-Policy-2025-001.pdf
2026-02-12 15:04:37,808 - INFO - Downloading PDF (via browser): https://www.technology1.com/__data/assets/pdf_file/0016/143224/FY20-Annual-Report.pdf
2026-02-12 15:05:09,438 - INFO - Downloading PDF (via browser): https://www.technology1.com/__data/assets/pdf_file/0018/143532/FY20-Annual-General-Meeting-Notice-of-Meeting.pdf
2026-02-12 15:05:10,771 - INFO - Downloading PDF (via browser): https://www.technology1.com/__data/assets/pdf_file/0007/242674/TNE-FY23-AGM-Virtual-Meeting-Guide.pdf
2026-02-12 15:05:11,498 - INFO - Downloading PDF (via browser): https://www.technology1.com/__data/assets/pdf_file/0006/119490/2018-TNE-IFRS-Presentation.pdf
2026-02-12 15:05:42,093 - INFO - Downloading PDF (via browser): https://www.technology1.com/__data/assets/pdf_file/0003/119505/TechnologyOne_2016_AnnualReport.pdf
2026-02-12 15:05:42,607 - INFO - Downloading PDF (via browser): https://www.technology1.com/__data/assets/pdf_file/0010/269695/TNE-NoM-and-Proxy-Form-FY24.pdf
2026-02-12 15:05:43,306 - INFO - Waiting for all downloads to complete...
2026-02-12 15:07:43,478 - WARNING - Some downloads did not complete in time
2026-02-12 15:07:43,479 - INFO - 
[Phase 3] Writing manifest...
2026-02-12 15:07:43,485 - INFO - Manifest written to: pdfs\manifest.json
